dep_codigo,departamento,zona,ciudad,poblacion_2022,hombres,mujeres,pea,edad_mediana,lat,lon,dist_asu_km,dist_cde_km,dist_enc_km,dist_puerto_central_km,distrito_codigo,fincas,superficie_ha,en_can,superficie_media_ha,fincas_por_1000_hab
0,CAPITAL,CENTRO,ASUNCION,462241,221222,241019,255184,33,-25.28,-57.6344,0,350,375,20,,,,False,,
1,CONCEPCION,NORTE Y CHACO,ARROYITO,8292,4257,4035,4414,28,-23.173694,-56.77494,249,340,471,317,0112,1876.0,71524.48599999984,True,38.12605863539437,226.24216111915098
1,CONCEPCION,NORTE Y CHACO,AZOTEY,6731,3266,3465,3617,22,-23.46,-56.784,295,420,525,285,0108,643.0,68136.99999999999,True,105.96734059097976,95.52815332045759
1,CONCEPCION,NORTE Y CHACO,BELEN,10605,5344,5261,5676,28,-23.469899,-57.263577,350,475,580,340,0102,1642.0,19996.168000000005,True,12.177934226552987,154.83262611975482
1,CONCEPCION,NORTE Y CHACO,CONCEPCION,73360,36109,37251,40185,27,-23.4025,-57.4414,370,495,600,365,0101,1469.0,38210.25900000003,True,26.011068073519418,20.02453653217012
1,CONCEPCION,NORTE Y CHACO,HORQUETA,39548,19560,19988,21281,28,-23.3442,-57.0436,330,455,560,320,0103,5202.0,116073.84899999984,True,22.31331199538636,131.53636087792052
1,CONCEPCION,NORTE Y CHACO,ITACUA,2377,1272,1105,1276,25,-22.484997,-57.839992,311,469,574,433,,,,False,,
1,CONCEPCION,NORTE Y CHACO,JOSE FELIX LOPEZ,6153,3159,2994,3329,24,-22.331,-57.291,470,595,700,465,0109,544.0,117353.50000000001,True,215.72334558823533,88.41215667154233
1,CONCEPCION,NORTE Y CHACO,LORETO,13580,6772,6808,7303,29,-23.274568,-57.323836,365,490,590,355,0104,1944.0,57491.4500000001,True,29.573791152263425,143.1516936671576
1,CONCEPCION,NORTE Y CHACO,PASO BARRETO,3988,1894,2094,2151,25,-23.048443,-57.121894,370,495,600,360,0111,300.0,230392.4999999999,True,767.9749999999997,75.22567703109328
1,CONCEPCION,NORTE Y CHACO,PASO HORQUETA,7646,3728,3918,4068,27,-23.075683,-57.385159,246,390,497,366,0113,1003.0,75006.95000000007,True,74.7826021934198,131.1797018048653
1,CONCEPCION,NORTE Y CHACO,SAN ALFREDO,2385,1188,1197,1294,29,-22.883,-57.4,400,525,630,395,0110,332.0,329443.78599999996,True,992.3005602409637,139.20335429769392
1,CONCEPCION,NORTE Y CHACO,SAN CARLOS,856,452,404,468,28,-23.411634,-57.234018,345,470,575,340,0105,61.0,89832.99999999999,True,1472.6721311475408,71.26168224299066
1,CONCEPCION,NORTE Y CHACO,SAN LAZARO,11192,5768,5424,6143,26,-22.103,-57.953,535,660,765,530,0106,150.0,82023.7,True,546.8246666666666,13.402430307362401
1,CONCEPCION,NORTE Y CHACO,YBY YAU,19468,9524,9944,10495,26,-22.9631,-56.5358,350,460,565,340,0107,1504.0,225838.25000000003,True,150.15841090425533,77.25498253544278
2,SAN PEDRO,NORTE Y CHACO,25 DE DICIEMBRE,8703,4466,4237,4631,32,-24.813184,-56.726745,110,295,370,105,0212,2005.0,97421.30999999988,True,48.58918204488772,230.38032862231415
2,SAN PEDRO,NORTE Y CHACO,ANTEQUERA,4250,2156,2094,2325,25,-24.085699,-57.200255,225,410,480,215,0202,121.0,29538.499999999996,True,244.11983471074376,28.470588235294116
2,SAN PEDRO,NORTE Y CHACO,CAPIIBARY,30570,15694,14876,16355,27,-24.726096,-56.016216,200,240,360,190,0217,5703.0,76980.56499999989,True,13.49825793442046,186.55544651619235
2,SAN PEDRO,NORTE Y CHACO,CHORE,23548,11957,11591,12546,28,-24.185857,-56.583298,205,365,445,195,0203,5486.0,67407.6610000002,True,12.28721491068177,232.97095294717172
2,SAN PEDRO,NORTE Y CHACO,GENERAL ELIZARDO AQUINO,16971,8757,8214,9063,34,-24.446504,-56.899406,165,350,425,160,0204,4430.0,56834.66499999991,True,12.829495485327294,261.0335277826881
2,SAN PEDRO,NORTE Y CHACO,GRAL. ISIDORO RESQUIN,10019,5062,4957,5363,26,-24.062548,-56.45056,225,365,445,215,0214,1413.0,70350.10500000007,True,49.787760084925736,141.03203912566124
2,SAN PEDRO,NORTE Y CHACO,GUAYAIBI,28214,14360,13854,15003,28,-24.527677,-56.406702,165,300,380,155,0216,6120.0,116989.81600000002,True,19.115983006535952,216.9135889983696
2,SAN PEDRO,NORTE Y CHACO,ITACURUBI DEL ROSARIO,10507,5356,5151,5663,33,-24.535365,-56.823751,150,335,410,145,0205,1804.0,78877.32999999997,True,43.72357538802659,171.69506043589988
2,SAN PEDRO,NORTE Y CHACO,LIBERACION,19100,9697,9403,10171,27,-24.192121,-56.434963,210,345,425,200,0220,4212.0,43257.78499999997,True,10.270129392212718,220.5235602094241
2,SAN PEDRO,NORTE Y CHACO,LIMA,10303,5276,5027,5512,28,-23.880743,-56.482443,245,370,465,235,0206,1662.0,51686.51999999996,True,31.098989169675068,161.31223915364458
2,SAN PEDRO,NORTE Y CHACO,NUEVA GERMANIA,5690,2974,2716,3039,25,-23.912114,-56.701067,235,390,480,230,0207,967.0,61821.31999999994,True,63.93104446742497,169.94727592267137
2,SAN PEDRO,NORTE Y CHACO,SAN ESTANISLAO,46405,23193,23212,25039,29,-24.65,-56.4333,150,285,365,140,0208,5476.0,140542.3299999997,True,25.665144265887452,118.00452537442087
2,SAN PEDRO,NORTE Y CHACO,SAN JOSE DEL ROSARIO,4119,2129,1990,2209,31,-24.265314,-56.92691,133,271,357,183,0222,0.0,0.0,True,,0.0
2,SAN PEDRO,NORTE Y CHACO,SAN PABLO,3415,1803,1612,1831,30,-24.104286,-56.864873,210,395,470,205,0209,677.0,26432.300000000014,True,39.04327917282129,198.24304538799413
2,SAN PEDRO,NORTE Y CHACO,SAN PEDRO,32267,16504,15763,17348,30,-24.143431,-56.643431,205,375,450,195,0201,4079.0,277117.356999999,True,67.93757219906816,126.41398332661852
2,SAN PEDRO,NORTE Y CHACO,SAN VICENTE PANCHOLO,11571,5993,5578,6158,25,-24.05,-56.05,210,218,365,222,0221,2342.0,36757.40199999996,True,15.694877028181024,202.40255811943652
2,SAN PEDRO,NORTE Y CHACO,SANTA ROSA DEL AGUARAY,39643,19934,19709,21176,24,-23.801,-56.489,250,360,465,240,0218,3698.0,105733.09100000023,True,28.5919661979449,93.28254672956133
2,SAN PEDRO,NORTE Y CHACO,TACUATI,13847,7009,6838,7380,23,-23.457264,-56.73845,300,415,520,290,0210,2204.0,267950.69199999986,True,121.57472413793097,159.16805084133748
2,SAN PEDRO,NORTE Y CHACO,UNION,5032,2620,2412,2707,32,-24.807637,-56.519078,135,270,350,130,0211,1087.0,45884.86799999998,True,42.212390064397404,216.0174880763116
2,SAN PEDRO,NORTE Y CHACO,VILLA DEL ROSARIO,8617,4348,4269,4692,29,-24.429405,-57.125535,190,375,450,180,0213,1443.0,118425.14499999997,True,82.06870755370754,167.4596727399327
2,SAN PEDRO,NORTE Y CHACO,YATAITY DEL NORTE,10113,5133,4980,5395,32,-24.845931,-56.356045,155,260,340,145,0215,1802.0,27975.04999999998,True,15.524445061043275,178.18649263324434
2,SAN PEDRO,NORTE Y CHACO,YRYBUCUA,12271,6344,5927,6522,25,-24.479991,-56.085646,195,270,395,190,0219,2578.0,47175.27000000001,True,18.29917377812258,210.08882731643712
3,CORDILLERA,CENTRO,ALTOS,14641,7470,7171,7902,29,-25.261732,-57.24929,50,315,340,45,0302,858.0,8909.495999999992,True,10.384027972027962,58.602554470323064
3,CORDILLERA,CENTRO,ARROYOS Y ESTEROS,20347,10435,9912,10832,30,-25.054156,-57.097081,65,310,350,55,0303,2131.0,52587.69940000001,True,24.677475082121077,104.73288445471077
3,CORDILLERA,CENTRO,ATYRA,15988,8110,7878,8573,30,-25.279636,-57.170783,55,305,335,55,0304,817.0,10667.320000000005,True,13.056695226438196,51.10082561921441
3,CORDILLERA,CENTRO,CAACUPE,50409,25023,25386,27382,30,-25.3861,-57.1408,55,295,320,55,0301,1879.0,9459.81399999999,True,5.034493879723251,37.27508976571644
3,CORDILLERA,CENTRO,CARAGUATAY,10143,5162,4981,5421,35,-25.239507,-56.825291,100,270,310,95,0305,1634.0,47451.540999999925,True,29.040110771113785,161.09632258700583
3,CORDILLERA,CENTRO,EMBOSCADA,21182,11985,9197,11378,28,-25.125063,-57.349522,35,340,365,30,0306,444.0,15708.690000000006,True,35.37993243243245,20.961193466150505
3,CORDILLERA,CENTRO,EUSEBIO AYALA,19334,9703,9631,10410,31,-25.382624,-56.962269,75,275,300,75,0307,1552.0,22413.097999999984,True,14.44142912371133,80.2730940312403
3,CORDILLERA,CENTRO,ISLA PUCU,5304,2689,2615,2853,36,-25.308419,-56.899436,85,275,305,85,0308,589.0,8862.182999999992,True,15.046151103565352,111.04826546003017
3,CORDILLERA,CENTRO,ITACURUBI DE LA CORDILLERA,8961,4401,4560,4847,33,-25.463176,-56.847988,90,260,285,90,0309,774.0,13509.35400000002,True,17.453945736434132,86.3742885838634
3,CORDILLERA,CENTRO,JUAN DE MENA,6341,3163,3178,3380,28,-24.954092,-56.762792,105,305,350,100,0310,1133.0,86567.43699999992,True,76.40550485436886,178.67844188613785
3,CORDILLERA,CENTRO,LOMA GRANDE,3836,1947,1889,2063,30,-25.176402,-57.232579,50,320,350,45,0311,303.0,6755.850000000002,True,22.296534653465354,78.98852971845673
3,CORDILLERA,CENTRO,MBOCAYATY DEL YHAGUY,3316,1714,1602,1773,36,-25.341812,-56.726321,100,250,295,105,0312,557.0,21454.539999999994,True,38.518025134649896,167.97346200241253
3,CORDILLERA,CENTRO,NUEVA COLOMBIA,4602,2392,2210,2465,31,-25.281873,-57.193255,55,310,335,50,0313,540.0,5119.869999999996,True,9.481240740740734,117.34028683181225
3,CORDILLERA,CENTRO,PIRIBEBUY,25758,12971,12787,13879,32,-25.464414,-57.042226,70,285,310,70,0314,2201.0,20629.11600000006,True,9.372610631531149,85.4491808370215
3,CORDILLERA,CENTRO,PRIMERO DE MARZO,4997,2634,2363,2665,35,-25.153025,-56.928031,90,285,330,80,0315,880.0,7352.512000000008,True,8.355127272727282,176.1056633980388
3,CORDILLERA,CENTRO,SAN BERNARDINO,12216,6215,6001,6640,32,-25.30878,-57.295832,40,320,345,40,0316,425.0,5667.027999999998,True,13.334183529411762,34.79043876882777
3,CORDILLERA,CENTRO,SAN JOSE OBRERO,2974,1549,1425,1588,38,-25.177175,-56.914254,90,285,325,85,0320,360.0,20749.55,True,57.63763888888889,121.049092131809
3,CORDILLERA,CENTRO,SANTA ELENA,4346,2186,2160,2331,34,-25.414457,-56.797215,95,260,290,95,0317,738.0,11125.903000000006,True,15.075749322493232,169.81132075471697
3,CORDILLERA,CENTRO,TOBATI,27435,14303,13132,14852,28,-25.260234,-57.082411,65,295,325,65,0318,523.0,20672.199999999986,True,39.52619502868066,19.063240386367777
3,CORDILLERA,CENTRO,VALENZUELA,5907,3066,2841,3155,34,-25.295865,-57.021108,75,290,315,70,0319,856.0,18738.235999999997,True,21.890462616822425,144.91281530387676
4,GUAIRA,ESTE,BORJA,7758,4031,3727,4116,32,-25.950722,-56.496161,175,250,195,180,0402,967.0,34856.09500000003,True,36.0455997931748,124.64552719773137
4,GUAIRA,ESTE,COLONIA INDEPENDENCIA,19235,9970,9265,10256,31,-25.717879,-56.220112,165,255,225,170,0407,2388.0,36638.431,True,15.342726549413735,124.14868728879647
4,GUAIRA,ESTE,CORONEL MARTINEZ,4505,2305,2200,2438,32,-25.75922,-56.619214,155,265,230,155,0404,560.0,8073.410000000003,True,14.416803571428575,124.30632630410655
4,GUAIRA,ESTE,CPTAN. MAURICIO JOSE TROCHE,9590,5012,4578,5158,30,-25.759262,-56.374566,180,250,220,180,0403,1582.0,16337.846000000016,True,10.32733628318585,164.96350364963504
4,GUAIRA,ESTE,DR. BOTTRELL,1321,674,647,706,33,-25.842843,-56.435295,180,250,210,185,0416,147.0,6273.050000000001,True,42.67380952380953,111.27933383800152
4,GUAIRA,ESTE,FELIX PEREZ CARDOZO,4805,2486,2319,2563,33,-25.744611,-56.519094,165,255,230,170,0405,657.0,7836.450000000008,True,11.927625570776268,136.73257023933402
4,GUAIRA,ESTE,GENERAL EUGENIO A. GARAY,6752,3467,3285,3603,33,-25.967898,-56.186909,215,215,200,215,0406,1628.0,22036.54999999997,True,13.535964373464354,241.11374407582937
4,GUAIRA,ESTE,ITAPE,6070,3095,2975,3257,33,-25.851989,-56.61379,155,270,215,160,0408,1127.0,14355.538000000002,True,12.737833185448094,185.667215815486
4,GUAIRA,ESTE,ITURBE,7166,3545,3621,3882,33,-26.058395,-56.487427,190,250,185,195,0409,718.0,22120.02999999998,True,30.807841225626714,100.19536701088474
4,GUAIRA,ESTE,JOSE FASSARDI,5139,2665,2474,2735,30,-25.69614,-56.421362,170,250,230,170,0410,1003.0,11562.975,True,11.528389830508475,195.17415839657522
4,GUAIRA,ESTE,MBOCAYATY,8003,4035,3968,4318,31,-25.714827,-56.40803,170,250,225,175,0411,613.0,16520.13600000001,True,26.949650897226768,76.59627639635137
4,GUAIRA,ESTE,NATALICIO TALAVERA,3843,1938,1905,2078,32,-25.654736,-56.308391,165,235,235,170,0412,354.0,4565.569999999998,True,12.89709039548022,92.11553473848556
4,GUAIRA,ESTE,NUMI,2864,1432,1432,1543,35,-25.951507,-56.328454,195,230,195,200,0413,200.0,6471.035999999999,True,32.35518,69.83240223463687
4,GUAIRA,ESTE,PASO YOBAI,20562,10542,10020,10942,27,-25.713285,-56.001554,205,195,230,205,0417,3417.0,57736.65000000001,True,16.896883230904304,166.18033265246572
4,GUAIRA,ESTE,SAN SALVADOR,2565,1310,1255,1383,36,-25.943065,-56.471019,180,250,200,180,0414,491.0,11933.329999999996,True,24.30413441955193,191.42300194931775
4,GUAIRA,ESTE,TEBICUARY,2639,1330,1309,1448,33,-25.778949,-56.647234,150,270,225,155,0418,88.0,25782.225,True,292.97982954545455,33.34596438044714
4,GUAIRA,ESTE,VILLARRICA,62565,30366,32199,34141,31,-25.7495,-56.4352,170,250,220,175,0401,2728.0,27225.457000000068,True,9.98000623167158,43.60265324062974
4,GUAIRA,ESTE,YATAITY,4173,1994,2179,2257,34,-25.708687,-56.531082,165,250,235,170,0415,187.0,5330.890000000005,True,28.50743315508024,44.81188593338126
5,CAAGUAZU,ESTE,3 DE FEBRERO,7492,3834,3658,3998,32,-25.245753,-55.775274,220,145,300,225,0518,1533.0,18396.159999999978,True,12.000104370515315,204.61825947677522
5,CAAGUAZU,ESTE,CAAGUAZU,98200,49671,48529,53462,29,-25.466176,-56.018169,180,170,265,180,0502,6896.0,71720.51799999956,True,10.400307134570701,70.22403258655804
5,CAAGUAZU,ESTE,CARAYAO,10832,5576,5256,5789,31,-25.200308,-56.397201,145,245,290,150,0503,2205.0,71636.7099999998,True,32.48830385487519,203.5635155096012
5,CAAGUAZU,ESTE,CORONEL OVIEDO,98323,49119,49204,53584,30,-25.4481,-56.4411,135,215,255,140,0501,5913.0,64401.48999999986,True,10.891508540503951,60.13852303123379
5,CAAGUAZU,ESTE,DR. CECILIO BAEZ,4812,2403,2409,2594,30,-25.286274,-56.001604,200,165,285,205,0504,686.0,10258.115999999998,True,14.95352186588921,142.5602660016625
5,CAAGUAZU,ESTE,DR. J. EULOGIO ESTIGARRIBIA,38894,19895,18999,21036,24,-25.302764,-56.004339,200,160,285,200,0512,2083.0,133197.51399999997,True,63.94503792606815,53.55581837815601
5,CAAGUAZU,ESTE,DR. JUAN MANUEL FRUTOS,20451,10416,10035,10955,28,-25.385979,-55.833238,205,145,280,205,0506,2423.0,81607.54900000035,True,33.68037515476696,118.47831401887439
5,CAAGUAZU,ESTE,JOSE DOMINGO OCAMPOS,7459,3722,3737,3999,28,-25.412767,-55.428789,250,100,290,255,0515,847.0,14421.402999999978,True,17.026449822904343,113.5540957232873
5,CAAGUAZU,ESTE,LA PASTORA,3294,1703,1591,1752,35,-25.319129,-55.889412,205,155,285,205,0517,637.0,22419.749999999996,True,35.1958398744113,193.3819064966606
5,CAAGUAZU,ESTE,MCAL. FRANCISCO SOLANO LOPEZ,5338,2797,2541,2850,25,-25.240058,-55.07586,295,65,305,300,0516,422.0,55934.380000000114,True,132.5459241706164,79.0558261521169
5,CAAGUAZU,ESTE,NUEVA LONDRES,3594,1767,1827,1923,34,-25.404472,-56.549847,125,230,270,125,0508,611.0,24212.319999999992,True,39.62736497545007,170.00556483027268
5,CAAGUAZU,ESTE,NUEVA TOLEDO,4826,2483,2343,2586,23,-24.977,-55.66,240,165,335,240,0522,575.0,49268.90000000004,True,85.68504347826094,119.1462909241608
5,CAAGUAZU,ESTE,R. I. 3 CORRALES,6021,3079,2942,3200,30,-25.343289,-55.873293,205,155,285,205,0513,1581.0,27499.709999999995,True,17.393870967741933,262.58096661684107
5,CAAGUAZU,ESTE,RAUL ARSENIO OVIEDO,12543,6489,6054,6688,26,-25.194153,-55.604262,240,135,320,245,0514,1678.0,39277.9000000001,True,23.407568533969073,133.77979749661165
5,CAAGUAZU,ESTE,REPATRIACION,24459,12490,11969,13011,28,-25.536591,-55.993136,190,175,255,190,0507,4137.0,63493.860000000066,True,15.34780275562003,169.14019379369557
5,CAAGUAZU,ESTE,SAN JOAQUIN,11949,6254,5695,6379,28,-25.029052,-56.044219,190,200,320,195,0509,2365.0,52633.55699999998,True,22.25520380549682,197.92451251150723
5,CAAGUAZU,ESTE,SAN JOSE DE LOS ARROYOS,13926,6912,7014,7502,33,-25.532282,-56.731781,105,245,270,105,0510,2126.0,47186.62899999999,True,22.195027751646283,152.66408157403418
5,CAAGUAZU,ESTE,SIMON BOLIVAR,4740,2406,2334,2533,30,-25.053334,-56.327013,165,230,310,170,0519,964.0,38297.000000000015,True,39.72717842323653,203.37552742616035
5,CAAGUAZU,ESTE,STA. ROSA DEL MBUTUY,8467,4257,4210,4511,30,-25.29066,-55.973975,200,165,285,205,0505,1119.0,30261.23999999994,True,27.04310991957099,132.1601511751506
5,CAAGUAZU,ESTE,TEMBIAPORA,12877,6622,6255,6839,23,-25.324419,-55.37942,255,100,290,260,0521,1834.0,29798.483000000015,True,16.24780970556162,142.42447775102897
5,CAAGUAZU,ESTE,VAQUERIA,10498,5295,5203,5643,26,-25.001694,-55.8225,220,180,325,220,0520,2255.0,130332.93999999954,True,57.79731263858073,214.8028195846828
5,CAAGUAZU,ESTE,YHU,22524,11541,10983,11982,26,-25.05,-55.9167,210,195,310,210,0511,4145.0,120958.59999999976,True,29.18180940892636,184.0259278991298
6,CAAZAPA,SUR,3 DE MAYO,12923,6633,6290,6859,28,-26.216837,-55.995326,255,185,170,260,0611,2422.0,66140.18200000009,True,27.308085053674684,187.41778224870387
6,CAAZAPA,SUR,ABAI,21964,11331,10633,11694,26,-26.03,-55.94,245,185,195,245,0602,2649.0,188211.33099999966,True,71.04995507738757,120.60644691313058
6,CAAZAPA,SUR,BUENA VISTA,4296,2237,2059,2313,32,-26.183949,-56.082775,245,195,165,245,0603,603.0,11500.695,True,19.072462686567164,140.3631284916201
6,CAAZAPA,SUR,CAAZAPA,23654,11812,11842,12688,31,-26.1833,-56.3667,210,230,165,215,0601,3113.0,73395.92000000001,True,23.57723096691295,131.60564809334574
6,CAAZAPA,SUR,DR. MOISES BERTONI,3815,1934,1881,2034,29,-26.356039,-56.484798,220,250,155,210,0604,544.0,63944.76499999998,True,117.54552389705879,142.59501965923985
6,CAAZAPA,SUR,GRAL. HIGINIO MORINIGO,4728,2444,2284,2531,32,-26.027269,-56.084596,225,200,190,230,0605,1045.0,27573.210000000025,True,26.385846889952177,221.02368866328257
6,CAAZAPA,SUR,MACIEL,3461,1891,1570,1846,34,-26.182515,-56.472661,210,245,175,210,0606,791.0,39888.84999999998,True,50.428381795195925,228.54666281421555
6,CAAZAPA,SUR,SAN JUAN NEPOMUCENO,28233,14319,13914,15184,28,-26.1,-55.9333,250,180,185,250,0607,3234.0,81268.79999999978,True,25.129499072356147,114.5468069280629
6,CAAZAPA,SUR,TAVAI,16409,8571,7838,8726,25,-26.178088,-55.497643,295,130,225,300,0608,2425.0,93760.9900000003,True,38.664325773196,147.78475227009568
6,CAAZAPA,SUR,YEGROS,5072,2582,2490,2713,36,-26.455535,-56.403771,240,240,140,225,0609,1109.0,91725.29999999997,True,82.70991884580701,218.65141955835963
6,CAAZAPA,SUR,YUTY,14924,7403,7521,8026,31,-26.614119,-56.247512,265,245,110,255,0610,2146.0,108008.15000000018,True,50.32998602050335,143.79522916108283
7,ITAPUA,SUR,ALTO VERA,11503,6115,5388,6114,25,-26.980248,-55.862017,335,235,55,330,0725,1975.0,45380.52,True,22.977478481012657,171.69434060679822
7,ITAPUA,SUR,BELLA VISTA,10447,5324,5123,6535,29,-27.042204,-55.577069,283,194,43,353,0702,903.0,25187.620000000028,True,27.89326688815064,86.43629750167513
7,ITAPUA,SUR,CAMBYRETA,47717,24617,23100,26145,28,-27.359055,-55.761367,385,265,15,380,0703,949.0,10785.555,True,11.36517913593256,19.888090198461764
7,ITAPUA,SUR,CAPITAN MEZA,9253,4837,4416,4938,29,-26.830344,-55.338698,400,200,90,390,0704,1128.0,48913.634,True,43.36315070921986,121.90640873230303
7,ITAPUA,SUR,CAPITAN MIRANDA,9528,4854,4674,5122,31,-26.897206,-55.74533,350,220,50,340,0705,758.0,30248.08000000002,True,39.90511873350926,79.55499580184718
7,ITAPUA,SUR,CARLOS ANTONIO LOPEZ,13792,7262,6530,7337,27,-26.3985,-54.756824,400,115,175,400,0709,1851.0,106723.32499999995,True,57.65711777417609,134.20823665893272
7,ITAPUA,SUR,CARMEN DEL PARANA,6417,3210,3207,3499,31,-27.220906,-56.147927,340,280,30,335,0707,399.0,103076.22999999997,True,258.3364160401002,62.178588125292194
7,ITAPUA,SUR,CORONEL BOGADO,17192,8561,8631,9323,31,-27.16053,-56.241407,330,280,45,320,0708,830.0,29755.61400000003,True,35.85013734939763,48.27826896230805
7,ITAPUA,SUR,EDELIRA,17362,8998,8364,9235,30,-26.767587,-55.278096,405,190,100,400,0723,2130.0,58872.665999999976,True,27.639749295774635,122.68171869600276
7,ITAPUA,SUR,ENCARNACION,106842,52543,54299,58477,29,-27.3333,-55.8667,375,270,0,365,0701,495.0,18180.180000000004,True,36.72763636363637,4.633009490649744
7,ITAPUA,SUR,FRAM,8357,4316,4041,4537,30,-26.857076,-55.780248,350,225,60,340,0711,552.0,94514.996,True,171.22281884057972,66.0524111523274
7,ITAPUA,SUR,GENERAL ARTIGAS,8623,4396,4227,4663,35,-26.932782,-56.224503,305,275,75,295,0712,1238.0,114159.41499999988,True,92.2127746365104,143.56952336773745
7,ITAPUA,SUR,GENERAL DELGADO,5695,2879,2816,3047,34,-27.00664,-55.825218,340,235,50,335,0713,894.0,40677.44999999997,True,45.50050335570466,156.9798068481124
7,ITAPUA,SUR,HOHENAU,12809,6352,6457,7013,30,-27.071288,-55.639978,360,225,45,355,0714,381.0,16650.86000000001,True,43.703044619422606,29.744710750253727
7,ITAPUA,SUR,ITAPUA POTY,9273,4719,4554,4930,28,-26.630951,-55.520218,390,215,95,380,0730,1443.0,46802.55100000005,True,32.43420027720031,155.61307020381753
7,ITAPUA,SUR,JESUS,5197,2624,2573,2826,30,-26.947068,-55.883949,330,235,60,325,0715,203.0,20387.61999999999,True,100.43162561576351,39.060996728882046
7,ITAPUA,SUR,LA PAZ,2669,1418,1251,1439,30,-26.974811,-55.744274,350,225,50,340,0726,189.0,20866.700000000015,True,110.40582010582018,70.81303859123267
7,ITAPUA,SUR,LEANDRO OVIEDO,2417,1235,1182,1289,36,-27.013836,-55.756942,350,230,45,340,0716,474.0,9519.999999999996,True,20.084388185654,196.11088125775754
7,ITAPUA,SUR,MAYOR OTANO,10101,5243,4858,5453,26,-26.876526,-55.744633,350,220,55,340,0718,1035.0,24242.87000000001,True,23.423062801932378,102.46510246510246
7,ITAPUA,SUR,NATALIO,14865,7536,7329,7953,30,-26.928795,-55.858261,335,235,65,325,0710,1988.0,33139.80300000008,True,16.66992102615698,133.73696602758156
7,ITAPUA,SUR,NUEVA ALBORADA,4896,2569,2327,2599,32,-27.02039,-55.764135,350,230,45,340,0706,530.0,10891.124999999993,True,20.549292452830176,108.2516339869281
7,ITAPUA,SUR,OBLIGADO,13606,6884,6722,7409,29,-27.055307,-55.629346,365,220,45,355,0717,974.0,42434.85299999995,True,43.56761088295683,71.58606497133617
7,ITAPUA,SUR,PIRAPO,6075,3172,2903,3277,28,-26.857509,-55.543838,375,195,75,365,0729,663.0,79860.27700000002,True,120.45290648567122,109.1358024691358
7,ITAPUA,SUR,SAN COSME Y DAMIAN,7397,3841,3556,3974,29,-26.985793,-55.880392,335,240,60,325,0719,673.0,55513.099999999926,True,82.48603268945011,90.98283087738272
7,ITAPUA,SUR,SAN JUAN DEL PARANA,9083,4574,4509,4868,28,-27.302892,-55.96387,365,275,10,360,0728,95.0,3204.345,True,33.72994736842105,10.459099416492348
7,ITAPUA,SUR,SAN PEDRO DEL PARANA,22318,11372,10946,11933,32,-26.833795,-56.209144,290,270,85,280,0720,3839.0,95405.73999999974,True,24.851716592862658,172.01362129223048
7,ITAPUA,SUR,SAN RAFAEL DEL PARANA,14166,7294,6872,7535,27,-26.992663,-55.876967,335,240,55,325,0721,2424.0,116807.22999999998,True,48.1878011551155,171.1139347734011
7,ITAPUA,SUR,TOMAS ROMERO PEREIRA,25419,12879,12540,13698,28,-26.95,-55.706,355,220,55,350,0724,2162.0,63024.23099999997,True,29.150893154486575,85.0544868012117
7,ITAPUA,SUR,TRINIDAD,7972,4055,3917,4282,28,-27.129908,-55.704552,360,235,35,350,0722,267.0,14146.15,True,52.98183520599251,33.492222779729055
7,ITAPUA,SUR,YATYTAY,8651,4378,4273,4654,31,-26.672829,-55.087691,430,165,125,420,0727,1104.0,20753.281000000035,True,18.798261775362352,127.61530458906485
8,MISIONES,SUR,AYOLAS,17337,8668,8669,9489,29,-27.389874,-56.844718,295,355,115,285,0802,397.0,40584.58,True,102.22816120906802,22.899002134163926
8,MISIONES,SUR,SAN IGNACIO,29430,14445,14985,16023,30,-26.8867,-57.0283,225,365,180,215,0803,1214.0,126493.69499999996,True,104.19579489291596,41.25042473666327
8,MISIONES,SUR,SAN JUAN BAUTISTA,20979,10913,10066,11381,31,-26.6333,-57.1667,195,345,215,185,0801,650.0,209455.79000000007,True,322.239676923077,30.98336431669765
8,MISIONES,SUR,SAN MIGUEL,5116,2567,2549,2746,33,-26.534599,-57.039199,180,330,220,170,0804,335.0,53336.89000000001,True,159.2145970149254,65.48084440969508
8,MISIONES,SUR,SAN PATRICIO,3193,1603,1590,1732,32,-26.976687,-56.82731,245,340,155,235,0805,169.0,11625.299999999996,True,68.78875739644968,52.92828061384278
8,MISIONES,SUR,SANTA MARIA,7481,3780,3701,4037,31,-26.781823,-56.943265,215,365,185,205,0806,883.0,33253.07,True,37.65919592298981,118.03234861649513
8,MISIONES,SUR,SANTA ROSA,16403,8145,8258,8872,32,-26.886404,-56.849267,235,350,165,225,0807,2178.0,65595.74500000005,True,30.11742194674015,132.7805889166616
8,MISIONES,SUR,SANTIAGO,5995,2977,3018,3249,33,-27.140218,-56.763424,265,345,140,255,0808,475.0,70793.92899999999,True,149.03985052631577,79.23269391159299
8,MISIONES,SUR,VILLA FLORIDA,3066,1568,1498,1689,31,-26.408432,-57.12521,165,325,235,155,0809,40.0,19150.236,True,478.7559,13.04631441617743
8,MISIONES,SUR,YABEBYRY,2142,1090,1052,1156,35,-26.819828,-56.878518,225,360,175,215,0810,150.0,44108.999999999985,True,294.0599999999999,70.0280112044818
9,PARAGUARI,CENTRO,ACAHAY,12646,6503,6143,6763,33,-25.91399,-57.114207,110,315,265,100,0902,1917.0,25951.045999999973,True,13.537321857068322,151.58943539459116
9,PARAGUARI,CENTRO,CAAPUCU,6045,3098,2947,3260,34,-26.233616,-57.182065,145,325,240,130,0903,673.0,219997.58000000002,True,326.8909063893017,111.33167907361455
9,PARAGUARI,CENTRO,CARAPEGUA,29351,14676,14675,15789,35,-25.767636,-57.242533,90,320,290,75,0905,2421.0,34083.855999999985,True,14.078420487401894,82.48441279683827
9,PARAGUARI,CENTRO,ESCOBAR,4747,2405,2342,2525,33,-25.810968,-57.189329,95,315,285,85,0906,804.0,16937.97000000001,True,21.067126865671653,169.3701285022119
9,PARAGUARI,CENTRO,GRAL.BERNARDINO CABALLERO,4795,2485,2310,2563,37,-25.779489,-57.040432,110,295,280,100,0904,682.0,21064.45000000004,True,30.886290322580706,142.23149113660062
9,PARAGUARI,CENTRO,LA COLMENA,5254,2639,2615,2860,34,-25.88563,-56.840429,150,295,240,145,0907,556.0,9491.809999999992,True,17.071600719424445,105.82413399314808
9,PARAGUARI,CENTRO,MARIA ANTONIA,2968,1491,1477,1589,33,,,147,250,143,161,0918,290.0,28983.39,True,99.94272413793104,97.7088948787062
9,PARAGUARI,CENTRO,MBUYAPEY,6838,3484,3354,3672,31,-26.220566,-56.75725,185,275,190,175,0908,853.0,51264.79000000004,True,60.09940211019934,124.74407721556011
9,PARAGUARI,CENTRO,PARAGUARI,20678,9972,10706,11243,32,-25.6333,-57.15,70,305,305,60,0901,757.0,31336.224000000006,True,41.39527608982828,36.608956378760034
9,PARAGUARI,CENTRO,PIRAYU,17419,8786,8633,9346,30,-25.483534,-57.23723,50,310,330,45,0909,712.0,10963.271999999994,True,15.39785393258426,40.874906711062636
9,PARAGUARI,CENTRO,QUIINDY,14488,7267,7221,7802,35,-25.975782,-57.232431,110,330,270,100,0910,1511.0,51654.204999999965,True,34.18544341495696,104.29320817228052
9,PARAGUARI,CENTRO,QUYQUYHO,4589,2310,2279,2450,38,-26.231658,-56.988869,155,305,220,145,0911,890.0,53501.85600000002,True,60.114444943820246,193.9420353018087
9,PARAGUARI,CENTRO,SAN ROQUE G. DE SANTA CRUZ,9637,4949,4688,5174,34,-25.84575,-57.170448,100,315,275,90,0912,1209.0,21831.32000000001,True,18.05733664185278,125.45397945418699
9,PARAGUARI,CENTRO,SAPUCAI,5218,2642,2576,2810,35,-25.664786,-56.952485,95,280,300,85,0913,419.0,12748.399999999998,True,30.42577565632458,80.29896512073591
9,PARAGUARI,CENTRO,TEBICUARYMI,3225,1696,1529,1720,33,-25.915112,-56.673949,160,275,220,160,0914,467.0,7791.834000000003,True,16.684869379014994,144.80620155038758
9,PARAGUARI,CENTRO,YAGUARON,29242,14585,14657,15717,30,-25.5621,-57.284,55,320,325,40,0915,1813.0,18160.780999999974,True,10.01697793712078,61.99986321045072
9,PARAGUARI,CENTRO,YBYCUI,17972,8910,9062,9668,33,-26.018695,-57.017821,130,320,250,115,0916,2067.0,54201.349999999955,True,26.22223028543781,115.01224126418875
9,PARAGUARI,CENTRO,YBYTIMI,5360,2827,2533,2866,35,-25.766,-56.78,135,280,240,135,0917,699.0,22632.419999999995,True,32.378283261802565,130.41044776119404
10,ALTO PARANA,ESTE,CIUDAD DEL ESTE,325819,162914,162905,179871,28,-25.5167,-54.6167,350,0,270,355,,,,False,,
10,ALTO PARANA,ESTE,DOMINGO MARTINEZ DE IRALA,5035,2579,2456,2684,27,-25.910496,-54.629089,370,50,240,375,1003,711.0,34760.279999999984,True,48.889282700421916,141.21151936444886
10,ALTO PARANA,ESTE,DR. JUAN LEON MALLORQUIN,16144,8162,7982,8752,28,-25.429345,-55.25254,270,80,270,270,1004,1054.0,22079.20799999999,True,20.948015180265646,65.28741328047572
10,ALTO PARANA,ESTE,DR.RAUL PENA,5617,2915,2702,2996,28,-25.342954,-54.746804,325,30,280,325,1022,444.0,23891.631000000027,True,53.80997972972979,79.04575396118925
10,ALTO PARANA,ESTE,HERNANDARIAS,83285,41317,41968,45758,28,-25.404179,-54.632039,340,15,280,345,1005,771.0,75307.77199999998,True,97.67545006485082,9.257369274179023
10,ALTO PARANA,ESTE,IRUNA,3943,2062,1881,2111,29,-26.111813,-55.056369,350,95,205,350,1019,340.0,46782.495000000024,True,137.59557352941184,86.22875982754248
10,ALTO PARANA,ESTE,ITAKYRY,27340,14122,13218,14566,23,-24.982772,-55.152042,300,90,340,300,1006,3188.0,155992.18599999987,True,48.93104956085316,116.60570592538406
10,ALTO PARANA,ESTE,JUAN E. O'LEARY,16092,8147,7945,8617,29,-25.338763,-54.809699,315,35,280,320,1007,1894.0,16256.27000000001,True,8.583035902851114,117.69823514789958
10,ALTO PARANA,ESTE,LOS CEDRALES,7258,3769,3489,3912,28,-25.658403,-54.720489,345,20,250,350,1010,726.0,33520.11000000001,True,46.17095041322315,100.027555800496
10,ALTO PARANA,ESTE,MBARACAYU,6406,3421,2985,3406,27,-25.028276,-54.824091,335,70,320,340,1017,444.0,64445.72000000002,True,145.14801801801806,69.31002185451139
10,ALTO PARANA,ESTE,MINGA GUAZU,81072,41051,40021,44453,27,-25.49,-54.76,335,15,260,335,1011,758.0,26099.79999999998,True,34.43245382585749,9.349713834616143
10,ALTO PARANA,ESTE,MINGA PORA,11959,6178,5781,6391,26,-24.876032,-54.935285,330,90,340,330,1016,1134.0,86926.95999999993,True,76.65516754850083,94.82398193828915
10,ALTO PARANA,ESTE,NACUNDAY,6468,3394,3074,3447,24,-25.979807,-54.683166,370,60,230,375,1008,706.0,81602.08999999997,True,115.58369688385264,109.15275200989487
10,ALTO PARANA,ESTE,NARANJAL,6608,3409,3199,3562,29,-25.973999,-55.190111,345,85,185,345,1014,710.0,78950.92999999996,True,111.19849295774642,107.4455205811138
10,ALTO PARANA,ESTE,PRESIDENTE FRANCO,88744,44232,44512,48950,28,-25.5333,-54.6167,350,2,265,355,1002,168.0,6932.839999999998,True,41.266904761904755,1.8930857297394754
10,ALTO PARANA,ESTE,SAN ALBERTO,11162,5621,5541,6072,29,-24.976543,-54.911634,330,80,325,330,1018,451.0,83897.87999999998,True,186.02634146341458,40.40494535029565
10,ALTO PARANA,ESTE,SAN CRISTOBAL,8563,4433,4130,4568,27,-25.442794,-54.747154,330,20,265,335,1012,587.0,113519.23199999997,True,193.38881090289604,68.5507415625365
10,ALTO PARANA,ESTE,SANTA FE DEL PARANA,3981,2084,1897,2148,28,-25.226971,-54.703289,335,40,295,340,1020,510.0,63033.75000000007,True,123.59558823529426,128.1085154483798
10,ALTO PARANA,ESTE,SANTA RITA,27249,13609,13640,14848,28,-25.800486,-55.093446,335,65,205,335,1013,403.0,88096.48,True,218.60168734491313,14.78953356086462
10,ALTO PARANA,ESTE,SANTA ROSA DEL MONDAY,5923,3049,2874,3204,30,-25.814391,-54.904975,335,50,225,340,1015,224.0,58685.35,True,261.98816964285714,37.81867296977883
10,ALTO PARANA,ESTE,TAVAPY,6903,3571,3332,3710,27,-25.663704,-54.995862,315,50,225,315,1021,695.0,38242.5,True,55.02517985611511,100.6808633927278
10,ALTO PARANA,ESTE,YGUAZU,8131,4187,3944,4392,29,-25.452426,-54.763291,330,20,265,335,1009,261.0,64165.799999999996,True,245.84597701149423,32.09937277087689
11,CENTRAL,CENTRO,AREGUA,70298,35254,35044,38809,28,-25.3,-57.4169,25,330,355,25,1101,322.0,945.0479999999998,True,2.934931677018633,4.580500156476713
11,CENTRAL,CENTRO,CAPIATA,236999,118320,118679,130837,29,-25.35,-57.42,25,325,350,25,1102,0.0,0.0,True,,0.0
11,CENTRAL,CENTRO,FERNANDO DE LA MORA,110255,52824,57431,60867,33,-25.32,-57.54,15,340,365,15,1103,0.0,0.0,True,,0.0
11,CENTRAL,CENTRO,GUARAMBARE,27695,13891,13804,15253,28,-25.490521,-57.455479,40,335,345,20,1104,154.0,2724.0349999999985,True,17.68853896103895,5.560570500090269
11,CENTRAL,CENTRO,ITA,69049,34768,34281,37261,29,-25.4833,-57.35,40,320,335,30,1105,714.0,4945.967500000003,True,6.927125350140061,10.340482845515503
11,CENTRAL,CENTRO,ITAUGUA,93213,46749,46464,50886,29,-25.3833,-57.3333,35,315,340,35,1106,335.0,1129.4139999999998,True,3.3713850746268648,3.5939193031014987
11,CENTRAL,CENTRO,J. AUGUSTO SALDIVAR,60162,30148,30014,33213,28,-25.45,-57.4,40,325,340,25,1119,381.0,187.95299999999986,True,0.4933149606299209,6.332901166849506
11,CENTRAL,CENTRO,LAMBARE,127150,61351,65799,70194,33,-25.33,-57.64,7,350,375,15,1107,0.0,0.0,True,,0.0
11,CENTRAL,CENTRO,LIMPIO,139652,70152,69500,77096,27,-25.1683,-57.4942,20,355,380,10,1108,0.0,0.0,True,,0.0
11,CENTRAL,CENTRO,LUQUE,259705,128314,131391,143372,29,-25.27,-57.4872,20,340,365,15,1109,0.0,0.0,True,,0.0
11,CENTRAL,CENTRO,MARIANO ROQUE ALONSO,85133,42043,43090,46998,30,-25.2122,-57.5331,15,350,375,5,1110,0.0,0.0,True,,0.0
11,CENTRAL,CENTRO,NUEVA ITALIA,9941,5132,4809,5342,29,-25.611062,-57.465942,50,340,345,20,1111,437.0,9292.744999999997,True,21.264862700228825,43.95936022532944
11,CENTRAL,CENTRO,SAN ANTONIO,57843,28778,29065,31933,29,-25.3797,-57.6097,15,350,370,5,1113,0.0,0.0,True,,0.0
11,CENTRAL,CENTRO,SAN LORENZO,225395,110085,115310,124431,31,-25.3431,-57.5094,15,335,360,20,1114,0.0,0.0,True,,0.0
11,CENTRAL,CENTRO,VILLA ELISA,71383,35169,36214,39408,30,-25.37,-57.62,10,350,375,7,1115,0.0,0.0,True,,0.0
11,CENTRAL,CENTRO,VILLETA,35941,18220,17721,19405,28,-25.51,-57.56,30,350,360,5,1116,578.0,61288.75699999998,True,106.03591176470586,16.081912022481287
11,CENTRAL,CENTRO,YPACARAI,21030,10446,10584,11374,31,-25.3833,-57.2667,40,310,335,45,1117,59.0,1427.65,True,24.197457627118645,2.805515929624346
11,CENTRAL,CENTRO,YPANE,66700,33665,33035,36822,27,-25.45,-57.53,30,340,360,15,1118,0.0,0.0,True,,0.0
11,CENTRAL,CENTRO,ÑEMBY,116383,57887,58496,64250,29,-25.3935,-57.5443,20,340,365,15,1112,0.0,0.0,True,,0.0
12,ÑEEMBUCU,SUR,ALBERDI,7536,3846,3690,4141,32,-26.185413,-58.142486,145,440,385,120,1202,156.0,6216.699999999998,True,39.85064102564101,20.70063694267516
12,ÑEEMBUCU,SUR,CERRITO,4340,2274,2066,2349,37,-27.33937,-57.63977,270,440,260,245,1203,665.0,31616.9,True,47.544210526315794,153.2258064516129
12,ÑEEMBUCU,SUR,DESMOCHADOS,1171,598,573,627,48,-26.707,-57.9,215,510,345,190,1204,276.0,22319.500000000004,True,80.86775362318842,235.69598633646456
12,ÑEEMBUCU,SUR,GRAL. JOSE EDUVIGIS DIAZ,3164,1588,1576,1708,39,-27.200861,-58.36673,275,520,340,245,1205,601.0,30374.30000000003,True,50.53960066555745,189.94943109987358
12,ÑEEMBUCU,SUR,GUAZU CUA,1393,761,632,746,43,-26.72659,-57.91967,220,510,345,190,1206,318.0,63614.50499999997,True,200.04561320754706,228.2842785355348
12,ÑEEMBUCU,SUR,HUMAITA,2391,1242,1149,1301,40,-27.069307,-58.507465,265,545,365,240,1207,405.0,22811.250000000004,True,56.32407407407408,169.38519447929735
12,ÑEEMBUCU,SUR,ISLA UMBU,2166,1098,1068,1160,44,-26.807631,-57.8274,215,510,335,190,1208,622.0,39727.74999999999,True,63.87098070739549,287.1652816251154
12,ÑEEMBUCU,SUR,LAURELES,2323,1202,1121,1253,42,-27.249904,-57.457543,295,415,235,270,1209,539.0,76594.79999999993,True,142.10538033395164,232.02755058114508
12,ÑEEMBUCU,SUR,MAYOR JOSE D. MARTINEZ,3037,1521,1516,1630,41,-26.794976,-57.804132,220,515,335,195,1210,492.0,22933.417000000016,True,46.61263617886182,162.00197563384918
12,ÑEEMBUCU,SUR,PASO DE PATRIA,1809,947,862,992,36,-27.245421,-58.545448,285,545,360,255,1211,117.0,17235.999999999996,True,147.3162393162393,64.67661691542288
12,ÑEEMBUCU,SUR,PILAR,34741,16662,18079,19104,33,-26.8569,-58.3039,225,515,330,200,1201,282.0,21636.23300000002,True,76.72423049645397,8.117210212716962
12,ÑEEMBUCU,SUR,SAN JUAN BAUTISTA DE ÑEEMBUCU,3803,1907,1896,2042,39,-26.671043,-57.90498,157,352,214,190,1212,559.0,113482.00000000001,True,203.00894454382828,146.98921903760188
12,ÑEEMBUCU,SUR,TACUARAS,2717,1431,1286,1450,35,-26.736039,-57.902234,220,515,340,195,1213,415.0,131004.52999999997,True,315.6735662650602,152.741994847258
12,ÑEEMBUCU,SUR,VILLA FRANCA,1138,657,481,619,33,-26.873411,-57.865768,205,500,325,180,1214,90.0,119138.50000000003,True,1323.7611111111114,79.08611599297012
12,ÑEEMBUCU,SUR,VILLA OLIVA,3377,1832,1545,1815,32,-26.016151,-57.857555,105,400,340,75,1215,239.0,113578.0,True,475.22175732217573,70.77287533313591
12,ÑEEMBUCU,SUR,VILLALBIN,1613,789,824,862,40,-27.138666,-57.930286,245,470,290,215,1216,411.0,35415.77500000001,True,86.1697688564477,254.80471171729695
13,AMAMBAY,NORTE Y CHACO,BELLA VISTA,12027,5860,6167,6535,27,-22.123158,-56.513302,555,525,745,545,1302,390.0,317111.7,True,813.1069230769231,32.42703916188576
13,AMAMBAY,NORTE Y CHACO,CAPITAN BADO,18851,9522,9329,10228,26,-23.265254,-55.537334,380,330,545,370,1303,827.0,281558.9499999999,True,340.45822249093095,43.87035170547981
13,AMAMBAY,NORTE Y CHACO,CERRO CORA,10690,5527,5163,5713,24,-22.647534,-55.880849,342,343,521,436,1306,630.0,131435.6500000002,True,208.62801587301618,58.933582787652014
13,AMAMBAY,NORTE Y CHACO,KARAPA'I,4988,2573,2415,2661,24,-22.926247,-55.771689,430,380,595,420,1305,275.0,58156.49999999993,True,211.47818181818155,55.13231756214916
13,AMAMBAY,NORTE Y CHACO,PEDRO JUAN CABALLERO,127437,62312,65125,70072,27,-22.5667,-55.7167,445,420,635,440,1301,231.0,250620.10000000006,True,1084.9354978354982,1.8126603733609548
13,AMAMBAY,NORTE Y CHACO,ZANJA PYTA,5419,2687,2732,2929,28,-22.631105,-55.630376,460,410,625,450,1304,478.0,53629.31,True,112.19520920502092,88.20815648643661
14,CANINDEYU,ESTE,CORPUS CHRISTI,7739,3961,3778,4150,26,-24.078626,-54.939976,340,195,440,330,1402,351.0,114348.29000000008,True,325.77860398860423,45.3546969892751
14,CANINDEYU,ESTE,CURUGUATY,33561,16837,16724,18113,25,-24.469417,-55.694525,240,260,385,230,1403,1769.0,150194.15999999997,True,84.90342566421705,52.70999076308811
14,CANINDEYU,ESTE,GRAL. FRANCISCO CABALLERO ALVAREZ,7842,4053,3789,4249,26,-24.155623,-54.66563,360,190,435,350,1407,427.0,60552.00000000001,True,141.80796252927402,54.45039530731956
14,CANINDEYU,ESTE,ITANARA,2191,1147,1044,1171,25,-23.751981,-55.464521,315,265,485,310,1405,294.0,51225.6,True,174.23673469387754,134.18530351437698
14,CANINDEYU,ESTE,KATUETE,10774,5485,5289,5916,27,-24.253,-54.762,340,175,425,330,1408,254.0,51168.02999999999,True,201.44893700787398,23.575273807313902
14,CANINDEYU,ESTE,LA PALOMA,7284,3712,3572,3994,28,-24.132427,-54.612178,365,195,440,355,1409,124.0,69865.5,True,563.4314516129032,17.02361339923119
14,CANINDEYU,ESTE,LAUREL,2586,1403,1183,1397,25,-24.563543,-54.958683,281,111,321,340,1416,80.0,33079.380000000005,True,413.49225000000007,30.93580819798917
14,CANINDEYU,ESTE,MARACANA,15357,8028,7329,8139,22,-24.189973,-56.119779,195,211,350,196,1414,2845.0,97863.12599999945,True,34.39828681898047,185.25753727941654
14,CANINDEYU,ESTE,NUEVA ESPERANZA,11069,5654,5415,6032,26,-24.506003,-54.857584,360,140,385,350,1410,285.0,88718.82000000002,True,311.294105263158,25.747583340861866
14,CANINDEYU,ESTE,PUERTO ADELA,1326,722,604,707,28,-24.484424,-54.385698,339,117,349,350,1415,88.0,30018.939999999984,True,341.124318181818,66.36500754147814
14,CANINDEYU,ESTE,SALTO DEL GUAIRA,28553,14131,14422,15511,27,-24.0639,-54.3089,395,200,450,385,1401,122.0,83824.97,True,687.0899180327868,4.272755927573285
14,CANINDEYU,ESTE,VILLA YGATIMI,13074,6735,6339,6999,24,-24.122876,-55.644741,265,250,435,255,1404,1636.0,88187.65000000002,True,53.904431540342316,125.13385344959461
14,CANINDEYU,ESTE,YASY CANY,20399,10436,9963,10842,27,-24.523615,-55.882915,220,270,390,215,1411,4304.0,73336.10200000007,True,17.039057156133847,210.99073483994314
14,CANINDEYU,ESTE,YBY PYTA,12284,6346,5938,6517,23,-24.068,-55.531,280,245,440,270,1413,1548.0,45733.05999999988,True,29.543320413436614,126.01758384890915
14,CANINDEYU,ESTE,YBYRAROBANA,8468,4308,4160,4518,27,-24.309692,-55.053565,325,175,420,315,1412,862.0,59174.67500000005,True,68.64811484918799,101.79499291450165
14,CANINDEYU,ESTE,YPEHU,8607,4445,4162,4620,23,-24.248754,-55.369628,285,215,435,275,1406,965.0,68578.15499999997,True,71.0654455958549,112.11804345300337
15,PTE HAYES,NORTE Y CHACO,BENJAMIN ACEVAL,22008,11205,10803,11936,27,-24.994723,-57.552444,40,375,400,30,1502,315.0,1094861.3399999999,True,3475.7502857142854,14.312977099236642
15,PTE HAYES,NORTE Y CHACO,CAMPO ACEVAL,5848,3245,2603,3113,29,-23.201059,-59.766955,316,581,604,368,1510,410.0,272273.70999999985,True,664.0822195121948,70.10943912448701
15,PTE HAYES,NORTE Y CHACO,GRAL. BRUGUEZ,2491,1403,1088,1331,30,-23.786629,-58.52417,220,560,585,215,1509,382.0,609083.9999999999,True,1594.460732984293,153.35206744279407
15,PTE HAYES,NORTE Y CHACO,JOSE FALCON,3693,1882,1811,1976,28,-25.215938,-57.713095,32,390,415,45,1506,131.0,174931.19999999992,True,1335.3526717557247,35.47251556999729
15,PTE HAYES,NORTE Y CHACO,NANAWA,6005,3099,2906,3302,31,-25.283007,-57.700786,30,395,420,50,1505,0.0,0.0,True,,0.0
15,PTE HAYES,NORTE Y CHACO,NUEVA ASUNCION,3172,1666,1506,1703,26,-25.247511,-57.647348,3,305,292,27,,,,False,,
15,PTE HAYES,NORTE Y CHACO,PTO. PINASCO,9241,4907,4334,4915,22,-23.718261,-58.585587,230,570,595,225,1503,541.0,1722815.500000001,True,3184.501848428837,58.54344767882264
15,PTE HAYES,NORTE Y CHACO,TTE. ESTEBAN MARTINEZ,2743,1594,1149,1461,29,-23.665,-59.85,370,710,730,360,1508,191.0,395108.00000000006,True,2068.628272251309,69.63179001093692
15,PTE HAYES,NORTE Y CHACO,TTE. IRALA FERNANDEZ,20145,10507,9638,10689,28,-22.838,-59.74,385,720,745,375,1507,1285.0,333682.0000000005,True,259.67470817120665,63.78754033258873
15,PTE HAYES,NORTE Y CHACO,VILLA HAYES,47967,24340,23627,26235,26,-25.0925,-57.53,25,365,390,20,1504,573.0,1658369.4300000004,True,2894.1874869109956,11.945712677465758
16,BOQUERON,NORTE Y CHACO,BOQUERON,16764,8745,8019,8975,25,-22.751525,-60.257929,387,649,674,418,1606,0.0,0.0,True,,0.0
16,BOQUERON,NORTE Y CHACO,FILADELFIA,20595,10639,9956,11256,27,-22.3333,-60.0167,450,790,810,440,1604,670.0,1318649.9599999995,True,1968.1342686567157,32.53216800194222
16,BOQUERON,NORTE Y CHACO,LOMA PLATA,20545,10564,9981,11139,29,-22.3789,-59.8372,445,780,805,435,1605,1069.0,434892.59999999986,True,406.82188961646386,52.03212460452665
16,BOQUERON,NORTE Y CHACO,MCAL. ESTIGARRIBIA,13174,6999,6175,7095,24,-22.029793,-60.598449,525,860,885,515,1602,1821.0,4116587.4000000036,True,2260.6191103789147,138.22681038408987
17,ALTO PARAGUAY,NORTE Y CHACO,BAHIA NEGRA,2768,1590,1178,1482,27,-20.230871,-58.169072,670,1010,1035,665,1704,179.0,1366550.9999999988,True,7634.363128491614,64.66763005780346
17,ALTO PARAGUAY,NORTE Y CHACO,CARMELO PERALTA,4402,2296,2106,2380,25,-21.681138,-57.906263,490,830,855,485,1705,186.0,398145.0,True,2140.564516129032,42.25352112676056
17,ALTO PARAGUAY,NORTE Y CHACO,FUERTE OLIMPO,4586,2390,2196,2487,26,-21.0375,-57.8708,570,905,930,560,1701,224.0,1474729.3129999992,True,6583.613004464282,48.84430876580898
17,ALTO PARAGUAY,NORTE Y CHACO,PUERTO CASADO,5439,2921,2518,2954,26,-22.285746,-57.943143,415,755,775,405,1702,468.0,1633473.4999999988,True,3490.327991452989,86.04522890237176
