dep_codigo,departamento,distrito_codigo,distrito,fincas,superficie_ha
1,CONCEPCIÓN,,,16670.0,1521324.8980000035
1,CONCEPCIÓN,0101,CONCEPCION,1469.0,38210.25900000003
1,CONCEPCIÓN,0102,BELEN,1642.0,19996.168000000005
1,CONCEPCIÓN,0103,HORQUETA,5202.0,116073.84899999984
1,CONCEPCIÓN,0104,LORETO,1944.0,57491.4500000001
1,CONCEPCIÓN,0105,SAN CARLOS DEL APA,61.0,89832.99999999999
1,CONCEPCIÓN,0106,SAN LAZARO,150.0,82023.7
1,CONCEPCIÓN,0107,"""YBY YA'U""",1504.0,225838.25000000003
1,CONCEPCIÓN,0108,"""AZOTE'Y""",643.0,68136.99999999999
1,CONCEPCIÓN,0109,SARGENTO JOSE FELIX LOPEZ,544.0,117353.50000000001
1,CONCEPCIÓN,0110,SAN ALFREDO,332.0,329443.78599999996
1,CONCEPCIÓN,0111,PASO BARRETO,300.0,230392.4999999999
1,CONCEPCIÓN,0112,ARROYITO,1876.0,71524.48599999984
1,CONCEPCIÓN,0113,PASO HORQUETA,1003.0,75006.95000000007
2,SAN PEDRO,,,59309.0,1845159.0819999962
2,SAN PEDRO,0201,SAN PEDRO DEL YCUAMANDYYU,4079.0,277117.356999999
2,SAN PEDRO,0202,ANTEQUERA,121.0,29538.499999999996
2,SAN PEDRO,0203,CHORE,5486.0,67407.6610000002
2,SAN PEDRO,0204,GENERAL ELIZARDO AQUINO,4430.0,56834.66499999991
2,SAN PEDRO,0205,ITACURUBI DEL ROSARIO,1804.0,78877.32999999997
2,SAN PEDRO,0206,LIMA,1662.0,51686.51999999996
2,SAN PEDRO,0207,NUEVA GERMANIA,967.0,61821.31999999994
2,SAN PEDRO,0208,SAN ESTANISLAO,5476.0,140542.3299999997
2,SAN PEDRO,0209,SAN PABLO,677.0,26432.300000000014
2,SAN PEDRO,0210,TACUATI,2204.0,267950.69199999986
2,SAN PEDRO,0211,UNION,1087.0,45884.86799999998
2,SAN PEDRO,0212,25 DE DICIEMBRE,2005.0,97421.30999999988
2,SAN PEDRO,0213,VILLA DEL ROSARIO,1443.0,118425.14499999997
2,SAN PEDRO,0214,GENERAL FRANCISCO ISIDORO RESQUIN,1413.0,70350.10500000007
2,SAN PEDRO,0215,YATAITY DEL NORTE,1802.0,27975.04999999998
2,SAN PEDRO,0216,GUAJAYVI,6120.0,116989.81600000002
2,SAN PEDRO,0217,CAPIIBARY,5703.0,76980.56499999989
2,SAN PEDRO,0218,SANTA ROSA DEL AGUARAY,3698.0,105733.09100000023
2,SAN PEDRO,0219,YRYBUCUA,2578.0,47175.27000000001
2,SAN PEDRO,0220,LIBERACION,4212.0,43257.78499999997
2,SAN PEDRO,0221,SAN VICENTE PANCHOLO,2342.0,36757.40199999996
2,SAN PEDRO,0222,SAN JOSE DEL ROSARIO,0.0,0.0
3,CORDILLERA,,,19194.0,414401.4373999982
3,CORDILLERA,0301,CAACUPE,1879.0,9459.81399999999
3,CORDILLERA,0302,ALTOS,858.0,8909.495999999992
3,CORDILLERA,0303,ARROYOS Y ESTEROS,2131.0,52587.69940000001
3,CORDILLERA,0304,ATYRA,817.0,10667.320000000005
3,CORDILLERA,0305,CARAGUATAY,1634.0,47451.540999999925
3,CORDILLERA,0306,EMBOSCADA,444.0,15708.690000000006
3,CORDILLERA,0307,EUSEBIO AYALA,1552.0,22413.097999999984
3,CORDILLERA,0308,ISLA PUCU,589.0,8862.182999999992
3,CORDILLERA,0309,ITACURUBI DE LA CORDILLERA,774.0,13509.35400000002
3,CORDILLERA,0310,JUAN DE MENA,1133.0,86567.43699999992
3,CORDILLERA,0311,LOMA GRANDE,303.0,6755.850000000002
3,CORDILLERA,0312,MBOCAYATY DEL YHAGUY,557.0,21454.539999999994
3,CORDILLERA,0313,NUEVA COLOMBIA,540.0,5119.869999999996
3,CORDILLERA,0314,PIRIBEBUY,2201.0,20629.11600000006
3,CORDILLERA,0315,PRIMERO DE MARZO,880.0,7352.512000000008
3,CORDILLERA,0316,SAN BERNARDINO,425.0,5667.027999999998
3,CORDILLERA,0317,SANTA ELENA,738.0,11125.903000000006
3,CORDILLERA,0318,TOBATI,523.0,20672.199999999986
3,CORDILLERA,0319,VALENZUELA,856.0,18738.235999999997
3,CORDILLERA,0320,SAN JOSE OBRERO,360.0,20749.55
4,GUAIRA,,,18855.0,335655.6689999997
4,GUAIRA,0401,VILLARRICA,2728.0,27225.457000000068
4,GUAIRA,0402,BORJA,967.0,34856.09500000003
4,GUAIRA,0403,CAPITAN MAURICIO JOSE TROCHE,1582.0,16337.846000000016
4,GUAIRA,0404,CORONEL MARTINEZ,560.0,8073.410000000003
4,GUAIRA,0405,FELIX PEREZ CARDOZO,657.0,7836.450000000008
4,GUAIRA,0406,GRAL. EUGENIO A. GARAY,1628.0,22036.54999999997
4,GUAIRA,0407,INDEPENDENCIA,2388.0,36638.431
4,GUAIRA,0408,ITAPE,1127.0,14355.538000000002
4,GUAIRA,0409,ITURBE,718.0,22120.02999999998
4,GUAIRA,0410,JOSE FASSARDI,1003.0,11562.975
4,GUAIRA,0411,MBOCAYATY,613.0,16520.13600000001
4,GUAIRA,0412,NATALICIO TALAVERA,354.0,4565.569999999998
4,GUAIRA,0413,ÑUMI,200.0,6471.035999999999
4,GUAIRA,0414,SAN SALVADOR,491.0,11933.329999999996
4,GUAIRA,0415,YATAITY,187.0,5330.890000000005
4,GUAIRA,0416,DOCTOR BOTTRELL,147.0,6273.050000000001
4,GUAIRA,0417,PASO YOBAI,3417.0,57736.65000000001
4,GUAIRA,0418,TEBICUARY,88.0,25782.225
5,CAAGUAZÚ,,,47035.0,1197214.729000002
5,CAAGUAZÚ,0501,CORONEL OVIEDO,5913.0,64401.48999999986
5,CAAGUAZÚ,0502,CAAGUAZU,6896.0,71720.51799999956
5,CAAGUAZÚ,0503,CARAYAO,2205.0,71636.7099999998
5,CAAGUAZÚ,0504,DR. CECILIO BAEZ,686.0,10258.115999999998
5,CAAGUAZÚ,0505,SANTA ROSA DEL MBUTUY,1119.0,30261.23999999994
5,CAAGUAZÚ,0506,DR. JUAN MANUEL FRUTOS,2423.0,81607.54900000035
5,CAAGUAZÚ,0507,REPATRIACION,4137.0,63493.860000000066
5,CAAGUAZÚ,0508,NUEVA LONDRES,611.0,24212.319999999992
5,CAAGUAZÚ,0509,SAN JOAQUIN,2365.0,52633.55699999998
5,CAAGUAZÚ,0510,SAN JOSE DE LOS ARROYOS,2126.0,47186.62899999999
5,CAAGUAZÚ,0511,YHU,4145.0,120958.59999999976
5,CAAGUAZÚ,0512,DR. J. EULOGIO ESTIGARRIBIA,2083.0,133197.51399999997
5,CAAGUAZÚ,0513,R.I. 3 CORRALES,1581.0,27499.709999999995
5,CAAGUAZÚ,0514,RAUL ARSENIO OVIEDO,1678.0,39277.9000000001
5,CAAGUAZÚ,0515,JOSE DOMINGO OCAMPOS,847.0,14421.402999999978
5,CAAGUAZÚ,0516,MARISCAL FRANCISCO SOLANO LOPEZ,422.0,55934.380000000114
5,CAAGUAZÚ,0517,LA PASTORA,637.0,22419.749999999996
5,CAAGUAZÚ,0518,3 DE FEBRERO,1533.0,18396.159999999978
5,CAAGUAZÚ,0519,SIMON BOLIVAR,964.0,38297.000000000015
5,CAAGUAZÚ,0520,VAQUERIA,2255.0,130332.93999999954
5,CAAGUAZÚ,0521,TEMBIAPORA,1834.0,29798.483000000015
5,CAAGUAZÚ,0522,NUEVA TOLEDO,575.0,49268.90000000004
6,CAAZAPÁ,,,20081.0,845418.1929999985
6,CAAZAPÁ,0601,CAAZAPA,3113.0,73395.92000000001
6,CAAZAPÁ,0602,ABAI,2649.0,188211.33099999966
6,CAAZAPÁ,0603,BUENA VISTA,603.0,11500.695
6,CAAZAPÁ,0604,DR. MOISES S. BERTONI,544.0,63944.76499999998
6,CAAZAPÁ,0605,GRAL. HIGINIO MORINIGO,1045.0,27573.210000000025
6,CAAZAPÁ,0606,MACIEL,791.0,39888.84999999998
6,CAAZAPÁ,0607,SAN JUAN NEPOMUCENO,3234.0,81268.79999999978
6,CAAZAPÁ,0608,TAVAI,2425.0,93760.9900000003
6,CAAZAPÁ,0609,YEGROS,1109.0,91725.29999999997
6,CAAZAPÁ,0610,YUTY,2146.0,108008.15000000018
6,CAAZAPÁ,0611,3 DE MAYO,2422.0,66140.18200000009
7,ITAPUA,,,32546.0,1400126.0209999857
7,ITAPUA,0701,ENCARNACION,495.0,18180.180000000004
7,ITAPUA,0702,BELLA VISTA,903.0,25187.620000000028
7,ITAPUA,0703,CAMBYRETA,949.0,10785.555
7,ITAPUA,0704,CAPITAN MEZA,1128.0,48913.634
7,ITAPUA,0705,CAPITAN MIRANDA,758.0,30248.08000000002
7,ITAPUA,0706,NUEVA ALBORADA,530.0,10891.124999999993
7,ITAPUA,0707,CARMEN DEL PARANA,399.0,103076.22999999997
7,ITAPUA,0708,CORONEL BOGADO,830.0,29755.61400000003
7,ITAPUA,0709,CARLOS ANTONIO LOPEZ,1851.0,106723.32499999995
7,ITAPUA,0710,NATALIO,1988.0,33139.80300000008
7,ITAPUA,0711,FRAM,552.0,94514.996
7,ITAPUA,0712,GENERAL ARTIGAS,1238.0,114159.41499999988
7,ITAPUA,0713,GENERAL DELGADO,894.0,40677.44999999997
7,ITAPUA,0714,HOHENAU,381.0,16650.86000000001
7,ITAPUA,0715,JESUS,203.0,20387.61999999999
7,ITAPUA,0716,JOSE LEANDRO OVIEDO,474.0,9519.999999999996
7,ITAPUA,0717,OBLIGADO,974.0,42434.85299999995
7,ITAPUA,0718,MAYOR JULIO DIONISIO OTAÑO,1035.0,24242.87000000001
7,ITAPUA,0719,SAN COSME Y DAMIAN,673.0,55513.099999999926
7,ITAPUA,0720,SAN PEDRO DEL PARANA,3839.0,95405.73999999974
7,ITAPUA,0721,SAN RAFAEL DEL PARANA,2424.0,116807.22999999998
7,ITAPUA,0722,TRINIDAD,267.0,14146.15
7,ITAPUA,0723,EDELIRA,2130.0,58872.665999999976
7,ITAPUA,0724,TOMAS ROMERO PEREIRA,2162.0,63024.23099999997
7,ITAPUA,0725,ALTO VERA,1975.0,45380.52
7,ITAPUA,0726,LA PAZ,189.0,20866.700000000015
7,ITAPUA,0727,YATYTAY,1104.0,20753.281000000035
7,ITAPUA,0728,SAN JUAN DEL PARANA,95.0,3204.345
7,ITAPUA,0729,PIRAPO,663.0,79860.27700000002
7,ITAPUA,0730,ITAPUA POTY,1443.0,46802.55100000005
8,MISIONES,,,6491.0,674398.2349999992
8,MISIONES,0801,SAN JUAN BAUTISTA DE LAS MISIONES,650.0,209455.79000000007
8,MISIONES,0802,AYOLAS,397.0,40584.58
8,MISIONES,0803,SAN IGNACIO,1214.0,126493.69499999996
8,MISIONES,0804,SAN MIGUEL,335.0,53336.89000000001
8,MISIONES,0805,SAN PATRICIO,169.0,11625.299999999996
8,MISIONES,0806,SANTA MARIA,883.0,33253.07
8,MISIONES,0807,SANTA ROSA,2178.0,65595.74500000005
8,MISIONES,0808,SANTIAGO,475.0,70793.92899999999
8,MISIONES,0809,VILLA FLORIDA,40.0,19150.236
8,MISIONES,0810,YABEBYRY,150.0,44108.999999999985
9,PARAGUARÍ,,,18740.0,692596.554
9,PARAGUARÍ,0901,PARAGUARI,757.0,31336.224000000006
9,PARAGUARÍ,0902,ACAHAY,1917.0,25951.045999999973
9,PARAGUARÍ,0903,CAAPUCU,673.0,219997.58000000002
9,PARAGUARÍ,0904,CABALLERO,682.0,21064.45000000004
9,PARAGUARÍ,0905,CARAPEGUA,2421.0,34083.855999999985
9,PARAGUARÍ,0906,ESCOBAR,804.0,16937.97000000001
9,PARAGUARÍ,0907,LA COLMENA,556.0,9491.809999999992
9,PARAGUARÍ,0908,MBUYAPEY,853.0,51264.79000000004
9,PARAGUARÍ,0909,PIRAYU,712.0,10963.271999999994
9,PARAGUARÍ,0910,QUIINDY,1511.0,51654.204999999965
9,PARAGUARÍ,0911,QUYQUYHO,890.0,53501.85600000002
9,PARAGUARÍ,0912,ROQUE GONZALEZ DE SANTA CRUZ,1209.0,21831.32000000001
9,PARAGUARÍ,0913,SAPUCAI,419.0,12748.399999999998
9,PARAGUARÍ,0914,TEBICUARY-MI,467.0,7791.834000000003
9,PARAGUARÍ,0915,YAGUARON,1813.0,18160.780999999974
9,PARAGUARÍ,0916,YBYCUI,2067.0,54201.349999999955
9,PARAGUARÍ,0917,YBYTYMI,699.0,22632.419999999995
9,PARAGUARÍ,0918,MARIA ANTONIA,290.0,28983.39
10,ALTO PARANÁ,,,16179.0,1263189.2839999897
10,ALTO PARANÁ,1002,PRESIDENTE FRANCO,168.0,6932.839999999998
10,ALTO PARANÁ,1003,DOMINGO MARTINEZ DE IRALA,711.0,34760.279999999984
10,ALTO PARANÁ,1004,DR. JUAN LEON MALLORQUIN,1054.0,22079.20799999999
10,ALTO PARANÁ,1005,HERNANDARIAS,771.0,75307.77199999998
10,ALTO PARANÁ,1006,ITAKYRY,3188.0,155992.18599999987
10,ALTO PARANÁ,1007,"""JUAN E. O'LEARY""",1894.0,16256.27000000001
10,ALTO PARANÁ,1008,ÑACUNDAY,706.0,81602.08999999997
10,ALTO PARANÁ,1009,YGUAZU,261.0,64165.799999999996
10,ALTO PARANÁ,1010,LOS CEDRALES,726.0,33520.11000000001
10,ALTO PARANÁ,1011,MINGA GUAZU,758.0,26099.79999999998
10,ALTO PARANÁ,1012,SAN CRISTOBAL,587.0,113519.23199999997
10,ALTO PARANÁ,1013,SANTA RITA,403.0,88096.48
10,ALTO PARANÁ,1014,NARANJAL,710.0,78950.92999999996
10,ALTO PARANÁ,1015,SANTA ROSA DEL MONDAY,224.0,58685.35
10,ALTO PARANÁ,1016,MINGA PORA,1134.0,86926.95999999993
10,ALTO PARANÁ,1017,MBARACAYU,444.0,64445.72000000002
10,ALTO PARANÁ,1018,SAN ALBERTO,451.0,83897.87999999998
10,ALTO PARANÁ,1019,IRUÑA,340.0,46782.495000000024
10,ALTO PARANÁ,1020,SANTA FE DEL PARANA,510.0,63033.75000000007
10,ALTO PARANÁ,1021,TAVAPY,695.0,38242.5
10,ALTO PARANÁ,1022,DR. RAUL PEÑA,444.0,23891.631000000027
11,CENTRAL,,,2980.0,81941.56949999995
11,CENTRAL,1101,AREGUA,322.0,945.0479999999998
11,CENTRAL,1102,CAPIATA,0.0,0.0
11,CENTRAL,1103,FERNANDO DE LA MORA,0.0,0.0
11,CENTRAL,1104,GUARAMBARE,154.0,2724.0349999999985
11,CENTRAL,1105,ITA,714.0,4945.967500000003
11,CENTRAL,1106,ITAUGUA,335.0,1129.4139999999998
11,CENTRAL,1107,LAMBARE,0.0,0.0
11,CENTRAL,1108,LIMPIO,0.0,0.0
11,CENTRAL,1109,LUQUE,0.0,0.0
11,CENTRAL,1110,MARIANO ROQUE ALONSO,0.0,0.0
11,CENTRAL,1111,NUEVA ITALIA,437.0,9292.744999999997
11,CENTRAL,1112,ÑEMBY,0.0,0.0
11,CENTRAL,1113,SAN ANTONIO,0.0,0.0
11,CENTRAL,1114,SAN LORENZO,0.0,0.0
11,CENTRAL,1115,VILLA ELISA,0.0,0.0
11,CENTRAL,1116,VILLETA,578.0,61288.75699999998
11,CENTRAL,1117,YPACARAI,59.0,1427.65
11,CENTRAL,1118,YPANE,0.0,0.0
11,CENTRAL,1119,J. AUGUSTO SALDIVAR,381.0,187.95299999999986
12,ÑEEMBUCU,,,6187.0,867700.1599999985
12,ÑEEMBUCU,1201,PILAR,282.0,21636.23300000002
12,ÑEEMBUCU,1202,ALBERDI,156.0,6216.699999999998
12,ÑEEMBUCU,1203,CERRITO,665.0,31616.9
12,ÑEEMBUCU,1204,DESMOCHADOS,276.0,22319.500000000004
12,ÑEEMBUCU,1205,GRAL. JOSE EDUVIGIS DÍAZ,601.0,30374.30000000003
12,ÑEEMBUCU,1206,GUAZU-CUA,318.0,63614.50499999997
12,ÑEEMBUCU,1207,HUMAITA,405.0,22811.250000000004
12,ÑEEMBUCU,1208,ISLA UMBU,622.0,39727.74999999999
12,ÑEEMBUCU,1209,LAURELES,539.0,76594.79999999993
12,ÑEEMBUCU,1210,MAYOR JOSE DEJESUS MARTINEZ,492.0,22933.417000000016
12,ÑEEMBUCU,1211,PASO DE PATRIA,117.0,17235.999999999996
12,ÑEEMBUCU,1212,SAN JUAN BAUTISTA DE ÑEEMBUCU,559.0,113482.00000000001
12,ÑEEMBUCU,1213,TACUARAS,415.0,131004.52999999997
12,ÑEEMBUCU,1214,VILLA FRANCA,90.0,119138.50000000003
12,ÑEEMBUCU,1215,VILLA OLIVA,239.0,113578.0
12,ÑEEMBUCU,1216,VILLALBIN,411.0,35415.77500000001
13,AMAMBAY,,,2831.0,1092512.2099999979
13,AMAMBAY,1301,PEDRO JUAN CABALLERO,231.0,250620.10000000006
13,AMAMBAY,1302,BELLA VISTA,390.0,317111.7
13,AMAMBAY,1303,CAPITAN BADO,827.0,281558.9499999999
13,AMAMBAY,1304,ZANJA PYTA,478.0,53629.31
13,AMAMBAY,1305,KARAPAI,275.0,58156.49999999993
13,AMAMBAY,1306,CERRO CORA,630.0,131435.6500000002
14,CANINDEYU,,,15954.0,1165868.4579999954
14,CANINDEYU,1401,SALTO DEL GUAIRA,122.0,83824.97
14,CANINDEYU,1402,CORPUS CHRISTI,351.0,114348.29000000008
14,CANINDEYU,1403,VILLA CURUGUATY,1769.0,150194.15999999997
14,CANINDEYU,1404,VILLA YGATIMI,1636.0,88187.65000000002
14,CANINDEYU,1405,ITANARA,294.0,51225.6
14,CANINDEYU,1406,YPEJHU,965.0,68578.15499999997
14,CANINDEYU,1407,FRANCISCO CABALLERO ALVAREZ,427.0,60552.00000000001
14,CANINDEYU,1408,KATUETE,254.0,51168.02999999999
14,CANINDEYU,1409,LA PALOMA DEL ESPIRITU SANTO,124.0,69865.5
14,CANINDEYU,1410,NUEVA ESPERANZA,285.0,88718.82000000002
14,CANINDEYU,1411,YASY CAÑY,4304.0,73336.10200000007
14,CANINDEYU,1412,YBYRAROBANA,862.0,59174.67500000005
14,CANINDEYU,1413,YBY PYTA,1548.0,45733.05999999988
14,CANINDEYU,1414,MARACANA,2845.0,97863.12599999945
14,CANINDEYU,1415,PUERTO ADELA,88.0,30018.939999999984
14,CANINDEYU,1416,LAUREL,80.0,33079.380000000005
15,PRESIDENTE HAYES,,,3828.0,6261125.179999982
15,PRESIDENTE HAYES,1502,BENJAMIN ACEVAL,315.0,1094861.3399999999
15,PRESIDENTE HAYES,1503,PUERTO PINASCO,541.0,1722815.500000001
15,PRESIDENTE HAYES,1504,VILLA HAYES,573.0,1658369.4300000004
15,PRESIDENTE HAYES,1505,NANAWA,0.0,0.0
15,PRESIDENTE HAYES,1506,JOSE FALCON,131.0,174931.19999999992
15,PRESIDENTE HAYES,1507,TTE. 1RO MANUEL IRALA FERNANDEZ,1285.0,333682.0000000005
15,PRESIDENTE HAYES,1508,TENIENTE ESTEBAN MARTINEZ,191.0,395108.00000000006
15,PRESIDENTE HAYES,1509,GENERAL JOSE MARIA BRUGUEZ,382.0,609083.9999999999
15,PRESIDENTE HAYES,1510,CAMPO ACEVAL,410.0,272273.70999999985
16,BOQUERON,,,3560.0,5870129.96
16,BOQUERON,1602,MARISCAL JOSE FELIX ESTIGARRIBIA,1821.0,4116587.4000000036
16,BOQUERON,1604,FILADELFIA,670.0,1318649.9599999995
16,BOQUERON,1605,LOMA PLATA,1069.0,434892.59999999986
16,BOQUERON,1606,BOQUERON,0.0,0.0
17,ALTO PARAGUAY,,,1057.0,4872898.812999995
17,ALTO PARAGUAY,1701,FUERTE OLIMPO,224.0,1474729.3129999992
17,ALTO PARAGUAY,1702,PUERTO CASADO,468.0,1633473.4999999988
17,ALTO PARAGUAY,1704,BAHIA NEGRA,179.0,1366550.9999999988
17,ALTO PARAGUAY,1705,CARMELO PERALTA,186.0,398145.0
