atomo,ephc,credito,regional,mip,firma,bloque_minimo
01x,E1,K03,R1,M01,E1|K03|R1|M01,1
014,E1,K08,R2,M01,E1|K08|R2|M01,3
02,E1,K03,R2,M01,E1|K03|R2|M01,2
03,E1,K10,R2,M01,E1|K10|R2|M01,4
05,SIN_GRUPO,K10,R2,M02,SIN_GRUPO|K10|R2|M02,31
06,SIN_GRUPO,K10,R2,M02,SIN_GRUPO|K10|R2|M02,31
07,SIN_GRUPO,K10,R2,M02,SIN_GRUPO|K10|R2|M02,31
08,SIN_GRUPO,K10,R2,M02,SIN_GRUPO|K10|R2|M02,31
09,SIN_GRUPO,K10,R2,M02,SIN_GRUPO|K10|R2|M02,31
10,E2,K09,R3,M03,E2|K09|R3|M03,5
11,E2,K09,R3,M03,E2|K09|R3|M03,5
12,E2,K09,R3,M03,E2|K09|R3|M03,5
13,E2,K09,R3,M04,E2|K09|R3|M04,6
14,E2,K09,R3,M04,E2|K09|R3|M04,6
15,E2,K09,R3,M04,E2|K09|R3|M04,6
16,E2,K09,R3,M05,E2|K09|R3|M05,7
17,E2,K09,R3,M05,E2|K09|R3|M05,7
18,E2,K09,R3,M05,E2|K09|R3|M05,7
19,E2,K09,R3,M06,E2|K09|R3|M06,8
20,E2,K09,R3,M06,E2|K09|R3|M06,8
21,E2,K09,R3,M06,E2|K09|R3|M06,8
22,E2,K09,R3,M06,E2|K09|R3|M06,8
23,E2,K09,R3,M07,E2|K09|R3|M07,9
24,E2,K09,R3,M08,E2|K09|R3|M08,10
25,E2,K09,R3,M09,E2|K09|R3|M09,11
26,E2,K09,R3,M10,E2|K09|R3|M10,12
27,E2,K09,R3,M10,E2|K09|R3|M10,12
28,E2,K09,R3,M10,E2|K09|R3|M10,12
29,E2,K09,R3,M10,E2|K09|R3|M10,12
30,E2,K09,R3,M10,E2|K09|R3|M10,12
31,E2,K09,R3,M11,E2|K09|R3|M11,13
32,E2,K09,R3,M11,E2|K09|R3|M11,13
33,E2,K09,R3,M11,E2|K09|R3|M11,13
35,E3,K10,R4,M12,E3|K10|R4|M12,14
36,E3,K10,R4,M12,E3|K10|R4|M12,14
37,E3,K10,R4,M12,E3|K10|R4|M12,14
38,E3,K10,R4,M12,E3|K10|R4|M12,14
39,E3,K10,R4,M12,E3|K10|R4|M12,14
41,E4,K06,R5,M13,E4|K06|R5|M13,15
42,E4,K06,R5,M13,E4|K06|R5|M13,15
43,E4,K06,R5,M13,E4|K06|R5|M13,15
45,E5,K05,R6,M14,E5|K05|R6|M14,17
46,E5,K04,R6,M14,E5|K04|R6|M14,16
47,E5,K05,R6,M14,E5|K05|R6|M14,17
49,E6,K12,R6,M15,E6|K12|R6|M15,19
50,E6,K12,R6,M15,E6|K12|R6|M15,19
51,E6,K12,R6,M15,E6|K12|R6|M15,19
52,E6,K12,R6,M15,E6|K12|R6|M15,19
53,E6,K12,R6,M15,E6|K12|R6|M15,19
55,E5,K12,R6,M16,E5|K12|R6|M16,18
56,E5,K12,R6,M16,E5|K12|R6|M16,18
58,E8,K12,R6,M17,E8|K12|R6|M17,29
59,E8,K12,R6,M17,E8|K12|R6|M17,29
60,E8,K12,R6,M17,E8|K12|R6|M17,29
61,E6,K12,R6,M17,E6|K12|R6|M17,21
62,E7,K12,R6,M17,E7|K12|R6|M17,24
63,E7,K12,R6,M17,E7|K12|R6|M17,24
64,E7,K11,R6,M18,E7|K11|R6|M18,23
65,E7,K11,R6,M18,E7|K11|R6|M18,23
66,E7,K11,R6,M18,E7|K11|R6|M18,23
68,E7,K01,R6,M19,E7|K01|R6|M19,22
69,E7,K12,R6,M20,E7|K12|R6|M20,25
70,E7,K12,R6,M20,E7|K12|R6|M20,25
71,E7,K12,R6,M20,E7|K12|R6|M20,25
72,E7,K12,R6,M20,E7|K12|R6|M20,25
73,E7,K12,R6,M20,E7|K12|R6|M20,25
74,E7,K12,R6,M20,E7|K12|R6|M20,25
75,E7,K12,R6,M20,E7|K12|R6|M20,25
77,E7,K12,R6,M20,E7|K12|R6|M20,25
78,E7,K12,R6,M20,E7|K12|R6|M20,25
79,E6,K12,R6,M16,E6|K12|R6|M16,20
80,E7,K12,R6,M20,E7|K12|R6|M20,25
81,E7,K12,R6,M20,E7|K12|R6|M20,25
82,E7,K12,R6,M20,E7|K12|R6|M20,25
84,E8,K02,R6,M21,E8|K02|R6|M21,26
85,E8,K12,R6,M21,E8|K12|R6|M21,30
86,E8,K12,R6,M21,E8|K12|R6|M21,30
87,E8,K12,R6,M21,E8|K12|R6|M21,30
88,E8,K12,R6,M21,E8|K12|R6|M21,30
90,E8,K12,R6,M16,E8|K12|R6|M16,28
91,E8,K12,R6,M16,E8|K12|R6|M16,28
92,E8,K12,R6,M16,E8|K12|R6|M16,28
93,E8,K12,R6,M16,E8|K12|R6|M16,28
94,E8,K12,R6,M21,E8|K12|R6|M21,30
95,E8,K12,R6,M21,E8|K12|R6|M21,30
96,E8,K12,R6,M21,E8|K12|R6|M21,30
97,E8,K12,R6,M21,E8|K12|R6|M21,30
98,E8,K12,R6,M21,E8|K12|R6|M21,30
99,E8,K10,R6,M21,E8|K10|R6|M21,27
