dep_codigo,departamento,zona,ciudad,poblacion_2022,hombres,mujeres,pea,edad_mediana,lat,lon,dist_asu_km,dist_cde_km,dist_enc_km,dist_puerto_central_km
0,CAPITAL,CENTRO,ASUNCION,462241,221222,241019,255184,33,-25.28,-57.6344,0,350,375,20
1,CONCEPCION,NORTE Y CHACO,ARROYITO,8292,4257,4035,4414,28,-23.173694,-56.77494,249,340,471,317
1,CONCEPCION,NORTE Y CHACO,AZOTEY,6731,3266,3465,3617,22,-23.46,-56.784,295,420,525,285
1,CONCEPCION,NORTE Y CHACO,BELEN,10605,5344,5261,5676,28,-23.469899,-57.263577,350,475,580,340
1,CONCEPCION,NORTE Y CHACO,CONCEPCION,73360,36109,37251,40185,27,-23.4025,-57.4414,370,495,600,365
1,CONCEPCION,NORTE Y CHACO,HORQUETA,39548,19560,19988,21281,28,-23.3442,-57.0436,330,455,560,320
1,CONCEPCION,NORTE Y CHACO,ITACUA,2377,1272,1105,1276,25,-22.484997,-57.839992,311,469,574,433
1,CONCEPCION,NORTE Y CHACO,JOSE FELIX LOPEZ,6153,3159,2994,3329,24,-22.331,-57.291,470,595,700,465
1,CONCEPCION,NORTE Y CHACO,LORETO,13580,6772,6808,7303,29,-23.274568,-57.323836,365,490,590,355
1,CONCEPCION,NORTE Y CHACO,PASO BARRETO,3988,1894,2094,2151,25,-23.048443,-57.121894,370,495,600,360
1,CONCEPCION,NORTE Y CHACO,PASO HORQUETA,7646,3728,3918,4068,27,-23.075683,-57.385159,246,390,497,366
1,CONCEPCION,NORTE Y CHACO,SAN ALFREDO,2385,1188,1197,1294,29,-22.883,-57.4,400,525,630,395
1,CONCEPCION,NORTE Y CHACO,SAN CARLOS,856,452,404,468,28,-23.411634,-57.234018,345,470,575,340
1,CONCEPCION,NORTE Y CHACO,SAN LAZARO,11192,5768,5424,6143,26,-22.103,-57.953,535,660,765,530
1,CONCEPCION,NORTE Y CHACO,YBY YAU,19468,9524,9944,10495,26,-22.9631,-56.5358,350,460,565,340
2,SAN PEDRO,NORTE Y CHACO,25 DE DICIEMBRE,8703,4466,4237,4631,32,-24.813184,-56.726745,110,295,370,105
2,SAN PEDRO,NORTE Y CHACO,ANTEQUERA,4250,2156,2094,2325,25,-24.085699,-57.200255,225,410,480,215
2,SAN PEDRO,NORTE Y CHACO,CAPIIBARY,30570,15694,14876,16355,27,-24.726096,-56.016216,200,240,360,190
2,SAN PEDRO,NORTE Y CHACO,CHORE,23548,11957,11591,12546,28,-24.185857,-56.583298,205,365,445,195
2,SAN PEDRO,NORTE Y CHACO,GENERAL ELIZARDO AQUINO,16971,8757,8214,9063,34,-24.446504,-56.899406,165,350,425,160
2,SAN PEDRO,NORTE Y CHACO,GRAL. ISIDORO RESQUIN,10019,5062,4957,5363,26,-24.062548,-56.45056,225,365,445,215
2,SAN PEDRO,NORTE Y CHACO,GUAYAIBI,28214,14360,13854,15003,28,-24.527677,-56.406702,165,300,380,155
2,SAN PEDRO,NORTE Y CHACO,ITACURUBI DEL ROSARIO,10507,5356,5151,5663,33,-24.535365,-56.823751,150,335,410,145
2,SAN PEDRO,NORTE Y CHACO,LIBERACION,19100,9697,9403,10171,27,-24.192121,-56.434963,210,345,425,200
2,SAN PEDRO,NORTE Y CHACO,LIMA,10303,5276,5027,5512,28,-23.880743,-56.482443,245,370,465,235
2,SAN PEDRO,NORTE Y CHACO,NUEVA GERMANIA,5690,2974,2716,3039,25,-23.912114,-56.701067,235,390,480,230
2,SAN PEDRO,NORTE Y CHACO,SAN ESTANISLAO,46405,23193,23212,25039,29,-24.65,-56.4333,150,285,365,140
2,SAN PEDRO,NORTE Y CHACO,SAN JOSE DEL ROSARIO,4119,2129,1990,2209,31,-24.265314,-56.92691,133,271,357,183
2,SAN PEDRO,NORTE Y CHACO,SAN PABLO,3415,1803,1612,1831,30,-24.104286,-56.864873,210,395,470,205
2,SAN PEDRO,NORTE Y CHACO,SAN PEDRO,32267,16504,15763,17348,30,-24.143431,-56.643431,205,375,450,195
2,SAN PEDRO,NORTE Y CHACO,SAN VICENTE PANCHOLO,11571,5993,5578,6158,25,-24.05,-56.05,210,218,365,222
2,SAN PEDRO,NORTE Y CHACO,SANTA ROSA DEL AGUARAY,39643,19934,19709,21176,24,-23.801,-56.489,250,360,465,240
2,SAN PEDRO,NORTE Y CHACO,TACUATI,13847,7009,6838,7380,23,-23.457264,-56.73845,300,415,520,290
2,SAN PEDRO,NORTE Y CHACO,UNION,5032,2620,2412,2707,32,-24.807637,-56.519078,135,270,350,130
2,SAN PEDRO,NORTE Y CHACO,VILLA DEL ROSARIO,8617,4348,4269,4692,29,-24.429405,-57.125535,190,375,450,180
2,SAN PEDRO,NORTE Y CHACO,YATAITY DEL NORTE,10113,5133,4980,5395,32,-24.845931,-56.356045,155,260,340,145
2,SAN PEDRO,NORTE Y CHACO,YRYBUCUA,12271,6344,5927,6522,25,-24.479991,-56.085646,195,270,395,190
3,CORDILLERA,CENTRO,ALTOS,14641,7470,7171,7902,29,-25.261732,-57.24929,50,315,340,45
3,CORDILLERA,CENTRO,ARROYOS Y ESTEROS,20347,10435,9912,10832,30,-25.054156,-57.097081,65,310,350,55
3,CORDILLERA,CENTRO,ATYRA,15988,8110,7878,8573,30,-25.279636,-57.170783,55,305,335,55
3,CORDILLERA,CENTRO,CAACUPE,50409,25023,25386,27382,30,-25.3861,-57.1408,55,295,320,55
3,CORDILLERA,CENTRO,CARAGUATAY,10143,5162,4981,5421,35,-25.239507,-56.825291,100,270,310,95
3,CORDILLERA,CENTRO,EMBOSCADA,21182,11985,9197,11378,28,-25.125063,-57.349522,35,340,365,30
3,CORDILLERA,CENTRO,EUSEBIO AYALA,19334,9703,9631,10410,31,-25.382624,-56.962269,75,275,300,75
3,CORDILLERA,CENTRO,ISLA PUCU,5304,2689,2615,2853,36,-25.308419,-56.899436,85,275,305,85
3,CORDILLERA,CENTRO,ITACURUBI DE LA CORDILLERA,8961,4401,4560,4847,33,-25.463176,-56.847988,90,260,285,90
3,CORDILLERA,CENTRO,JUAN DE MENA,6341,3163,3178,3380,28,-24.954092,-56.762792,105,305,350,100
3,CORDILLERA,CENTRO,LOMA GRANDE,3836,1947,1889,2063,30,-25.176402,-57.232579,50,320,350,45
3,CORDILLERA,CENTRO,MBOCAYATY DEL YHAGUY,3316,1714,1602,1773,36,-25.341812,-56.726321,100,250,295,105
3,CORDILLERA,CENTRO,NUEVA COLOMBIA,4602,2392,2210,2465,31,-25.281873,-57.193255,55,310,335,50
3,CORDILLERA,CENTRO,PIRIBEBUY,25758,12971,12787,13879,32,-25.464414,-57.042226,70,285,310,70
3,CORDILLERA,CENTRO,PRIMERO DE MARZO,4997,2634,2363,2665,35,-25.153025,-56.928031,90,285,330,80
3,CORDILLERA,CENTRO,SAN BERNARDINO,12216,6215,6001,6640,32,-25.30878,-57.295832,40,320,345,40
3,CORDILLERA,CENTRO,SAN JOSE OBRERO,2974,1549,1425,1588,38,-25.177175,-56.914254,90,285,325,85
3,CORDILLERA,CENTRO,SANTA ELENA,4346,2186,2160,2331,34,-25.414457,-56.797215,95,260,290,95
3,CORDILLERA,CENTRO,TOBATI,27435,14303,13132,14852,28,-25.260234,-57.082411,65,295,325,65
3,CORDILLERA,CENTRO,VALENZUELA,5907,3066,2841,3155,34,-25.295865,-57.021108,75,290,315,70
4,GUAIRA,ESTE,BORJA,7758,4031,3727,4116,32,-25.950722,-56.496161,175,250,195,180
4,GUAIRA,ESTE,COLONIA INDEPENDENCIA,19235,9970,9265,10256,31,-25.717879,-56.220112,165,255,225,170
4,GUAIRA,ESTE,CORONEL MARTINEZ,4505,2305,2200,2438,32,-25.75922,-56.619214,155,265,230,155
4,GUAIRA,ESTE,CPTAN. MAURICIO JOSE TROCHE,9590,5012,4578,5158,30,-25.759262,-56.374566,180,250,220,180
4,GUAIRA,ESTE,DR. BOTTRELL,1321,674,647,706,33,-25.842843,-56.435295,180,250,210,185
4,GUAIRA,ESTE,FELIX PEREZ CARDOZO,4805,2486,2319,2563,33,-25.744611,-56.519094,165,255,230,170
4,GUAIRA,ESTE,GENERAL EUGENIO A. GARAY,6752,3467,3285,3603,33,-25.967898,-56.186909,215,215,200,215
4,GUAIRA,ESTE,ITAPE,6070,3095,2975,3257,33,-25.851989,-56.61379,155,270,215,160
4,GUAIRA,ESTE,ITURBE,7166,3545,3621,3882,33,-26.058395,-56.487427,190,250,185,195
4,GUAIRA,ESTE,JOSE FASSARDI,5139,2665,2474,2735,30,-25.69614,-56.421362,170,250,230,170
4,GUAIRA,ESTE,MBOCAYATY,8003,4035,3968,4318,31,-25.714827,-56.40803,170,250,225,175
4,GUAIRA,ESTE,NATALICIO TALAVERA,3843,1938,1905,2078,32,-25.654736,-56.308391,165,235,235,170
4,GUAIRA,ESTE,NUMI,2864,1432,1432,1543,35,-25.951507,-56.328454,195,230,195,200
4,GUAIRA,ESTE,PASO YOBAI,20562,10542,10020,10942,27,-25.713285,-56.001554,205,195,230,205
4,GUAIRA,ESTE,SAN SALVADOR,2565,1310,1255,1383,36,-25.943065,-56.471019,180,250,200,180
4,GUAIRA,ESTE,TEBICUARY,2639,1330,1309,1448,33,-25.778949,-56.647234,150,270,225,155
4,GUAIRA,ESTE,VILLARRICA,62565,30366,32199,34141,31,-25.7495,-56.4352,170,250,220,175
4,GUAIRA,ESTE,YATAITY,4173,1994,2179,2257,34,-25.708687,-56.531082,165,250,235,170
5,CAAGUAZU,ESTE,3 DE FEBRERO,7492,3834,3658,3998,32,-25.245753,-55.775274,220,145,300,225
5,CAAGUAZU,ESTE,CAAGUAZU,98200,49671,48529,53462,29,-25.466176,-56.018169,180,170,265,180
5,CAAGUAZU,ESTE,CARAYAO,10832,5576,5256,5789,31,-25.200308,-56.397201,145,245,290,150
5,CAAGUAZU,ESTE,CORONEL OVIEDO,98323,49119,49204,53584,30,-25.4481,-56.4411,135,215,255,140
5,CAAGUAZU,ESTE,DR. CECILIO BAEZ,4812,2403,2409,2594,30,-25.286274,-56.001604,200,165,285,205
5,CAAGUAZU,ESTE,DR. J. EULOGIO ESTIGARRIBIA,38894,19895,18999,21036,24,-25.302764,-56.004339,200,160,285,200
5,CAAGUAZU,ESTE,DR. JUAN MANUEL FRUTOS,20451,10416,10035,10955,28,-25.385979,-55.833238,205,145,280,205
5,CAAGUAZU,ESTE,JOSE DOMINGO OCAMPOS,7459,3722,3737,3999,28,-25.412767,-55.428789,250,100,290,255
5,CAAGUAZU,ESTE,LA PASTORA,3294,1703,1591,1752,35,-25.319129,-55.889412,205,155,285,205
5,CAAGUAZU,ESTE,MCAL. FRANCISCO SOLANO LOPEZ,5338,2797,2541,2850,25,-25.240058,-55.07586,295,65,305,300
5,CAAGUAZU,ESTE,NUEVA LONDRES,3594,1767,1827,1923,34,-25.404472,-56.549847,125,230,270,125
5,CAAGUAZU,ESTE,NUEVA TOLEDO,4826,2483,2343,2586,23,-24.977,-55.66,240,165,335,240
5,CAAGUAZU,ESTE,R. I. 3 CORRALES,6021,3079,2942,3200,30,-25.343289,-55.873293,205,155,285,205
5,CAAGUAZU,ESTE,RAUL ARSENIO OVIEDO,12543,6489,6054,6688,26,-25.194153,-55.604262,240,135,320,245
5,CAAGUAZU,ESTE,REPATRIACION,24459,12490,11969,13011,28,-25.536591,-55.993136,190,175,255,190
5,CAAGUAZU,ESTE,SAN JOAQUIN,11949,6254,5695,6379,28,-25.029052,-56.044219,190,200,320,195
5,CAAGUAZU,ESTE,SAN JOSE DE LOS ARROYOS,13926,6912,7014,7502,33,-25.532282,-56.731781,105,245,270,105
5,CAAGUAZU,ESTE,SIMON BOLIVAR,4740,2406,2334,2533,30,-25.053334,-56.327013,165,230,310,170
5,CAAGUAZU,ESTE,STA. ROSA DEL MBUTUY,8467,4257,4210,4511,30,-25.29066,-55.973975,200,165,285,205
5,CAAGUAZU,ESTE,TEMBIAPORA,12877,6622,6255,6839,23,-25.324419,-55.37942,255,100,290,260
5,CAAGUAZU,ESTE,VAQUERIA,10498,5295,5203,5643,26,-25.001694,-55.8225,220,180,325,220
5,CAAGUAZU,ESTE,YHU,22524,11541,10983,11982,26,-25.05,-55.9167,210,195,310,210
6,CAAZAPA,SUR,3 DE MAYO,12923,6633,6290,6859,28,-26.216837,-55.995326,255,185,170,260
6,CAAZAPA,SUR,ABAI,21964,11331,10633,11694,26,-26.03,-55.94,245,185,195,245
6,CAAZAPA,SUR,BUENA VISTA,4296,2237,2059,2313,32,-26.183949,-56.082775,245,195,165,245
6,CAAZAPA,SUR,CAAZAPA,23654,11812,11842,12688,31,-26.1833,-56.3667,210,230,165,215
6,CAAZAPA,SUR,DR. MOISES BERTONI,3815,1934,1881,2034,29,-26.356039,-56.484798,220,250,155,210
6,CAAZAPA,SUR,GRAL. HIGINIO MORINIGO,4728,2444,2284,2531,32,-26.027269,-56.084596,225,200,190,230
6,CAAZAPA,SUR,MACIEL,3461,1891,1570,1846,34,-26.182515,-56.472661,210,245,175,210
6,CAAZAPA,SUR,SAN JUAN NEPOMUCENO,28233,14319,13914,15184,28,-26.1,-55.9333,250,180,185,250
6,CAAZAPA,SUR,TAVAI,16409,8571,7838,8726,25,-26.178088,-55.497643,295,130,225,300
6,CAAZAPA,SUR,YEGROS,5072,2582,2490,2713,36,-26.455535,-56.403771,240,240,140,225
6,CAAZAPA,SUR,YUTY,14924,7403,7521,8026,31,-26.614119,-56.247512,265,245,110,255
7,ITAPUA,SUR,ALTO VERA,11503,6115,5388,6114,25,-26.980248,-55.862017,335,235,55,330
7,ITAPUA,SUR,BELLA VISTA,10447,5324,5123,6535,29,-27.042204,-55.577069,283,194,43,353
7,ITAPUA,SUR,CAMBYRETA,47717,24617,23100,26145,28,-27.359055,-55.761367,385,265,15,380
7,ITAPUA,SUR,CAPITAN MEZA,9253,4837,4416,4938,29,-26.830344,-55.338698,400,200,90,390
7,ITAPUA,SUR,CAPITAN MIRANDA,9528,4854,4674,5122,31,-26.897206,-55.74533,350,220,50,340
7,ITAPUA,SUR,CARLOS ANTONIO LOPEZ,13792,7262,6530,7337,27,-26.3985,-54.756824,400,115,175,400
7,ITAPUA,SUR,CARMEN DEL PARANA,6417,3210,3207,3499,31,-27.220906,-56.147927,340,280,30,335
7,ITAPUA,SUR,CORONEL BOGADO,17192,8561,8631,9323,31,-27.16053,-56.241407,330,280,45,320
7,ITAPUA,SUR,EDELIRA,17362,8998,8364,9235,30,-26.767587,-55.278096,405,190,100,400
7,ITAPUA,SUR,ENCARNACION,106842,52543,54299,58477,29,-27.3333,-55.8667,375,270,0,365
7,ITAPUA,SUR,FRAM,8357,4316,4041,4537,30,-26.857076,-55.780248,350,225,60,340
7,ITAPUA,SUR,GENERAL ARTIGAS,8623,4396,4227,4663,35,-26.932782,-56.224503,305,275,75,295
7,ITAPUA,SUR,GENERAL DELGADO,5695,2879,2816,3047,34,-27.00664,-55.825218,340,235,50,335
7,ITAPUA,SUR,HOHENAU,12809,6352,6457,7013,30,-27.071288,-55.639978,360,225,45,355
7,ITAPUA,SUR,ITAPUA POTY,9273,4719,4554,4930,28,-26.630951,-55.520218,390,215,95,380
7,ITAPUA,SUR,JESUS,5197,2624,2573,2826,30,-26.947068,-55.883949,330,235,60,325
7,ITAPUA,SUR,LA PAZ,2669,1418,1251,1439,30,-26.974811,-55.744274,350,225,50,340
7,ITAPUA,SUR,LEANDRO OVIEDO,2417,1235,1182,1289,36,-27.013836,-55.756942,350,230,45,340
7,ITAPUA,SUR,MAYOR OTANO,10101,5243,4858,5453,26,-26.876526,-55.744633,350,220,55,340
7,ITAPUA,SUR,NATALIO,14865,7536,7329,7953,30,-26.928795,-55.858261,335,235,65,325
7,ITAPUA,SUR,NUEVA ALBORADA,4896,2569,2327,2599,32,-27.02039,-55.764135,350,230,45,340
7,ITAPUA,SUR,OBLIGADO,13606,6884,6722,7409,29,-27.055307,-55.629346,365,220,45,355
7,ITAPUA,SUR,PIRAPO,6075,3172,2903,3277,28,-26.857509,-55.543838,375,195,75,365
7,ITAPUA,SUR,SAN COSME Y DAMIAN,7397,3841,3556,3974,29,-26.985793,-55.880392,335,240,60,325
7,ITAPUA,SUR,SAN JUAN DEL PARANA,9083,4574,4509,4868,28,-27.302892,-55.96387,365,275,10,360
7,ITAPUA,SUR,SAN PEDRO DEL PARANA,22318,11372,10946,11933,32,-26.833795,-56.209144,290,270,85,280
7,ITAPUA,SUR,SAN RAFAEL DEL PARANA,14166,7294,6872,7535,27,-26.992663,-55.876967,335,240,55,325
7,ITAPUA,SUR,TOMAS ROMERO PEREIRA,25419,12879,12540,13698,28,-26.95,-55.706,355,220,55,350
7,ITAPUA,SUR,TRINIDAD,7972,4055,3917,4282,28,-27.129908,-55.704552,360,235,35,350
7,ITAPUA,SUR,YATYTAY,8651,4378,4273,4654,31,-26.672829,-55.087691,430,165,125,420
8,MISIONES,SUR,AYOLAS,17337,8668,8669,9489,29,-27.389874,-56.844718,295,355,115,285
8,MISIONES,SUR,SAN IGNACIO,29430,14445,14985,16023,30,-26.8867,-57.0283,225,365,180,215
8,MISIONES,SUR,SAN JUAN BAUTISTA,20979,10913,10066,11381,31,-26.6333,-57.1667,195,345,215,185
8,MISIONES,SUR,SAN MIGUEL,5116,2567,2549,2746,33,-26.534599,-57.039199,180,330,220,170
8,MISIONES,SUR,SAN PATRICIO,3193,1603,1590,1732,32,-26.976687,-56.82731,245,340,155,235
8,MISIONES,SUR,SANTA MARIA,7481,3780,3701,4037,31,-26.781823,-56.943265,215,365,185,205
8,MISIONES,SUR,SANTA ROSA,16403,8145,8258,8872,32,-26.886404,-56.849267,235,350,165,225
8,MISIONES,SUR,SANTIAGO,5995,2977,3018,3249,33,-27.140218,-56.763424,265,345,140,255
8,MISIONES,SUR,VILLA FLORIDA,3066,1568,1498,1689,31,-26.408432,-57.12521,165,325,235,155
8,MISIONES,SUR,YABEBYRY,2142,1090,1052,1156,35,-26.819828,-56.878518,225,360,175,215
9,PARAGUARI,CENTRO,ACAHAY,12646,6503,6143,6763,33,-25.91399,-57.114207,110,315,265,100
9,PARAGUARI,CENTRO,CAAPUCU,6045,3098,2947,3260,34,-26.233616,-57.182065,145,325,240,130
9,PARAGUARI,CENTRO,CARAPEGUA,29351,14676,14675,15789,35,-25.767636,-57.242533,90,320,290,75
9,PARAGUARI,CENTRO,ESCOBAR,4747,2405,2342,2525,33,-25.810968,-57.189329,95,315,285,85
9,PARAGUARI,CENTRO,GRAL.BERNARDINO CABALLERO,4795,2485,2310,2563,37,-25.779489,-57.040432,110,295,280,100
9,PARAGUARI,CENTRO,LA COLMENA,5254,2639,2615,2860,34,-25.88563,-56.840429,150,295,240,145
9,PARAGUARI,CENTRO,MARIA ANTONIA,2968,1491,1477,1589,33,,,147,250,143,161
9,PARAGUARI,CENTRO,MBUYAPEY,6838,3484,3354,3672,31,-26.220566,-56.75725,185,275,190,175
9,PARAGUARI,CENTRO,PARAGUARI,20678,9972,10706,11243,32,-25.6333,-57.15,70,305,305,60
9,PARAGUARI,CENTRO,PIRAYU,17419,8786,8633,9346,30,-25.483534,-57.23723,50,310,330,45
9,PARAGUARI,CENTRO,QUIINDY,14488,7267,7221,7802,35,-25.975782,-57.232431,110,330,270,100
9,PARAGUARI,CENTRO,QUYQUYHO,4589,2310,2279,2450,38,-26.231658,-56.988869,155,305,220,145
9,PARAGUARI,CENTRO,SAN ROQUE G. DE SANTA CRUZ,9637,4949,4688,5174,34,-25.84575,-57.170448,100,315,275,90
9,PARAGUARI,CENTRO,SAPUCAI,5218,2642,2576,2810,35,-25.664786,-56.952485,95,280,300,85
9,PARAGUARI,CENTRO,TEBICUARYMI,3225,1696,1529,1720,33,-25.915112,-56.673949,160,275,220,160
9,PARAGUARI,CENTRO,YAGUARON,29242,14585,14657,15717,30,-25.5621,-57.284,55,320,325,40
9,PARAGUARI,CENTRO,YBYCUI,17972,8910,9062,9668,33,-26.018695,-57.017821,130,320,250,115
9,PARAGUARI,CENTRO,YBYTIMI,5360,2827,2533,2866,35,-25.766,-56.78,135,280,240,135
10,ALTO PARANA,ESTE,CIUDAD DEL ESTE,325819,162914,162905,179871,28,-25.5167,-54.6167,350,0,270,355
10,ALTO PARANA,ESTE,DOMINGO MARTINEZ DE IRALA,5035,2579,2456,2684,27,-25.910496,-54.629089,370,50,240,375
10,ALTO PARANA,ESTE,DR. JUAN LEON MALLORQUIN,16144,8162,7982,8752,28,-25.429345,-55.25254,270,80,270,270
10,ALTO PARANA,ESTE,DR.RAUL PENA,5617,2915,2702,2996,28,-25.342954,-54.746804,325,30,280,325
10,ALTO PARANA,ESTE,HERNANDARIAS,83285,41317,41968,45758,28,-25.404179,-54.632039,340,15,280,345
10,ALTO PARANA,ESTE,IRUNA,3943,2062,1881,2111,29,-26.111813,-55.056369,350,95,205,350
10,ALTO PARANA,ESTE,ITAKYRY,27340,14122,13218,14566,23,-24.982772,-55.152042,300,90,340,300
10,ALTO PARANA,ESTE,JUAN E. O'LEARY,16092,8147,7945,8617,29,-25.338763,-54.809699,315,35,280,320
10,ALTO PARANA,ESTE,LOS CEDRALES,7258,3769,3489,3912,28,-25.658403,-54.720489,345,20,250,350
10,ALTO PARANA,ESTE,MBARACAYU,6406,3421,2985,3406,27,-25.028276,-54.824091,335,70,320,340
10,ALTO PARANA,ESTE,MINGA GUAZU,81072,41051,40021,44453,27,-25.49,-54.76,335,15,260,335
10,ALTO PARANA,ESTE,MINGA PORA,11959,6178,5781,6391,26,-24.876032,-54.935285,330,90,340,330
10,ALTO PARANA,ESTE,NACUNDAY,6468,3394,3074,3447,24,-25.979807,-54.683166,370,60,230,375
10,ALTO PARANA,ESTE,NARANJAL,6608,3409,3199,3562,29,-25.973999,-55.190111,345,85,185,345
10,ALTO PARANA,ESTE,PRESIDENTE FRANCO,88744,44232,44512,48950,28,-25.5333,-54.6167,350,2,265,355
10,ALTO PARANA,ESTE,SAN ALBERTO,11162,5621,5541,6072,29,-24.976543,-54.911634,330,80,325,330
10,ALTO PARANA,ESTE,SAN CRISTOBAL,8563,4433,4130,4568,27,-25.442794,-54.747154,330,20,265,335
10,ALTO PARANA,ESTE,SANTA FE DEL PARANA,3981,2084,1897,2148,28,-25.226971,-54.703289,335,40,295,340
10,ALTO PARANA,ESTE,SANTA RITA,27249,13609,13640,14848,28,-25.800486,-55.093446,335,65,205,335
10,ALTO PARANA,ESTE,SANTA ROSA DEL MONDAY,5923,3049,2874,3204,30,-25.814391,-54.904975,335,50,225,340
10,ALTO PARANA,ESTE,TAVAPY,6903,3571,3332,3710,27,-25.663704,-54.995862,315,50,225,315
10,ALTO PARANA,ESTE,YGUAZU,8131,4187,3944,4392,29,-25.452426,-54.763291,330,20,265,335
11,CENTRAL,CENTRO,AREGUA,70298,35254,35044,38809,28,-25.3,-57.4169,25,330,355,25
11,CENTRAL,CENTRO,CAPIATA,236999,118320,118679,130837,29,-25.35,-57.42,25,325,350,25
11,CENTRAL,CENTRO,FERNANDO DE LA MORA,110255,52824,57431,60867,33,-25.32,-57.54,15,340,365,15
11,CENTRAL,CENTRO,GUARAMBARE,27695,13891,13804,15253,28,-25.490521,-57.455479,40,335,345,20
11,CENTRAL,CENTRO,ITA,69049,34768,34281,37261,29,-25.4833,-57.35,40,320,335,30
11,CENTRAL,CENTRO,ITAUGUA,93213,46749,46464,50886,29,-25.3833,-57.3333,35,315,340,35
11,CENTRAL,CENTRO,J. AUGUSTO SALDIVAR,60162,30148,30014,33213,28,-25.45,-57.4,40,325,340,25
11,CENTRAL,CENTRO,LAMBARE,127150,61351,65799,70194,33,-25.33,-57.64,7,350,375,15
11,CENTRAL,CENTRO,LIMPIO,139652,70152,69500,77096,27,-25.1683,-57.4942,20,355,380,10
11,CENTRAL,CENTRO,LUQUE,259705,128314,131391,143372,29,-25.27,-57.4872,20,340,365,15
11,CENTRAL,CENTRO,MARIANO ROQUE ALONSO,85133,42043,43090,46998,30,-25.2122,-57.5331,15,350,375,5
11,CENTRAL,CENTRO,NUEVA ITALIA,9941,5132,4809,5342,29,-25.611062,-57.465942,50,340,345,20
11,CENTRAL,CENTRO,SAN ANTONIO,57843,28778,29065,31933,29,-25.3797,-57.6097,15,350,370,5
11,CENTRAL,CENTRO,SAN LORENZO,225395,110085,115310,124431,31,-25.3431,-57.5094,15,335,360,20
11,CENTRAL,CENTRO,VILLA ELISA,71383,35169,36214,39408,30,-25.37,-57.62,10,350,375,7
11,CENTRAL,CENTRO,VILLETA,35941,18220,17721,19405,28,-25.51,-57.56,30,350,360,5
11,CENTRAL,CENTRO,YPACARAI,21030,10446,10584,11374,31,-25.3833,-57.2667,40,310,335,45
11,CENTRAL,CENTRO,YPANE,66700,33665,33035,36822,27,-25.45,-57.53,30,340,360,15
11,CENTRAL,CENTRO,ÑEMBY,116383,57887,58496,64250,29,-25.3935,-57.5443,20,340,365,15
12,ÑEEMBUCU,SUR,ALBERDI,7536,3846,3690,4141,32,-26.185413,-58.142486,145,440,385,120
12,ÑEEMBUCU,SUR,CERRITO,4340,2274,2066,2349,37,-27.33937,-57.63977,270,440,260,245
12,ÑEEMBUCU,SUR,DESMOCHADOS,1171,598,573,627,48,-26.707,-57.9,215,510,345,190
12,ÑEEMBUCU,SUR,GRAL. JOSE EDUVIGIS DIAZ,3164,1588,1576,1708,39,-27.200861,-58.36673,275,520,340,245
12,ÑEEMBUCU,SUR,GUAZU CUA,1393,761,632,746,43,-26.72659,-57.91967,220,510,345,190
12,ÑEEMBUCU,SUR,HUMAITA,2391,1242,1149,1301,40,-27.069307,-58.507465,265,545,365,240
12,ÑEEMBUCU,SUR,ISLA UMBU,2166,1098,1068,1160,44,-26.807631,-57.8274,215,510,335,190
12,ÑEEMBUCU,SUR,LAURELES,2323,1202,1121,1253,42,-27.249904,-57.457543,295,415,235,270
12,ÑEEMBUCU,SUR,MAYOR JOSE D. MARTINEZ,3037,1521,1516,1630,41,-26.794976,-57.804132,220,515,335,195
12,ÑEEMBUCU,SUR,PASO DE PATRIA,1809,947,862,992,36,-27.245421,-58.545448,285,545,360,255
12,ÑEEMBUCU,SUR,PILAR,34741,16662,18079,19104,33,-26.8569,-58.3039,225,515,330,200
12,ÑEEMBUCU,SUR,SAN JUAN BAUTISTA DE ÑEEMBUCU,3803,1907,1896,2042,39,-26.671043,-57.90498,157,352,214,190
12,ÑEEMBUCU,SUR,TACUARAS,2717,1431,1286,1450,35,-26.736039,-57.902234,220,515,340,195
12,ÑEEMBUCU,SUR,VILLA FRANCA,1138,657,481,619,33,-26.873411,-57.865768,205,500,325,180
12,ÑEEMBUCU,SUR,VILLA OLIVA,3377,1832,1545,1815,32,-26.016151,-57.857555,105,400,340,75
12,ÑEEMBUCU,SUR,VILLALBIN,1613,789,824,862,40,-27.138666,-57.930286,245,470,290,215
13,AMAMBAY,NORTE Y CHACO,BELLA VISTA,12027,5860,6167,6535,27,-22.123158,-56.513302,555,525,745,545
13,AMAMBAY,NORTE Y CHACO,CAPITAN BADO,18851,9522,9329,10228,26,-23.265254,-55.537334,380,330,545,370
13,AMAMBAY,NORTE Y CHACO,CERRO CORA,10690,5527,5163,5713,24,-22.647534,-55.880849,342,343,521,436
13,AMAMBAY,NORTE Y CHACO,KARAPA'I,4988,2573,2415,2661,24,-22.926247,-55.771689,430,380,595,420
13,AMAMBAY,NORTE Y CHACO,PEDRO JUAN CABALLERO,127437,62312,65125,70072,27,-22.5667,-55.7167,445,420,635,440
13,AMAMBAY,NORTE Y CHACO,ZANJA PYTA,5419,2687,2732,2929,28,-22.631105,-55.630376,460,410,625,450
14,CANINDEYU,ESTE,CORPUS CHRISTI,7739,3961,3778,4150,26,-24.078626,-54.939976,340,195,440,330
14,CANINDEYU,ESTE,CURUGUATY,33561,16837,16724,18113,25,-24.469417,-55.694525,240,260,385,230
14,CANINDEYU,ESTE,GRAL. FRANCISCO CABALLERO ALVAREZ,7842,4053,3789,4249,26,-24.155623,-54.66563,360,190,435,350
14,CANINDEYU,ESTE,ITANARA,2191,1147,1044,1171,25,-23.751981,-55.464521,315,265,485,310
14,CANINDEYU,ESTE,KATUETE,10774,5485,5289,5916,27,-24.253,-54.762,340,175,425,330
14,CANINDEYU,ESTE,LA PALOMA,7284,3712,3572,3994,28,-24.132427,-54.612178,365,195,440,355
14,CANINDEYU,ESTE,LAUREL,2586,1403,1183,1397,25,-24.563543,-54.958683,281,111,321,340
14,CANINDEYU,ESTE,MARACANA,15357,8028,7329,8139,22,-24.189973,-56.119779,195,211,350,196
14,CANINDEYU,ESTE,NUEVA ESPERANZA,11069,5654,5415,6032,26,-24.506003,-54.857584,360,140,385,350
14,CANINDEYU,ESTE,PUERTO ADELA,1326,722,604,707,28,-24.484424,-54.385698,339,117,349,350
14,CANINDEYU,ESTE,SALTO DEL GUAIRA,28553,14131,14422,15511,27,-24.0639,-54.3089,395,200,450,385
14,CANINDEYU,ESTE,VILLA YGATIMI,13074,6735,6339,6999,24,-24.122876,-55.644741,265,250,435,255
14,CANINDEYU,ESTE,YASY CANY,20399,10436,9963,10842,27,-24.523615,-55.882915,220,270,390,215
14,CANINDEYU,ESTE,YBY PYTA,12284,6346,5938,6517,23,-24.068,-55.531,280,245,440,270
14,CANINDEYU,ESTE,YBYRAROBANA,8468,4308,4160,4518,27,-24.309692,-55.053565,325,175,420,315
14,CANINDEYU,ESTE,YPEHU,8607,4445,4162,4620,23,-24.248754,-55.369628,285,215,435,275
15,PTE HAYES,NORTE Y CHACO,BENJAMIN ACEVAL,22008,11205,10803,11936,27,-24.994723,-57.552444,40,375,400,30
15,PTE HAYES,NORTE Y CHACO,CAMPO ACEVAL,5848,3245,2603,3113,29,-23.201059,-59.766955,316,581,604,368
15,PTE HAYES,NORTE Y CHACO,GRAL. BRUGUEZ,2491,1403,1088,1331,30,-23.786629,-58.52417,220,560,585,215
15,PTE HAYES,NORTE Y CHACO,JOSE FALCON,3693,1882,1811,1976,28,-25.215938,-57.713095,32,390,415,45
15,PTE HAYES,NORTE Y CHACO,NANAWA,6005,3099,2906,3302,31,-25.283007,-57.700786,30,395,420,50
15,PTE HAYES,NORTE Y CHACO,NUEVA ASUNCION,3172,1666,1506,1703,26,-25.247511,-57.647348,3,305,292,27
15,PTE HAYES,NORTE Y CHACO,PTO. PINASCO,9241,4907,4334,4915,22,-23.718261,-58.585587,230,570,595,225
15,PTE HAYES,NORTE Y CHACO,TTE. ESTEBAN MARTINEZ,2743,1594,1149,1461,29,-23.665,-59.85,370,710,730,360
15,PTE HAYES,NORTE Y CHACO,TTE. IRALA FERNANDEZ,20145,10507,9638,10689,28,-22.838,-59.74,385,720,745,375
15,PTE HAYES,NORTE Y CHACO,VILLA HAYES,47967,24340,23627,26235,26,-25.0925,-57.53,25,365,390,20
16,BOQUERON,NORTE Y CHACO,BOQUERON,16764,8745,8019,8975,25,-22.751525,-60.257929,387,649,674,418
16,BOQUERON,NORTE Y CHACO,FILADELFIA,20595,10639,9956,11256,27,-22.3333,-60.0167,450,790,810,440
16,BOQUERON,NORTE Y CHACO,LOMA PLATA,20545,10564,9981,11139,29,-22.3789,-59.8372,445,780,805,435
16,BOQUERON,NORTE Y CHACO,MCAL. ESTIGARRIBIA,13174,6999,6175,7095,24,-22.029793,-60.598449,525,860,885,515
17,ALTO PARAGUAY,NORTE Y CHACO,BAHIA NEGRA,2768,1590,1178,1482,27,-20.230871,-58.169072,670,1010,1035,665
17,ALTO PARAGUAY,NORTE Y CHACO,CARMELO PERALTA,4402,2296,2106,2380,25,-21.681138,-57.906263,490,830,855,485
17,ALTO PARAGUAY,NORTE Y CHACO,FUERTE OLIMPO,4586,2390,2196,2487,26,-21.0375,-57.8708,570,905,930,560
17,ALTO PARAGUAY,NORTE Y CHACO,PUERTO CASADO,5439,2921,2518,2954,26,-22.285746,-57.943143,415,755,775,405
