establecimiento_id,institucion,lat,lon,nombre,prestador,ciudad,departamento,dep_codigo
1,IPS,-27.38748,-56.81882,AYOLAS,IPS,AYOLAS,108- MISIONES,8
2,IPS,-27.38071,-57.16606,YABEBYRY CONVENIO,CONVENIO,YABEBYRY,108- MISIONES,8
3,IPS,-27.32377,-55.86,ENCARNACION,IPS,ENCARNACION,107- ITAPUA,7
4,IPS,-27.31366,-56.3292,SAN COSME Y SAN DAMIAN CONVENIO,CONVENIO,SAN COSME Y DAMIAN,107- ITAPUA,7
5,IPS,-27.2238,-56.15683,CARMEN DEL PARANA CONVENIO,CONVENIO,CARMEN DEL PARANA,107- ITAPUA,7
6,IPS,-27.2172,-55.80003,CAPITAN MIRANDA CONVENIO,CONVENIO,CAPITAN MIRANDA,107- ITAPUA,7
7,IPS,-27.16998,-56.23269,CORONEL BOGADO CONVENIO,CONVENIO,CORONEL BOGADO,107- ITAPUA,7
8,IPS,-27.13957,-56.76138,SANTIAGO MISIONES CONVENIO,CONVENIO,SANTIAGO,108- MISIONES,8
9,IPS,-27.09669,-56.01279,FRAM CONVENIO,CONVENIO,FRAM,107- ITAPUA,7
10,IPS,-27.0826,-55.64786,HOHENAU,IPS,HOHENAU,107- ITAPUA,7
11,IPS,-27.04224,-55.57899,BELLA VISTA SUR CONVENIO,CONVENIO,BELLA VISTA,107- ITAPUA,7
12,IPS,-26.93264,-56.2142,GENERAL ARTIGAS CONVENIO,CONVENIO,GENERAL ARTIGAS,107- ITAPUA,7
13,IPS,-26.8894,-56.84639,SANTA ROSA CONVENIO,CONVENIO,SANTA ROSA,108- MISIONES,8
14,IPS,-26.88827,-57.03132,SAN IGNACIO (MISIONES),IPS,SAN IGNACIO,108- MISIONES,8
15,IPS,-26.86604,-55.55759,PIRAPO CONVENIO,CONVENIO,PIRAPO,107- ITAPUA,7
16,IPS,-26.85907,-58.30444,PILAR,IPS,PILAR,112- ÑEEMBUCU,12
17,IPS,-26.83575,-56.20359,SAN PEDRO DEL PARANA CONVENIO,CONVENIO,SAN PEDRO DEL PARANA,107- ITAPUA,7
18,IPS,-26.82969,-55.3412,CAPITAN MEZA CONVENIO,CONVENIO,EDELIRA,107- ITAPUA,7
19,IPS,-26.78426,-56.94379,SANTA MARIA DE FE CONVENIO,CONVENIO,SANTA MARIA,108- MISIONES,8
20,IPS,-26.77028,-55.28198,EDELIRA KM28 CONVENIO,CONVENIO,EDELIRA,107- ITAPUA,7
21,IPS,-26.75978,-55.13887,NATALIO 10 CONVENIO,CONVENIO,NATALIO,107- ITAPUA,7
22,IPS,-26.75053,-55.76873,ALTO VERA CONVENIO,CONVENIO,ALTO VERA,107- ITAPUA,7
23,IPS,-26.67448,-55.08645,YATYTAY CONVENIO,CONVENIO,NATALIO,107- ITAPUA,7
24,IPS,-26.67038,-57.1383,SAN JUAN BAUTISTA (MISIONES),IPS,SAN JUAN BAUTISTA,108- MISIONES,8
25,IPS,-26.63209,-55.51942,ITAPUA POTY CONVENIO,CONVENIO,ITAPUA POTY,107- ITAPUA,7
26,IPS,-26.61335,-56.24556,YUTY,IPS,YUTY,106- CAAZAPA,6
27,IPS,-26.53941,-55.26009,MARIA AUXILIADORA,IPS,TOMAS ROMERO PEREIRA,107- ITAPUA,7
28,IPS,-26.5328,-57.03873,SAN MIGUEL CONVENIO,CONVENIO,SAN MIGUEL,108- MISIONES,8
29,IPS,-26.45402,-56.40286,FULGENCIO YEGROS,IPS,YEGROS,106- CAAZAPA,6
30,IPS,-26.40786,-57.12454,VILLA FLORIDA CONVENIO,CONVENIO,VILLA FLORIDA,108- MISIONES,8
31,IPS,-26.4013,-54.75497,CARLOS ANTONIO LOPEZ CONVENIO,CONVENIO,CARLOS ANTONIO LOPEZ,107- ITAPUA,7
32,IPS,-26.35038,-54.72499,MAYOR OTAÑO CONVENIO,CONVENIO,MAYOR OTANO,107- ITAPUA,7
33,IPS,-26.3209,-55.03199,KRESS BURGO (FRUTIKA),IPS,CARLOS ANTONIO LOPEZ,107- ITAPUA,7
34,IPS,-26.22946,-57.18393,CAAPUCU CONVENIO,CONVENIO,CAAPUCU,109- PARAGUARI,9
35,IPS,-26.22751,-56.99014,QUYQUYHO CONVENIO,CONVENIO,QUYQUYHO,109- PARAGUARI,9
36,IPS,-26.21845,-56.75497,MBUYAPEY CONVENIO,CONVENIO,MBUYAPEY,109- PARAGUARI,9
37,IPS,-26.19644,-56.36908,CAAZAPA,IPS,CAAZAPA,106- CAAZAPA,6
38,IPS,-26.18521,-58.14434,ALBERDI CONVENIO,CONVENIO,ALBERDI,112- ÑEEMBUCU,12
39,IPS,-26.18486,-56.08283,BUENA VISTA CONVENIO,CONVENIO,BUENA VISTA,106- CAAZAPA,6
40,IPS,-26.11088,-55.93566,SAN JUAN NEPOMUCENO,IPS,SAN JUAN NEPOMUCENO,106- CAAZAPA,6
41,IPS,-26.05676,-56.48942,ITURBE,IPS,ITURBE,104- GUAIRA,4
42,IPS,-26.01904,-57.026,YBYCUI,IPS,YBYCUI,109- PARAGUARI,9
43,IPS,-25.98171,-56.12188,JOSE FASSARDI CONVENIO,CONVENIO,JOSE FASSARDI,104- GUAIRA,4
44,IPS,-25.97443,-57.2334,QUIINDY,IPS,QUIINDY,109- PARAGUARI,9
45,IPS,-25.91341,-57.11226,ACAHAY CONVENIO,CONVENIO,ACAHAY,109- PARAGUARI,9
46,IPS,-25.7991,-55.08606,SANTA RITA,IPS,SANTA RITA,110- ALTO PARANA,10
47,IPS,-25.77761,-56.45073,VILLARRICA,IPS,VILLARRICA,104- GUAIRA,4
48,IPS,-25.77444,-56.64816,TEBICUARY,IPS,CORONEL MARTINEZ,104- GUAIRA,4
49,IPS,-25.76677,-57.24775,CARAPEGUA,IPS,CARAPEGUA,109- PARAGUARI,9
50,IPS,-25.71751,-56.00245,PASO YOBAI,IPS,PASO YOBAI,104- GUAIRA,4
51,IPS,-25.69245,-56.8608,LA COLMENA,IPS,YBYTIMI,109- PARAGUARI,9
52,IPS,-25.6808,-56.29622,INDEPENDENCIA,IPS,COLONIA INDEPENDENCIA,104- GUAIRA,4
53,IPS,-25.6279,-56.2777,MAURICIO J. TROCHE CONVENIO,IPS,NATALICIO TALAVERA,104- GUAIRA,4
54,IPS,-25.62551,-57.14947,PARAGUARI,IPS,PARAGUARI,109- PARAGUARI,9
55,IPS,-25.55785,-54.60167,PTO. PTE. FRANCO,IPS,PRESIDENTE FRANCO,110- ALTO PARANA,10
56,IPS,-25.53443,-56.73176,SAN JOSE DE LOS ARROYOS,IPS,SAN JOSE DE LOS ARROYOS,105- CAAGUAZU,5
57,IPS,-25.512,-54.62405,CIUDAD DEL ESTE,IPS,CIUDAD DEL ESTE,110- ALTO PARANA,10
58,IPS,-25.50937,-57.35873,UBAS ITA,IPS,ITA,111- CENTRAL,11
59,IPS,-25.50708,-57.5603,VILLETA,IPS,VILLETA,111- CENTRAL,11
60,IPS,-25.4907,-57.45723,GUARAMBARE,IPS,GUARAMBARE,111- CENTRAL,11
61,IPS,-25.48454,-54.76285,MINGA GUAZU,IPS,MINGA GUAZU,110- ALTO PARANA,10
62,IPS,-25.46822,-57.03722,PIRIBEBUY CONVENIO,CONVENIO,PIRIBEBUY,103- CORDILLERA,3
63,IPS,-25.4665,-56.44445,CNEL. OVIEDO,IPS,CORONEL OVIEDO,105- CAAGUAZU,5
64,IPS,-25.46542,-56.00989,CAAGUAZU,IPS,CAAGUAZU,105- CAAGUAZU,5
65,IPS,-25.42075,-57.56576,SAN ANTONIO,IPS,SAN ANTONIO,111- CENTRAL,11
66,IPS,-25.40828,-54.63754,HERNANDARIAS,IPS,HERNANDARIAS,110- ALTO PARANA,10
67,IPS,-25.40479,-57.28862,YPACARAI,IPS,YPACARAI,111- CENTRAL,11
68,IPS,-25.39356,-57.35282,ITAUGUA,IPS,ITAUGUA,111- CENTRAL,11
69,IPS,-25.38361,-55.83273,JUAN MANUEL FRUTOS,IPS,DR. JUAN MANUEL FRUTOS,105- CAAGUAZU,5
70,IPS,-25.38339,-57.13686,CAACUPE,IPS,CAACUPE,103- CORDILLERA,3
71,IPS,-25.38172,-56.95883,EUSEBIO AYALA CONVENIO,CONVENIO,EUSEBIO AYALA,103- CORDILLERA,3
72,IPS,-25.38124,-55.70479,SANATORIO LUZ Y VIDA TERCERIZADO,TERCERIZADO,COLONIA GENERAL ALFREDO STROESSNER,105- CAAGUAZU,5
73,IPS,-25.37399,-57.40907,CLINICA PERIFERICA CAMPO VIA DE CAPIATA,IPS,CAPIATA,111- CENTRAL,11
74,IPS,-25.355,-57.63094,HOSPITAL DEL CORAZON TERCERIZADO,TERCERIZADO,LAMBARE,111- CENTRAL,11
75,IPS,-25.34126,-57.50664,CRISTIAN TERCERIZADO,TERCERIZADO,ASUNCION,100- CAPITAL,0
76,IPS,-25.33288,-57.53308,HOSPITAL INGAVI DE ESPECIALIDADES QUIRURGICAS,IPS,FERNANDO DE LA MORA,111- CENTRAL,11
77,IPS,-25.326,-57.62509,CLINICA 12 DE JUNIO,IPS,ASUNCION,100- CAPITAL,0
78,IPS,-25.32495,-57.28605,CREAM,IPS,SAN BERNARDINO,103- CORDILLERA,3
79,IPS,-25.3168,-57.52607,CLINICA MARISCAL LOPEZ,IPS,FERNANDO DE LA MORA,111- CENTRAL,11
80,IPS,-25.31308,-57.5662,ANDE BOGGIANI CONVENIO,CONVENIO,ASUNCION,100- CAPITAL,0
81,IPS,-25.31238,-56.90228,ISLA PUCU CONVENIO,CONVENIO,ISLA PUCU,103- CORDILLERA,3
82,IPS,-25.30805,-57.59921,SANAT. SAN LUCAS TERCERIZADO,TERCERIZADO,ASUNCION,100- CAPITAL,0
83,IPS,-25.30594,-57.30165,SAN BERNARDINO,IPS,SAN BERNARDINO,103- CORDILLERA,3
84,IPS,-25.30408,-57.54026,SAN SEBASTIAN TERCERIZADO,TERCERIZADO,FERNANDO DE LA MORA,111- CENTRAL,11
85,IPS,-25.29501,-57.6248,CLINICA BOQUERON,IPS,ASUNCION,100- CAPITAL,0
86,IPS,-25.29474,-57.63301,SANATORIO BRITANICO TERCERIZADO,TERCERIZADO,ASUNCION,100- CAPITAL,0
87,IPS,-25.29178,-57.62896,CENTRO ODONTOLOGICO,IPS,ASUNCION,100- CAPITAL,0
88,IPS,-25.28855,-57.613,SAN MIGUEL-ANDE,IPS,ASUNCION,100- CAPITAL,0
89,IPS,-25.28602,-57.61522,DOCTO S.R.L. TERCERIZADO,TERCERIZADO,ASUNCION,100- CAPITAL,0
90,IPS,-25.28154,-57.48442,HOSPITAL LUQUE,IPS,LUQUE,111- CENTRAL,11
91,IPS,-25.27951,-57.64573,HOSPITAL MILITAR TERCERIZADO,TERCERIZADO,ASUNCION,100- CAPITAL,0
92,IPS,-25.27374,-57.58084,MEDICASA,IPS,ASUNCION,100- CAPITAL,0
93,IPS,-25.27215,-57.58118,HOSPITAL CENTRAL,IPS,ASUNCION,100- CAPITAL,0
94,IPS,-25.26894,-57.49219,SANATORIO INTERNACIONAL TERCERIZADO,TERCERIZADO,LUQUE,111- CENTRAL,11
95,IPS,-25.2682,-57.58295,CENT DE MEDICINA FISICA Y REHABILITACION,IPS,ASUNCION,100- CAPITAL,0
96,IPS,-25.2682,-57.58295,CENTRO DE PSIQUIATRIA Y PSICOTERAPIA,IPS,ASUNCION,100- CAPITAL,0
97,IPS,-25.25956,-57.07946,TOBATI,IPS,TOBATI,103- CORDILLERA,3
98,IPS,-25.25851,-57.58114,SANATORIO SANTA BARBARA TERCERIZADO,TERCERIZADO,MARIANO ROQUE ALONSO,111- CENTRAL,11
99,IPS,-25.25844,-57.58538,CLINICA NANAWA,IPS,ASUNCION,100- CAPITAL,0
100,IPS,-25.2579,-57.58459,DR. GERARDO BUONGERMINI HOSPITAL,IPS,ASUNCION,100- CAPITAL,0
101,IPS,-25.2379,-56.82782,CARAGUATAY,IPS,CARAGUATAY,103- CORDILLERA,3
102,IPS,-25.23095,-57.56468,CLINICA ZEBALLOS CUE-ISLA POI,IPS,ASUNCION,100- CAPITAL,0
103,IPS,-25.20077,-57.52867,CLINICA YRENDAGUE M.R.A,IPS,MARIANO ROQUE ALONSO,111- CENTRAL,11
104,IPS,-25.10238,-57.48948,PIQUETE CUE,IPS,LIMPIO,111- CENTRAL,11
105,IPS,-25.0958,-57.5217,VILLA HAYES,IPS,VILLA HAYES,115- PTE HAYES,15
106,IPS,-25.05985,-55.92534,YHU,IPS,YHU,105- CAAGUAZU,5
107,IPS,-25.05249,-57.09603,ARROYOS Y ESTEROS CONVENIO,CONVENIO,ARROYOS Y ESTEROS,103- CORDILLERA,3
108,IPS,-24.99337,-57.55616,BENJAMIN ACEVAL,IPS,BENJAMIN ACEVAL,115- PTE HAYES,15
109,IPS,-24.98671,-55.14702,ITAKYRY,IPS,ITAKYRY,110- ALTO PARANA,10
110,IPS,-24.72903,-56.01698,CAPIIBARY CONVENIO,CONVENIO,CAPIIBARY,102- SAN PEDRO,2
111,IPS,-24.66484,-56.43076,SAN ESTANISLAO,IPS,SAN ESTANISLAO,102- SAN PEDRO,2
112,IPS,-24.61148,-56.79312,COLONIA FRIESLAND CONVENIO,CONVENIO,ITACURUBI DEL ROSARIO,102- SAN PEDRO,2
113,IPS,-24.53444,-56.82223,ITACURUBI DEL ROSARIO,IPS,ITACURUBI DEL ROSARIO,102- SAN PEDRO,2
114,IPS,-24.47933,-55.68754,SAN ISIDRO DE CURUGUATY,IPS,CURUGUATY,114- CANINDEYU,14
115,IPS,-24.44013,-57.1442,PUERTO ROSARIO,IPS,VILLA DEL ROSARIO,102- SAN PEDRO,2
116,IPS,-24.18952,-56.57867,CHORE CONVENIO,CONVENIO,CHORE,102- SAN PEDRO,2
117,IPS,-24.15876,-54.67034,PUENTE KYHA,IPS,LA PALOMA,114- CANINDEYU,14
118,IPS,-24.13113,-54.6215,PUESTO SANITARIO LA PALOMA CONVENIO,CONVENIO,LA PALOMA,114- CANINDEYU,14
119,IPS,-24.08397,-57.07103,SAN PEDRO DEL YCUAMANDY YU,IPS,SAN PEDRO,102- SAN PEDRO,2
120,IPS,-24.0837,-57.2055,PUERTO ANTEQUERA,IPS,ANTEQUERA,102- SAN PEDRO,2
121,IPS,-24.07191,-54.3107,SALTOS DEL GUAIRA,IPS,SALTO DEL GUAIRA,114- CANINDEYU,14
122,IPS,-23.82705,-56.51946,SANTA ROSA DEL AGUARAY CONVENIO,IPS,LIMA,102- SAN PEDRO,2
123,IPS,-23.40883,-57.44414,CONCEPCION,IPS,CONCEPCION,101- CONCEPCION,1
124,IPS,-23.34628,-57.06076,HORQUETA,IPS,HORQUETA,101- CONCEPCION,1
125,IPS,-23.27134,-55.54552,CAPITAN BADO,IPS,CAPITAN BADO,113- AMAMBAY,13
126,IPS,-22.85611,-59.48045,IRALA FERNANDEZ CONVENIO,CONVENIO,TTE. IRALA FERNANDEZ,115- PTE HAYES,15
127,IPS,-22.65758,-60.13236,COLONIA NEULAND (HOSPITAL CONCORDIA) TERCERIZADO,TERCERIZADO,LOMA PLATA,116- BOQUERON,16
128,IPS,-22.64782,-57.84156,PUERTO PINAZCO,IPS,PTO. PINASCO,115- PTE HAYES,15
129,IPS,-22.56061,-55.7185,PEDRO JUAN CABALLERO,IPS,PEDRO JUAN CABALLERO,113- AMAMBAY,13
130,IPS,-22.47045,-60.05528,VILLA CHOFERES CONVENIO,CONVENIO,MCAL. ESTIGARRIBIA,116- BOQUERON,16
131,IPS,-22.37874,-59.83153,LOMA PLATA TERCERIZADO,TERCERIZADO,LOMA PLATA,116- BOQUERON,16
132,IPS,-22.359,-60.03823,COLONIA FERNHEIM (FILADELFIA) TERCERIZADO,TERCERIZADO,FILADELFIA,116- BOQUERON,16
133,IPS,-22.28264,-57.93537,LA VICTORIA,IPS,LA VICTORIA,117- ALTO PARAGUAY,17
134,IPS,-22.16305,-57.9488,VALLEMI,IPS,PUERTO VALLEMI,101- CONCEPCION,1
135,IPS,-22.12204,-56.51607,BELLA VISTA NORTE,IPS,BELLA VISTA,113- AMAMBAY,13
136,IPS,-21.68585,-57.90271,CARMELO PERALTA CONVENIO,CONVENIO,CARMELO PERALTA,117- ALTO PARAGUAY,17
137,IPS,-21.03815,-57.87026,FUERTE OLIMPO CONVENIO,CONVENIO,FUERTE OLIMPO,117- ALTO PARAGUAY,17
138,IPS,-20.23215,-58.16779,BAHIA NEGRA,IPS,BAHIA NEGRA,117- ALTO PARAGUAY,17
139,MSPBS,,,CAPIIBARY,MSPBS,CAPIIBARY,102- SAN PEDRO,2
140,MSPBS,,,GENERAL DEL DPTO. DE SAN PEDRO,MSPBS,SANTA ROSA DEL AGUARAY,102- SAN PEDRO,2
141,MSPBS,,,GRAL. AQUINO,MSPBS,GENERAL ELIZARDO AQUINO,102- SAN PEDRO,2
142,MSPBS,,,SAN ESTANISLAO,MSPBS,SAN ESTANISLAO,102- SAN PEDRO,2
143,MSPBS,,,SAN PEDRO,MSPBS,SAN PEDRO,102- SAN PEDRO,2
144,MSPBS,-27.341064,-55.860103,ENCARNACIÓN,MSPBS,ENCARNACION,107- ITAPUA,7
145,MSPBS,-27.27483,-55.83524,ITAPÚA,MSPBS,ENCARNACION,107- ITAPUA,7
146,MSPBS,-27.169985,-56.232692,CORONEL BOGADO,MSPBS,CORONEL BOGADO,107- ITAPUA,7
147,MSPBS,-27.098882,-56.019537,FRAM,MSPBS,FRAM,107- ITAPUA,7
148,MSPBS,-27.079524,-55.644657,HOHENAU,MSPBS,HOHENAU,107- ITAPUA,7
149,MSPBS,-26.890013,-57.018394,SAN IGNACIO,MSPBS,SAN IGNACIO,108- MISIONES,8
150,MSPBS,-26.888238,-56.846411,SANTA ROSA,MSPBS,SANTA ROSA,108- MISIONES,8
151,MSPBS,-26.862075,-58.309857,PILAR,MSPBS,PILAR,112- ÑEEMBUCU,12
152,MSPBS,-26.759645,-55.138893,NATALIO,MSPBS,NATALIO,107- ITAPUA,7
153,MSPBS,-26.672658,-57.150246,SAN JUAN BAUTISTA,MSPBS,SAN JUAN BAUTISTA,108- MISIONES,8
154,MSPBS,-26.615877,-56.24806,YUTY,MSPBS,YUTY,106- CAAZAPA,6
155,MSPBS,-26.192287,-56.373574,CAAZAPÁ,MSPBS,CAAZAPA,106- CAAZAPA,6
156,MSPBS,-26.185362,-58.144353,ALBERDI,MSPBS,ALBERDI,112- ÑEEMBUCU,12
157,MSPBS,-26.109988,-55.932306,SAN JUAN NEPOMUCENO,MSPBS,SAN JUAN NEPOMUCENO,106- CAAZAPA,6
158,MSPBS,-26.018824,-57.024953,YBYCUI,MSPBS,YBYCUI,109- PARAGUARI,9
159,MSPBS,-25.980116,-57.228742,QUIINDY,MSPBS,QUIINDY,109- PARAGUARI,9
160,MSPBS,-25.883745,-56.836381,LA COLMENA,MSPBS,LA COLMENA,109- PARAGUARI,9
161,MSPBS,-25.783775,-55.07629,SANTA RITA,MSPBS,SANTA RITA,110- ALTO PARANA,10
162,MSPBS,-25.776759,-56.461616,VILLARRICA,MSPBS,VILLARRICA,104- GUAIRA,4
163,MSPBS,-25.762344,-57.246127,CARAPEGUA,MSPBS,CARAPEGUA,109- PARAGUARI,9
164,MSPBS,-25.717879,-56.220112,COLONIA INDEPENDENCIA,MSPBS,COLONIA INDEPENDENCIA,104- GUAIRA,4
165,MSPBS,-25.625414,-57.149726,PARAGUARÍ,MSPBS,PARAGUARI,109- PARAGUARI,9
166,MSPBS,-25.559998,-54.614696,PDTE. FRANCO,MSPBS,PRESIDENTE FRANCO,110- ALTO PARANA,10
167,MSPBS,-25.540396,-55.994012,REPATRIACION,MSPBS,REPATRIACION,105- CAAGUAZU,5
168,MSPBS,-25.533053,-54.634574,CIUDAD DEL ESTE,MSPBS,CIUDAD DEL ESTE,110- ALTO PARANA,10
169,MSPBS,-25.515812,-57.364153,ITA,MSPBS,ITA,111- CENTRAL,11
170,MSPBS,-25.506763,-57.56126,VILLETA,MSPBS,VILLETA,111- CENTRAL,11
171,MSPBS,-25.50104,-56.45834,CORONEL OVIEDO,MSPBS,CORONEL OVIEDO,105- CAAGUAZU,5
172,MSPBS,-25.484424,-54.76293,MINGA GUAZÚ,MSPBS,MINGA GUAZU,110- ALTO PARANA,10
173,MSPBS,-25.4722,-56.013692,CAAGUAZU,MSPBS,CAAGUAZU,105- CAAGUAZU,5
174,MSPBS,-25.46909,-57.03923,PIRIBEBUY,MSPBS,PIRIBEBUY,103- CORDILLERA,3
175,MSPBS,-25.449338,-56.43227,CORONEL OVIEDO,MSPBS,CORONEL OVIEDO,105- CAAGUAZU,5
176,MSPBS,-25.447989,-57.362127,HOSPITAL NACIONAL,MSPBS,ITAUGUA,111- CENTRAL,11
177,MSPBS,-25.396405,-57.546282,ÑEMBY,MSPBS,ÑEMBY,111- CENTRAL,11
178,MSPBS,-25.393235,-57.499166,PEDIÁTRICO ACOSTA ÑU,MSPBS,SAN LORENZO,111- CENTRAL,11
179,MSPBS,-25.390733,-57.356145,ITAUGUA,MSPBS,ITAUGUA,111- CENTRAL,11
180,MSPBS,-25.38825,-55.828765,DR. JUAN MANUEL FRUTOS,MSPBS,DR. JUAN MANUEL FRUTOS,105- CAAGUAZU,5
181,MSPBS,-25.3818,-56.95929,EUSEBIO AYALA,MSPBS,EUSEBIO AYALA,103- CORDILLERA,3
182,MSPBS,-25.375404,-54.659268,HERNANDARIAS,MSPBS,HERNANDARIAS,110- ALTO PARANA,10
183,MSPBS,-25.363605,-55.685901,JOSÉ EULOGIO ESTIGARRIBIA,MSPBS,DR. J. EULOGIO ESTIGARRIBIA,105- CAAGUAZU,5
184,MSPBS,-25.359503,-57.57518,VILLA ELISA,MSPBS,VILLA ELISA,111- CENTRAL,11
185,MSPBS,-25.350978,-57.445899,CAPIATA,MSPBS,CAPIATA,111- CENTRAL,11
186,MSPBS,-25.348666,-57.627199,LAMBARE,MSPBS,LAMBARE,111- CENTRAL,11
187,MSPBS,-25.335035,-57.508954,SAN LORENZO,MSPBS,SAN LORENZO,111- CENTRAL,11
188,MSPBS,-25.321444,-57.554598,FDO. DE LA MORA,MSPBS,FERNANDO DE LA MORA,111- CENTRAL,11
189,MSPBS,-25.309047,-57.380598,AREGUA,MSPBS,AREGUA,111- CENTRAL,11
190,MSPBS,-25.28038,-57.17379,ATYRA,MSPBS,ATYRA,103- CORDILLERA,3
191,MSPBS,-25.266942,-57.481586,LUQUE,MSPBS,LUQUE,111- CENTRAL,11
192,MSPBS,-25.26476,-57.25081,ALTOS,MSPBS,ALTOS,103- CORDILLERA,3
193,MSPBS,-25.26419,-57.08275,TOBATI,MSPBS,TOBATI,103- CORDILLERA,3
194,MSPBS,-25.261076,-57.71084,JOSÉ FALCÓN,MSPBS,JOSE FALCON,115- PTE HAYES,15
195,MSPBS,-25.22208,-57.13196,CAACUPE,MSPBS,CAACUPE,103- CORDILLERA,3
196,MSPBS,-25.212248,-57.536356,M.R. ALONSO,MSPBS,MARIANO ROQUE ALONSO,111- CENTRAL,11
197,MSPBS,-25.164621,-57.476281,LIMPIO,MSPBS,LIMPIO,111- CENTRAL,11
198,MSPBS,-25.161634,-57.475206,HOSPITAL DEL INDIGENA,MSPBS,LIMPIO,111- CENTRAL,11
199,MSPBS,-25.0959,-57.522616,VILLA HAYES,MSPBS,VILLA HAYES,115- PTE HAYES,15
200,MSPBS,-25.064378,-55.927059,YHU,MSPBS,YHU,105- CAAGUAZU,5
201,MSPBS,-25.05256,-57.09608,ARROYOS Y ESTEROS,MSPBS,ARROYOS Y ESTEROS,103- CORDILLERA,3
202,MSPBS,-24.472589,-55.695768,CURUGUATY,MSPBS,CURUGUATY,114- CANINDEYU,14
203,MSPBS,-24.076389,-54.327139,SALTOS DEL GUAIRA,MSPBS,SALTO DEL GUAIRA,114- CANINDEYU,14
204,MSPBS,-23.410455,-57.438011,CONCEPCIÓN,MSPBS,CONCEPCION,101- CONCEPCION,1
205,MSPBS,-23.355094,-57.06011,HORQUETA,MSPBS,HORQUETA,101- CONCEPCION,1
206,MSPBS,-23.265198,-55.532968,CAPITAN BADO,MSPBS,CAPITAN BADO,113- AMAMBAY,13
207,MSPBS,-22.534984,-55.741005,PEDRO JUAN CABALLERO,MSPBS,PEDRO JUAN CABALLERO,113- AMAMBAY,13
208,MSPBS,-22.470381,-60.055448,VILLA CHOFERES,MSPBS,MCAL. ESTIGARRIBIA,116- BOQUERON,16
209,MSPBS,-22.28723,-57.94978,HD- PUERTO CASADO,MSPBS,LA VICTORIA,117- ALTO PARAGUAY,17
210,MSPBS,-22.11718,-56.515558,BELLA VISTA,MSPBS,BELLA VISTA,113- AMAMBAY,13
211,MSPBS,-22.01992,-60.599993,MARISCAL ESTIGARRIBIA,MSPBS,MCAL. ESTIGARRIBIA,116- BOQUERON,16
212,MSPBS,-21.050389,-57.872555,HR- FUERTE OLIMPO,MSPBS,FUERTE OLIMPO,117- ALTO PARAGUAY,17
