ruta_codigo,ruta,km
PY01,PY01: ASU - ENC,414
PY02,PY02: ASU - CDE,543
PY03,PY03: ASU - SALTO DEL GUAIRA,432
PY04,PY04: SAN IGNACIO - ITAPIRU,196
PY05,PY05: PJC - FORTIN PILCOMAYO,636
PY06,PY06: ENC - MINGA GUAZU,266
PY07,PY07: CRUCE CAP. MEZA - PINDOTY PORA,436
PY08,PY08: CNEL BOGADO - BELLA VISTA NORTE,601
PY09,PY09: PTO. FALCON - FORTIN SGTO. RODRIGUEZ,778
PY10,PY10: NARANJAL - PARAGUARI,246
PY11,PY11: CAP. BADO - PTO. ANTEQUERA,229
PY12,PY12: CHACOI - POZO HONDO,738
PY13,PY13: PASO YOBAI - INTERSECCION PY17,241
PY14,PY14: BAHIA NEGRA - FORTIN GABINO MENDOZA,419
PY15,PY15: CARMELO PERALTA - POZO HONDO,530
PY16,PY16: FORTIN MAYOR AVALOS - HITO VII,569
PY17,PY17: SALTO DEL GUAIRA - PJC,289
PY18,PY18: PTO. MAYOR OTAÑO - VILLETA,357
PY19,PY19: PILAR - VILLETA,192
PY20,PY20: SAN PATRICIO - PASO DE PATRIA,234
PY21,PY21: PTO. INDIO - JUAN DE MENA,319
PY22,PY22: SANTANI - SAN LAZARO,442
