lat,lon,centro,ciudad,departamento,zona,dep_codigo,ubicacion
-25.5167,-54.6167,SNPP C.F.C. REMANSITO CDE,CIUDAD DEL ESTE,110- ALTO PARANA,ESTE,10,ciudad
-26.1,-55.9333,SNPP C.F.C.P. SAN JUAN DEPOMUCENO,SAN JUAN NEPOMUCENO,106- CAAZAPA,SUR,6,ciudad
-25.4833,-57.35,SNPP D.C.F.C.P. ITA,ITA,111- CENTRAL,CENTRO,11,ciudad
-25.28,-57.6344,SNPP D.C.T.A. PARAGUAY - COREA,ASUNCION,100- CAPITAL,CENTRO,0,ciudad
-24.994723,-57.552444,SNPP D.F.C. BAJO CHACO,BENJAMIN ACEVAL,115- PTE HAYES,NORTE Y CHACO,15,ciudad
-25.4833,-57.35,SNPP D.F.C. ITA,ITA,111- CENTRAL,CENTRO,11,ciudad
-25.45,-57.4,SNPP D.F.C. J AUGUSTO SALDIVAR,J. AUGUSTO SALDIVAR,111- CENTRAL,CENTRO,11,ciudad
-25.1683,-57.4942,SNPP D.F.C. LIMPIO,LIMPIO,111- CENTRAL,CENTRO,11,ciudad
-25.27,-57.4872,SNPP D.F.C. LUQUE,LUQUE,111- CENTRAL,CENTRO,11,ciudad
-25.2122,-57.5331,SNPP D.F.C. MARIANO ROQUE ALONSO,MARIANO ROQUE ALONSO,111- CENTRAL,CENTRO,11,ciudad
-25.654736,-56.308391,SNPP D.F.C. NATALICIO TALAVERA,NATALICIO TALAVERA,104- GUAIRA,CENTRO,4,ciudad
-25.283007,-57.700786,SNPP D.F.C. PILCOMAYO,NANAWA,115- PTE HAYES,NORTE Y CHACO,15,ciudad
-25.3431,-57.5094,SNPP D.F.C. SAN LORENZO,SAN LORENZO,111- CENTRAL,CENTRO,11,ciudad
-25.0925,-57.53,SNPP D.F.C.P REMANSITO VILLA HAYES,VILLA HAYES,115- PTE HAYES,NORTE Y CHACO,15,ciudad
,,SNPP D.F.C.P. ENCARNACION,ENCARNACION,110- ALTO PARANA,ESTE,10,sin_ubicacion
-25.664786,-56.952485,SNPP D.F.C.P. SAPUCAI,SAPUCAI,109- PARAGUARI,CENTRO,9,ciudad
-25.5167,-54.6167,SNPP D.F.C.P. ZONA FRANCA GLOBAL,CIUDAD DEL ESTE,110- ALTO PARANA,ESTE,10,ciudad
-22.3333,-60.0167,SNPP REGIONAL BOQUERON,FILADELFIA,116- BOQUERON,NORTE Y CHACO,16,ciudad
-25.466176,-56.018169,SNPP REGIONAL CAAGUAZU,CAAGUAZU,105- CAAGUAZU,CENTRO,5,ciudad
-24.0639,-54.3089,SNPP REGIONAL CANINDEYU,SALTO DEL GUAIRA,114- CANINDEYU,ESTE,14,ciudad
-23.4025,-57.4414,SNPP REGIONAL CONCEPCION,CONCEPCION,101- CONCEPCION,NORTE Y CHACO,1,ciudad
-25.6333,-57.15,SNPP REGIONAL PARAGUARI,PARAGUARI,109- PARAGUARI,CENTRO,9,ciudad
-26.8569,-58.3039,SNPP REGIONAL ÑEEMBUCU,PILAR,112- ÑEEMBUCU,SUR,12,ciudad
-27.390507864,-56.856936202,SNPP D.F.C. AYOLAS,AYOLAS,108- MISIONES,CENTRO,8,propia
-27.16608035,-56.241292915,SNPP REGIONAL ITAPUA,CORONEL BOGADO,107- ITAPUA,SUR,7,propia
-26.880395517,-57.033086633,SNPP C.F.C.P. SAN IGNACIO,SAN IGNACIO,108- MISIONES,SUR,8,propia
-26.678420857,-55.088285106,SNPP C.F.C.P. YATYTAY,YATYTAY,107- ITAPUA,CENTRO,7,propia
-26.66802402,-57.149379704,SNPP REGIONAL MISIONES,SAN JUAN BAUTISTA DE LAS MISIONES,108- MISIONES,SUR,8,propia
-25.787793483,-55.084265115,SNPP D.C.T.A. SANTA RITA,SANTA RITA,110- ALTO PARANA,CENTRO,10,propia
-25.778008861,-56.4275056,SNPP REGIONAL GUAIRA,VILLARRICA,104- GUAIRA,SUR,4,propia
-25.612687943,-57.460545375,SNPP D.F.C. NUEVA ITALIA,NUEVA ITALIA,111- CENTRAL,CENTRO,11,propia
-25.514116755,-57.552434206,SNPP D.F.C. VILLETA,VILLETA,111- CENTRAL,CENTRO,11,propia
-25.502408382,-57.375991677,SNPP D.F.C. PARANAMBU,ITA,111- CENTRAL,CENTRO,11,propia
-25.490055515,-57.464978562,SNPP D.F.C. GUARAMBARE,GUARAMBARE,111- CENTRAL,CENTRO,11,propia
-25.451328994,-57.519122148,SNPP D.F.C. YPANE,YPANE,111- CENTRAL,CENTRO,11,propia
-25.410161255,-54.639202858,SNPP REGIONAL ALTO PARANA,HERNANDARIAS,110- ALTO PARANA,ESTE,10,propia
-25.401478189,-57.283573588,SNPP D.F.C. YPACARAI,YPACARAI,103- CORDILLERA,CENTRO,3,propia
-25.390930275,-57.351439935,SNPP D.F.C. ITAUGUA,ITAUGUA,111- CENTRAL,CENTRO,11,propia
-25.388579271,-57.465436302,SNPP D.F.C. PARQUE INDUSTRIAL CAPIATA,CAPIATA,111- CENTRAL,CENTRO,11,propia
-25.382976305,-57.138098515,SNPP REGIONAL CORDILLERA,CAACUPE,103- CORDILLERA,CENTRO,3,propia
-25.371901963,-57.583212618,SNPP D.F.C. VILLA ELISA,VILLA ELISA,111- CENTRAL,CENTRO,11,propia
-25.371471338,-57.458842348,SNPP D.F.C. CAPIATA CENTRO,CAPIATA,111- CENTRAL,CENTRO,11,propia
-25.354209813,-57.442034731,SNPP D.F.C. CAPIATA KM 21,CAPIATA,111- CENTRAL,CENTRO,11,propia
-25.340027211,-57.523192671,SNPP DIRECCION PROGRAMA DE EMPRENDEDURISMO,SAN LORENZO,111- CENTRAL,CENTRO,11,propia
-25.33957773,-57.599705129,SNPP D.F.C. LAMBARE,LAMBARE,111- CENTRAL,CENTRO,11,propia
-25.334514874,-57.526891128,SNPP D.C.T.F.P. PARAGUAY - JAPON,SAN LORENZO,111- CENTRAL,CENTRO,11,propia
-25.312144049,-57.378006891,SNPP D.F.C. AREGUA,AREGUA,111- CENTRAL,CENTRO,11,propia
-25.177820631,-57.483410076,SNPP D.F.C. ABASTO NORTE,FERNANDO DE LA MORA,111- CENTRAL,CENTRO,11,propia
-24.533999954,-56.407132962,SNPP C.F.C.P. GUAJAYVI,GUAJAYVI,102- SAN PEDRO,NORTE Y CHACO,2,propia
-24.187631089,-56.569404968,SNPP REGIONAL SAN PEDRO,CHORE,102- SAN PEDRO,NORTE Y CHACO,2,propia
-23.173647252,-56.7733889,SNPP C.F.C.P. ARROYITO,ARROYITO,101- CONCEPCION,NORTE Y CHACO,1,propia
-22.536990325,-55.746872669,SNPP REGIONAL AMAMBAY,PEDRO JUAN CABALLERO,113- AMAMBAY,NORTE Y CHACO,13,propia
-22.282869856,-57.940006342,SNPP D.F.C ALTO PARAGUAY - PTO CASADO,PUERTO CASADO,117- ALTO PARAGUAY,NORTE Y CHACO,17,propia
