departamento_geo,distrito,ruta_codigo,km_ruta
ALTO PARAGUAY,Bahia Negra,PY14,419
ALTO PARAGUAY,Bahia Negra,PY16,119
ALTO PARAGUAY,Carmelo Peralta,PY15,97
ALTO PARAGUAY,Fuerte Olimpo,PY16,61
ALTO PARAGUAY,Puerto Casado,PY15,125
ALTO PARAGUAY,Puerto Casado,PY16,35
ALTO PARANA,Ciudad Del Este,PY02,25
ALTO PARANA,Ciudad Del Este,PY07,12
ALTO PARANA,Domingo Martinez De Irala,PY07,13
ALTO PARANA,Dr. Juan Leon Mallorquin,PY02,21
ALTO PARANA,Dr. Raul Peña,PY06,10
ALTO PARANA,Dr. Raul Peña,PY18,4
ALTO PARANA,Hernandarias,PY07,48
ALTO PARANA,Iruña,PY06,12
ALTO PARANA,Itakyry,PY07,2
ALTO PARANA,Itakyry,PY21,42
ALTO PARANA,Juan E. O´Leary,PY02,13
ALTO PARANA,Los Cedrales,PY07,21
ALTO PARANA,Mbaracayu,PY07,12
ALTO PARANA,Mbaracayu,PY21,62
ALTO PARANA,Minga Guazu,PY02,45
ALTO PARANA,Minga Guazu,PY06,15
ALTO PARANA,Minga Pora,PY07,32
ALTO PARANA,Naranjal,PY06,17
ALTO PARANA,Naranjal,PY10,34
ALTO PARANA,Presidente Franco,PY07,23
ALTO PARANA,San Alberto,PY07,17
ALTO PARANA,San Alberto,PY21,7
ALTO PARANA,San Cristobal,PY10,13
ALTO PARANA,Santa Fe Del Parana,PY07,15
ALTO PARANA,Santa Rita,PY06,26
ALTO PARANA,Santa Rita,PY10,1
ALTO PARANA,Tavapy,PY06,12
ALTO PARANA,Yguazu,PY02,57
ALTO PARANA,Ñacunday,PY07,43
AMAMBAY,Bella Vista,PY08,72
AMAMBAY,Capitan Bado,PY11,65
AMAMBAY,Capitan Bado,PY17,83
AMAMBAY,Pedro Juan Caballero,PY05,63
AMAMBAY,Pedro Juan Caballero,PY08,1
AMAMBAY,Pedro Juan Caballero,PY17,9
AMAMBAY,Zanja Pyta,PY17,54
ASUNCION,Asuncion,PY01,10
ASUNCION,Asuncion,PY02,10
ASUNCION,Asuncion,PY03,13
BOQUERON,Filadelfia,PY09,42
BOQUERON,Filadelfia,PY15,54
BOQUERON,Filadelfia,PY16,164
BOQUERON,Loma Plata,PY09,17
BOQUERON,Loma Plata,PY15,17
BOQUERON,Mariscal Estigarribia,PY05,42
BOQUERON,Mariscal Estigarribia,PY09,295
BOQUERON,Mariscal Estigarribia,PY12,345
BOQUERON,Mariscal Estigarribia,PY15,237
BOQUERON,Mariscal Estigarribia,PY16,122
CAAGUAZU,Caaguazu,PY02,66
CAAGUAZU,Caaguazu,PY13,35
CAAGUAZU,Carayao,PY08,19
CAAGUAZU,Carayao,PY21,28
CAAGUAZU,Cecilio Baez,PY21,18
CAAGUAZU,Coronel Oviedo,PY02,45
CAAGUAZU,Coronel Oviedo,PY08,44
CAAGUAZU,Dr. Juan Manuel Frutos,PY02,34
CAAGUAZU,Dr. Juan Manuel Frutos,PY13,4
CAAGUAZU,J Eulogio Estigarribia,PY02,49
CAAGUAZU,Jose Domingo Ocampos,PY02,9
CAAGUAZU,Nueva Londres,PY02,7
CAAGUAZU,Nueva Toledo,PY21,57
CAAGUAZU,Raul Arsenio Oviedo,PY21,2
CAAGUAZU,Repatriacion,PY13,17
CAAGUAZU,San Joaquin,PY13,3
CAAGUAZU,San Joaquin,PY21,21
CAAGUAZU,San Jose De Los Arroyos,PY02,28
CAAGUAZU,Santa Rosa Del Mbutuy,PY08,7
CAAGUAZU,Simon Bolivar,PY08,15
CAAGUAZU,Simon Bolivar,PY21,3
CAAGUAZU,Vaqueria,PY03,2
CAAGUAZU,Vaqueria,PY13,13
CAAGUAZU,Vaqueria,PY21,17
CAAGUAZU,Yhu,PY13,36
CAAGUAZU,Yhu,PY21,10
CAAZAPA,Abai,PY10,40
CAAZAPA,Abai,PY18,2
CAAZAPA,Caazapa,PY08,25
CAAZAPA,Fulgencio Yegros,PY08,16
CAAZAPA,General Higinio Morinigo,PY18,11
CAAZAPA,Maciel,PY08,17
CAAZAPA,Moises Bertoni,PY08,19
CAAZAPA,San Juan Nepomuceno,PY18,35
CAAZAPA,Tavai,PY18,43
CAAZAPA,Yuty,PY08,28
CANINDEYU,Corpus Christi,PY03,18
CANINDEYU,Corpus Christi,PY07,48
CANINDEYU,Corpus Christi,PY17,30
CANINDEYU,Curuguaty,PY03,50
CANINDEYU,Curuguaty,PY13,32
CANINDEYU,Francisco Caballero Alvarez,PY03,12
CANINDEYU,Itanara,PY17,53
CANINDEYU,Katuete,PY03,14
CANINDEYU,Katuete,PY07,17
CANINDEYU,La Paloma,PY03,12
CANINDEYU,Nueva Esperanza,PY07,21
CANINDEYU,Saltos Del Guaira,PY03,25
CANINDEYU,Saltos Del Guaira,PY17,14
CANINDEYU,Villa Ygatimí,PY13,43
CANINDEYU,Villa Ygatimí,PY17,27
CANINDEYU,Yasy Kañy,PY03,23
CANINDEYU,Yasy Kañy,PY13,32
CANINDEYU,Ybyrarobana,PY03,46
CANINDEYU,Ype Jhu,PY13,2
CANINDEYU,Ype Jhu,PY17,19
CENTRAL,Capiata,PY02,20
CENTRAL,Fernando De La Mora,PY01,3
CENTRAL,Fernando De La Mora,PY02,6
CENTRAL,Guarambare,PY01,5
CENTRAL,Ita,PY01,13
CENTRAL,Itaugua,PY02,18
CENTRAL,Limpio,PY03,15
CENTRAL,Mariano Roque Alonso,PY03,13
CENTRAL,Nueva Italia,PY18,10
CENTRAL,San Antonio,PY01,5
CENTRAL,San Lorenzo,PY02,12
CENTRAL,Villa Elisa,PY01,4
CENTRAL,Villeta,PY18,8
CENTRAL,Villeta,PY19,43
CENTRAL,Ypacarai,PY02,24
CENTRAL,Ypane,PY01,8
CENTRAL,Ñemby,PY01,17
CONCEPCION,Azotey,PY08,27
CONCEPCION,Belen,PY05,3
CONCEPCION,Belen,PY22,10
CONCEPCION,Concepcion,PY05,30
CONCEPCION,Concepcion,PY22,139
CONCEPCION,Horqueta,PY05,77
CONCEPCION,Loreto,PY22,9
CONCEPCION,San Lazaro,PY22,50
CONCEPCION,Yvy Ya´U,PY05,46
CONCEPCION,Yvy Ya´U,PY08,29
CORDILLERA,Arroyos Y Esteros,PY03,30
CORDILLERA,Caacupe,PY02,20
CORDILLERA,Emboscada,PY03,19
CORDILLERA,Eusebio Ayala,PY02,19
CORDILLERA,Itacurubi De La Cordillera,PY02,13
CORDILLERA,Juan De Mena,PY03,16
CORDILLERA,Juan De Mena,PY21,52
CORDILLERA,Piribebuy,PY02,2
GUAIRA,Borja,PY18,18
GUAIRA,Colonia Independencia,PY10,24
GUAIRA,Coronel Martinez,PY10,9
GUAIRA,Felix Perez Cardozo,PY10,10
GUAIRA,General Eugenio A. Garay,PY18,19
GUAIRA,Iturbe,PY08,5
GUAIRA,Iturbe,PY18,5
GUAIRA,Jose Fassardi,PY18,11
GUAIRA,Mbocayaty,PY08,8
GUAIRA,Mbocayaty,PY10,11
GUAIRA,Natalicio Talavera,PY10,1
GUAIRA,Paso Yobai,PY10,35
GUAIRA,Paso Yobai,PY13,15
GUAIRA,San Salvador,PY18,13
GUAIRA,Tebicuary,PY10,5
GUAIRA,Villarrica,PY08,24
GUAIRA,Villarrica,PY10,5
GUAIRA,Yataity,PY08,8
GUAIRA,Ñumi,PY08,8
GUAIRA,Ñumi,PY18,4
ITAPUA,Bella Vista,PY06,13
ITAPUA,Cambyreta,PY06,4
ITAPUA,Capitan Meza,PY06,12
ITAPUA,Capitan Meza,PY07,19
ITAPUA,Capitan Miranda,PY06,13
ITAPUA,Carlos Antonio Lopez,PY06,2
ITAPUA,Carlos Antonio Lopez,PY07,25
ITAPUA,Carlos Antonio Lopez,PY18,41
ITAPUA,Carmen Del Parana,PY01,16
ITAPUA,Coronel Bogado,PY01,36
ITAPUA,Coronel Bogado,PY08,15
ITAPUA,Edelira,PY06,21
ITAPUA,Edelira,PY07,1
ITAPUA,Encarnacion,PY01,17
ITAPUA,Encarnacion,PY06,19
ITAPUA,General Artigas,PY08,19
ITAPUA,General Delgado,PY01,17
ITAPUA,Hohenau,PY06,6
ITAPUA,Leandro Oviedo,PY08,12
ITAPUA,Mayor Otaño,PY07,12
ITAPUA,Mayor Otaño,PY18,9
ITAPUA,Natalio,PY07,14
ITAPUA,Obligado,PY06,4
ITAPUA,Pirapo,PY06,24
ITAPUA,Pirapo,PY07,8
ITAPUA,San Juan Del Parana,PY01,14
ITAPUA,San Pedro Del Parana,PY08,9
ITAPUA,San Rafael Del Parana,PY06,20
ITAPUA,San Rafael Del Parana,PY07,24
ITAPUA,San Rafael Del Parana,PY18,24
ITAPUA,Tomas Romero Pereira,PY06,23
ITAPUA,Trinidad,PY06,13
ITAPUA,Yatytay,PY07,9
MISIONES,Ayolas,PY20,48
MISIONES,San Ignacio,PY01,31
MISIONES,San Ignacio,PY04,36
MISIONES,San Juan Bautista,PY01,23
MISIONES,San Juan Bautista,PY04,22
MISIONES,San Miguel,PY01,12
MISIONES,San Patricio,PY01,6
MISIONES,San Patricio,PY20,1
MISIONES,Santa Rosa,PY01,15
MISIONES,Santiago,PY01,17
MISIONES,Santiago,PY20,30
MISIONES,Villa Florida,PY01,14
MISIONES,Yabebyry,PY20,15
PARAGUARI,Acahay,PY18,31
PARAGUARI,Caapucu,PY01,38
PARAGUARI,Carapegua,PY01,14
PARAGUARI,Carapegua,PY18,34
PARAGUARI,Escobar,PY10,9
PARAGUARI,General Bernardino Caballero,PY10,7
PARAGUARI,La Colmena,PY18,17
PARAGUARI,Paraguari,PY01,20
PARAGUARI,Paraguari,PY10,11
PARAGUARI,Quiindy,PY01,28
PARAGUARI,San Roque Gonzalez,PY01,12
PARAGUARI,Sapucai,PY10,13
PARAGUARI,Tebicuary-Mi,PY18,16
PARAGUARI,Yaguaron,PY01,19
PARAGUARI,Yaguaron,PY10,1
PARAGUARI,Yvytimi,PY10,17
PARAGUARI,Yvytimi,PY18,2
PRESIDENTE HAYES,Benjamin Aceval,PY09,173
PRESIDENTE HAYES,General Jose Maria Bruguez,PY12,93
PRESIDENTE HAYES,Jose Falcon,PY09,11
PRESIDENTE HAYES,Jose Falcon,PY12,104
PRESIDENTE HAYES,Tte 1Ro Manuel Irala Fernandez,PY05,116
PRESIDENTE HAYES,Tte 1Ro Manuel Irala Fernandez,PY09,79
PRESIDENTE HAYES,Tte 1Ro Manuel Irala Fernandez,PY16,68
PRESIDENTE HAYES,Tte. Esteban Martinez,PY05,87
PRESIDENTE HAYES,Tte. Esteban Martinez,PY12,192
PRESIDENTE HAYES,Villa Hayes,PY05,172
PRESIDENTE HAYES,Villa Hayes,PY09,161
PRESIDENTE HAYES,Villa Hayes,PY12,4
SAN PEDRO,25 De Diciembre,PY03,48
SAN PEDRO,Antequera,PY11,8
SAN PEDRO,Capiibary,PY13,9
SAN PEDRO,General Elizardo Aquino,PY22,15
SAN PEDRO,General Resquin,PY08,6
SAN PEDRO,Guajayvi,PY03,22
SAN PEDRO,Guajayvi,PY08,31
SAN PEDRO,Itacurubi Del Rosario,PY22,29
SAN PEDRO,Liberacion,PY08,22
SAN PEDRO,Lima,PY08,21
SAN PEDRO,Nueva Germania,PY08,4
SAN PEDRO,Nueva Germania,PY11,18
SAN PEDRO,San Estanislao,PY03,26
SAN PEDRO,San Estanislao,PY08,21
SAN PEDRO,San Estanislao,PY22,15
SAN PEDRO,San Pablo,PY22,20
SAN PEDRO,San Pedro Del Ykuamandiyu,PY11,53
SAN PEDRO,San Pedro Del Ykuamandiyu,PY22,100
SAN PEDRO,Santa Rosa Del Aguaray,PY08,26
SAN PEDRO,Santa Rosa Del Aguaray,PY11,85
SAN PEDRO,Tacuati,PY08,21
SAN PEDRO,Villa Del Rosario,PY22,55
SAN PEDRO,Yataity Del Norte,PY08,22
SAN PEDRO,Yryvu Cua,PY03,28
ÑEEMBUCU,Alberdi,PY19,11
ÑEEMBUCU,Cerrito,PY20,15
ÑEEMBUCU,Desmochados,PY20,21
ÑEEMBUCU,General Diaz,PY20,16
ÑEEMBUCU,Guazu Cua,PY04,28
ÑEEMBUCU,Guazu Cua,PY19,6
ÑEEMBUCU,Humaita,PY04,27
ÑEEMBUCU,Isla Umbu,PY04,18
ÑEEMBUCU,Los Laureles,PY20,41
ÑEEMBUCU,Mayor Martinez,PY20,9
ÑEEMBUCU,Paso De Patria,PY04,9
ÑEEMBUCU,Paso De Patria,PY20,13
ÑEEMBUCU,Pilar,PY04,19
ÑEEMBUCU,San Juan Bautista De Ñeembucu,PY19,14
ÑEEMBUCU,Tacuaras,PY04,37
ÑEEMBUCU,Tacuaras,PY19,19
ÑEEMBUCU,Villa Franca,PY19,46
ÑEEMBUCU,Villa Oliva,PY19,53
ÑEEMBUCU,Villalbin,PY20,25
