establecimiento_id,institucion,lat,lon,nombre,prestador,ciudad,departamento,dep_codigo,ubicacion,departamento_geo,departamento_geo_id,departamento_geo_asignacion,departamento_geo_dist_m,distrito,distrito_id,distrito_asignacion,distrito_dist_m
1,IPS,-27.38748,-56.81882,AYOLAS,IPS,AYOLAS,108- MISIONES,8,propia,MISIONES,63826900B67002830619694,dentro,0.0,Ayolas,47425931B21436275260481,dentro,0.0
2,IPS,-27.38071,-57.16606,YABEBYRY CONVENIO,CONVENIO,YABEBYRY,108- MISIONES,8,propia,MISIONES,63826900B67002830619694,dentro,0.0,Yabebyry,47425931B45469059219691,dentro,0.0
3,IPS,-27.32377,-55.86,ENCARNACION,IPS,ENCARNACION,107- ITAPUA,7,propia,ITAPUA,63826900B60028824512427,dentro,0.0,Encarnacion,47425931B96706939723019,dentro,0.0
4,IPS,-27.31366,-56.3292,SAN COSME Y SAN DAMIAN CONVENIO,CONVENIO,SAN COSME Y DAMIAN,107- ITAPUA,7,propia,ITAPUA,63826900B60028824512427,dentro,0.0,San Cosme Y Damian,47425931B11559907050276,dentro,0.0
5,IPS,-27.2238,-56.15683,CARMEN DEL PARANA CONVENIO,CONVENIO,CARMEN DEL PARANA,107- ITAPUA,7,propia,ITAPUA,63826900B60028824512427,dentro,0.0,Carmen Del Parana,47425931B15744178137183,dentro,0.0
6,IPS,-27.2172,-55.80003,CAPITAN MIRANDA CONVENIO,CONVENIO,CAPITAN MIRANDA,107- ITAPUA,7,propia,ITAPUA,63826900B60028824512427,dentro,0.0,Capitan Miranda,47425931B91418147775441,dentro,0.0
7,IPS,-27.16998,-56.23269,CORONEL BOGADO CONVENIO,CONVENIO,CORONEL BOGADO,107- ITAPUA,7,propia,ITAPUA,63826900B60028824512427,dentro,0.0,Coronel Bogado,47425931B83654812960354,dentro,0.0
8,IPS,-27.13957,-56.76138,SANTIAGO MISIONES CONVENIO,CONVENIO,SANTIAGO,108- MISIONES,8,propia,MISIONES,63826900B67002830619694,dentro,0.0,Santiago,47425931B49333726981695,dentro,0.0
9,IPS,-27.09669,-56.01279,FRAM CONVENIO,CONVENIO,FRAM,107- ITAPUA,7,propia,ITAPUA,63826900B60028824512427,dentro,0.0,Fram,47425931B52134687672171,dentro,0.0
10,IPS,-27.0826,-55.64786,HOHENAU,IPS,HOHENAU,107- ITAPUA,7,propia,ITAPUA,63826900B60028824512427,dentro,0.0,Hohenau,47425931B28158363766734,dentro,0.0
11,IPS,-27.04224,-55.57899,BELLA VISTA SUR CONVENIO,CONVENIO,BELLA VISTA,107- ITAPUA,7,propia,ITAPUA,63826900B60028824512427,dentro,0.0,Bella Vista,47425931B90614418626785,dentro,0.0
12,IPS,-26.93264,-56.2142,GENERAL ARTIGAS CONVENIO,CONVENIO,GENERAL ARTIGAS,107- ITAPUA,7,propia,ITAPUA,63826900B60028824512427,dentro,0.0,General Artigas,47425931B4560733474080,dentro,0.0
13,IPS,-26.8894,-56.84639,SANTA ROSA CONVENIO,CONVENIO,SANTA ROSA,108- MISIONES,8,propia,MISIONES,63826900B67002830619694,dentro,0.0,Santa Rosa,47425931B18264342128732,dentro,0.0
14,IPS,-26.88827,-57.03132,SAN IGNACIO (MISIONES),IPS,SAN IGNACIO,108- MISIONES,8,propia,MISIONES,63826900B67002830619694,dentro,0.0,San Ignacio,47425931B54647464892971,dentro,0.0
15,IPS,-26.86604,-55.55759,PIRAPO CONVENIO,CONVENIO,PIRAPO,107- ITAPUA,7,propia,ITAPUA,63826900B60028824512427,dentro,0.0,Pirapo,47425931B14621993398490,dentro,0.0
16,IPS,-26.85907,-58.30444,PILAR,IPS,PILAR,112- ÑEEMBUCU,12,propia,ÑEEMBUCU,63826900B28816426657500,dentro,0.0,Pilar,47425931B93456312703363,dentro,0.0
17,IPS,-26.83575,-56.20359,SAN PEDRO DEL PARANA CONVENIO,CONVENIO,SAN PEDRO DEL PARANA,107- ITAPUA,7,propia,ITAPUA,63826900B60028824512427,dentro,0.0,San Pedro Del Parana,47425931B71195926301868,dentro,0.0
18,IPS,-26.82969,-55.3412,CAPITAN MEZA CONVENIO,CONVENIO,EDELIRA,107- ITAPUA,7,propia,ITAPUA,63826900B60028824512427,dentro,0.0,Capitan Meza,47425931B69864722060103,dentro,0.0
19,IPS,-26.78426,-56.94379,SANTA MARIA DE FE CONVENIO,CONVENIO,SANTA MARIA,108- MISIONES,8,propia,MISIONES,63826900B67002830619694,dentro,0.0,Santa Maria,47425931B50550503413829,dentro,0.0
20,IPS,-26.77028,-55.28198,EDELIRA KM28 CONVENIO,CONVENIO,EDELIRA,107- ITAPUA,7,propia,ITAPUA,63826900B60028824512427,dentro,0.0,Edelira,47425931B65236924307389,dentro,0.0
21,IPS,-26.75978,-55.13887,NATALIO 10 CONVENIO,CONVENIO,NATALIO,107- ITAPUA,7,propia,ITAPUA,63826900B60028824512427,dentro,0.0,Natalio,47425931B71261489708268,dentro,0.0
22,IPS,-26.75053,-55.76873,ALTO VERA CONVENIO,CONVENIO,ALTO VERA,107- ITAPUA,7,propia,ITAPUA,63826900B60028824512427,dentro,0.0,Alto Vera,47425931B66912953535123,dentro,0.0
23,IPS,-26.67448,-55.08645,YATYTAY CONVENIO,CONVENIO,NATALIO,107- ITAPUA,7,propia,ITAPUA,63826900B60028824512427,dentro,0.0,Yatytay,47425931B91866616230120,dentro,0.0
24,IPS,-26.67038,-57.1383,SAN JUAN BAUTISTA (MISIONES),IPS,SAN JUAN BAUTISTA,108- MISIONES,8,propia,MISIONES,63826900B67002830619694,dentro,0.0,San Juan Bautista,47425931B38930159427719,dentro,0.0
25,IPS,-26.63209,-55.51942,ITAPUA POTY CONVENIO,CONVENIO,ITAPUA POTY,107- ITAPUA,7,propia,ITAPUA,63826900B60028824512427,dentro,0.0,Itapua Poty,47425931B41037270285789,dentro,0.0
26,IPS,-26.61335,-56.24556,YUTY,IPS,YUTY,106- CAAZAPA,6,propia,CAAZAPA,63826900B61362972321879,dentro,0.0,Yuty,47425931B1398699740140,dentro,0.0
27,IPS,-26.53941,-55.26009,MARIA AUXILIADORA,IPS,TOMAS ROMERO PEREIRA,107- ITAPUA,7,propia,ITAPUA,63826900B60028824512427,dentro,0.0,Tomas Romero Pereira,47425931B11775105673741,dentro,0.0
28,IPS,-26.5328,-57.03873,SAN MIGUEL CONVENIO,CONVENIO,SAN MIGUEL,108- MISIONES,8,propia,MISIONES,63826900B67002830619694,dentro,0.0,San Miguel,47425931B69612635688785,dentro,0.0
29,IPS,-26.45402,-56.40286,FULGENCIO YEGROS,IPS,YEGROS,106- CAAZAPA,6,propia,CAAZAPA,63826900B61362972321879,dentro,0.0,Fulgencio Yegros,47425931B93542049672421,dentro,0.0
30,IPS,-26.40786,-57.12454,VILLA FLORIDA CONVENIO,CONVENIO,VILLA FLORIDA,108- MISIONES,8,propia,MISIONES,63826900B67002830619694,dentro,0.0,Villa Florida,47425931B37959721826279,dentro,0.0
31,IPS,-26.4013,-54.75497,CARLOS ANTONIO LOPEZ CONVENIO,CONVENIO,CARLOS ANTONIO LOPEZ,107- ITAPUA,7,propia,ITAPUA,63826900B60028824512427,dentro,0.0,Carlos Antonio Lopez,47425931B68288210369320,dentro,0.0
32,IPS,-26.35038,-54.72499,MAYOR OTAÑO CONVENIO,CONVENIO,MAYOR OTANO,107- ITAPUA,7,propia,ITAPUA,63826900B60028824512427,dentro,0.0,Mayor Otaño,47425931B7844560201396,dentro,0.0
33,IPS,-26.3209,-55.03199,KRESS BURGO (FRUTIKA),IPS,CARLOS ANTONIO LOPEZ,107- ITAPUA,7,propia,ITAPUA,63826900B60028824512427,dentro,0.0,Carlos Antonio Lopez,47425931B68288210369320,dentro,0.0
34,IPS,-26.22946,-57.18393,CAAPUCU CONVENIO,CONVENIO,CAAPUCU,109- PARAGUARI,9,propia,PARAGUARI,63826900B9584917578086,dentro,0.0,Caapucu,47425931B30600936267383,dentro,0.0
35,IPS,-26.22751,-56.99014,QUYQUYHO CONVENIO,CONVENIO,QUYQUYHO,109- PARAGUARI,9,propia,PARAGUARI,63826900B9584917578086,dentro,0.0,Quyquyho,47425931B73656125122018,dentro,0.0
36,IPS,-26.21845,-56.75497,MBUYAPEY CONVENIO,CONVENIO,MBUYAPEY,109- PARAGUARI,9,propia,PARAGUARI,63826900B9584917578086,dentro,0.0,Mbuyapey,47425931B87579262269386,dentro,0.0
37,IPS,-26.19644,-56.36908,CAAZAPA,IPS,CAAZAPA,106- CAAZAPA,6,propia,CAAZAPA,63826900B61362972321879,dentro,0.0,Caazapa,47425931B16732947296131,dentro,0.0
38,IPS,-26.18521,-58.14434,ALBERDI CONVENIO,CONVENIO,ALBERDI,112- ÑEEMBUCU,12,propia,ÑEEMBUCU,63826900B28816426657500,dentro,0.0,Alberdi,47425931B33852864254301,dentro,0.0
39,IPS,-26.18486,-56.08283,BUENA VISTA CONVENIO,CONVENIO,BUENA VISTA,106- CAAZAPA,6,propia,CAAZAPA,63826900B61362972321879,dentro,0.0,Buena Vista,47425931B81209054535070,dentro,0.0
40,IPS,-26.11088,-55.93566,SAN JUAN NEPOMUCENO,IPS,SAN JUAN NEPOMUCENO,106- CAAZAPA,6,propia,CAAZAPA,63826900B61362972321879,dentro,0.0,San Juan Nepomuceno,47425931B65387565027300,dentro,0.0
41,IPS,-26.05676,-56.48942,ITURBE,IPS,ITURBE,104- GUAIRA,4,propia,GUAIRA,63826900B69896036469417,dentro,0.0,Iturbe,47425931B96553432870417,dentro,0.0
42,IPS,-26.01904,-57.026,YBYCUI,IPS,YBYCUI,109- PARAGUARI,9,propia,PARAGUARI,63826900B9584917578086,dentro,0.0,Yvycui,47425931B37982721913567,dentro,0.0
43,IPS,-25.98171,-56.12188,JOSE FASSARDI CONVENIO,CONVENIO,JOSE FASSARDI,104- GUAIRA,4,propia,GUAIRA,63826900B69896036469417,dentro,0.0,Jose Fassardi,47425931B95709781555100,dentro,0.0
44,IPS,-25.97443,-57.2334,QUIINDY,IPS,QUIINDY,109- PARAGUARI,9,propia,PARAGUARI,63826900B9584917578086,dentro,0.0,Quiindy,47425931B40906431776184,dentro,0.0
45,IPS,-25.91341,-57.11226,ACAHAY CONVENIO,CONVENIO,ACAHAY,109- PARAGUARI,9,propia,PARAGUARI,63826900B9584917578086,dentro,0.0,Acahay,47425931B56385993727393,dentro,0.0
46,IPS,-25.7991,-55.08606,SANTA RITA,IPS,SANTA RITA,110- ALTO PARANA,10,propia,ALTO PARANA,63826900B70318852287741,dentro,0.0,Santa Rita,47425931B63725749770711,dentro,0.0
47,IPS,-25.77761,-56.45073,VILLARRICA,IPS,VILLARRICA,104- GUAIRA,4,propia,GUAIRA,63826900B69896036469417,dentro,0.0,Villarrica,47425931B65676015354684,dentro,0.0
48,IPS,-25.77444,-56.64816,TEBICUARY,IPS,CORONEL MARTINEZ,104- GUAIRA,4,propia,GUAIRA,63826900B69896036469417,dentro,0.0,Tebicuary,47425931B23814985752255,dentro,0.0
49,IPS,-25.76677,-57.24775,CARAPEGUA,IPS,CARAPEGUA,109- PARAGUARI,9,propia,PARAGUARI,63826900B9584917578086,dentro,0.0,Carapegua,47425931B68154717319371,dentro,0.0
50,IPS,-25.71751,-56.00245,PASO YOBAI,IPS,PASO YOBAI,104- GUAIRA,4,propia,GUAIRA,63826900B69896036469417,dentro,0.0,Paso Yobai,47425931B97963886844876,dentro,0.0
51,IPS,-25.69245,-56.8608,LA COLMENA,IPS,YBYTIMI,109- PARAGUARI,9,propia,PARAGUARI,63826900B9584917578086,dentro,0.0,General Bernardino Caballero,47425931B37518419956251,dentro,0.0
52,IPS,-25.6808,-56.29622,INDEPENDENCIA,IPS,COLONIA INDEPENDENCIA,104- GUAIRA,4,propia,GUAIRA,63826900B69896036469417,dentro,0.0,Natalicio Talavera,47425931B20242307055378,dentro,0.0
53,IPS,-25.6279,-56.2777,MAURICIO J. TROCHE CONVENIO,IPS,NATALICIO TALAVERA,104- GUAIRA,4,propia,GUAIRA,63826900B69896036469417,dentro,0.0,Mauricio Jose Troche,47425931B79901045187341,dentro,0.0
54,IPS,-25.62551,-57.14947,PARAGUARI,IPS,PARAGUARI,109- PARAGUARI,9,propia,PARAGUARI,63826900B9584917578086,dentro,0.0,Paraguari,47425931B85309481021662,dentro,0.0
55,IPS,-25.55785,-54.60167,PTO. PTE. FRANCO,IPS,PRESIDENTE FRANCO,110- ALTO PARANA,10,propia,ALTO PARANA,63826900B70318852287741,dentro,0.0,Presidente Franco,47425931B38002269801439,dentro,0.0
56,IPS,-25.53443,-56.73176,SAN JOSE DE LOS ARROYOS,IPS,SAN JOSE DE LOS ARROYOS,105- CAAGUAZU,5,propia,CAAGUAZU,63826900B47245134487422,dentro,0.0,San Jose De Los Arroyos,47425931B29624181669956,dentro,0.0
57,IPS,-25.512,-54.62405,CIUDAD DEL ESTE,IPS,CIUDAD DEL ESTE,110- ALTO PARANA,10,propia,ALTO PARANA,63826900B70318852287741,dentro,0.0,Ciudad Del Este,47425931B11106489367455,dentro,0.0
58,IPS,-25.50937,-57.35873,UBAS ITA,IPS,ITA,111- CENTRAL,11,propia,CENTRAL,63826900B88193761383216,dentro,0.0,Ita,47425931B95815374080744,dentro,0.0
59,IPS,-25.50708,-57.5603,VILLETA,IPS,VILLETA,111- CENTRAL,11,propia,CENTRAL,63826900B88193761383216,dentro,0.0,Villeta,47425931B85980467085082,dentro,0.0
60,IPS,-25.4907,-57.45723,GUARAMBARE,IPS,GUARAMBARE,111- CENTRAL,11,propia,CENTRAL,63826900B88193761383216,dentro,0.0,Guarambare,47425931B10108460675613,dentro,0.0
61,IPS,-25.48454,-54.76285,MINGA GUAZU,IPS,MINGA GUAZU,110- ALTO PARANA,10,propia,ALTO PARANA,63826900B70318852287741,dentro,0.0,Minga Guazu,47425931B78858400200238,dentro,0.0
62,IPS,-25.46822,-57.03722,PIRIBEBUY CONVENIO,CONVENIO,PIRIBEBUY,103- CORDILLERA,3,propia,CORDILLERA,63826900B75072183549736,dentro,0.0,Piribebuy,47425931B37607147629308,dentro,0.0
63,IPS,-25.4665,-56.44445,CNEL. OVIEDO,IPS,CORONEL OVIEDO,105- CAAGUAZU,5,propia,CAAGUAZU,63826900B47245134487422,dentro,0.0,Coronel Oviedo,47425931B56616800786752,dentro,0.0
64,IPS,-25.46542,-56.00989,CAAGUAZU,IPS,CAAGUAZU,105- CAAGUAZU,5,propia,CAAGUAZU,63826900B47245134487422,dentro,0.0,Caaguazu,47425931B75629081297977,dentro,0.0
65,IPS,-25.42075,-57.56576,SAN ANTONIO,IPS,SAN ANTONIO,111- CENTRAL,11,propia,CENTRAL,63826900B88193761383216,dentro,0.0,San Antonio,47425931B50668499022522,dentro,0.0
66,IPS,-25.40828,-54.63754,HERNANDARIAS,IPS,HERNANDARIAS,110- ALTO PARANA,10,propia,ALTO PARANA,63826900B70318852287741,dentro,0.0,Hernandarias,47425931B94368242537518,dentro,0.0
67,IPS,-25.40479,-57.28862,YPACARAI,IPS,YPACARAI,111- CENTRAL,11,propia,CENTRAL,63826900B88193761383216,dentro,0.0,Ypacarai,47425931B53869937317029,dentro,0.0
68,IPS,-25.39356,-57.35282,ITAUGUA,IPS,ITAUGUA,111- CENTRAL,11,propia,CENTRAL,63826900B88193761383216,dentro,0.0,Itaugua,47425931B6791761944562,dentro,0.0
69,IPS,-25.38361,-55.83273,JUAN MANUEL FRUTOS,IPS,DR. JUAN MANUEL FRUTOS,105- CAAGUAZU,5,propia,CAAGUAZU,63826900B47245134487422,dentro,0.0,Dr. Juan Manuel Frutos,47425931B75756741790300,dentro,0.0
70,IPS,-25.38339,-57.13686,CAACUPE,IPS,CAACUPE,103- CORDILLERA,3,propia,CORDILLERA,63826900B75072183549736,dentro,0.0,Caacupe,47425931B92179492221821,dentro,0.0
71,IPS,-25.38172,-56.95883,EUSEBIO AYALA CONVENIO,CONVENIO,EUSEBIO AYALA,103- CORDILLERA,3,propia,CORDILLERA,63826900B75072183549736,dentro,0.0,Eusebio Ayala,47425931B16897103550003,dentro,0.0
72,IPS,-25.38124,-55.70479,SANATORIO LUZ Y VIDA TERCERIZADO,TERCERIZADO,COLONIA GENERAL ALFREDO STROESSNER,105- CAAGUAZU,5,propia,CAAGUAZU,63826900B47245134487422,dentro,0.0,J Eulogio Estigarribia,47425931B47523572810321,dentro,0.0
73,IPS,-25.37399,-57.40907,CLINICA PERIFERICA CAMPO VIA DE CAPIATA,IPS,CAPIATA,111- CENTRAL,11,propia,CENTRAL,63826900B88193761383216,dentro,0.0,Capiata,47425931B8511715364309,dentro,0.0
74,IPS,-25.355,-57.63094,HOSPITAL DEL CORAZON TERCERIZADO,TERCERIZADO,LAMBARE,111- CENTRAL,11,propia,CENTRAL,63826900B88193761383216,dentro,0.0,Lambare,47425931B12740487609448,dentro,0.0
75,IPS,-25.34126,-57.50664,CRISTIAN TERCERIZADO,TERCERIZADO,ASUNCION,100- CAPITAL,0,propia,CENTRAL,63826900B88193761383216,dentro,0.0,San Lorenzo,47425931B59590750807460,dentro,0.0
76,IPS,-25.33288,-57.53308,HOSPITAL INGAVI DE ESPECIALIDADES QUIRURGICAS,IPS,FERNANDO DE LA MORA,111- CENTRAL,11,propia,CENTRAL,63826900B88193761383216,dentro,0.0,Fernando De La Mora,47425931B42548992091348,dentro,0.0
77,IPS,-25.326,-57.62509,CLINICA 12 DE JUNIO,IPS,ASUNCION,100- CAPITAL,0,propia,ASUNCION,63826900B42428386495226,dentro,0.0,Asuncion,47425931B88739802745947,dentro,0.0
78,IPS,-25.32495,-57.28605,CREAM,IPS,SAN BERNARDINO,103- CORDILLERA,3,propia,CORDILLERA,63826900B75072183549736,dentro,0.0,San Bernardino,47425931B95846687283478,dentro,0.0
79,IPS,-25.3168,-57.52607,CLINICA MARISCAL LOPEZ,IPS,FERNANDO DE LA MORA,111- CENTRAL,11,propia,CENTRAL,63826900B88193761383216,dentro,0.0,Fernando De La Mora,47425931B42548992091348,dentro,0.0
80,IPS,-25.31308,-57.5662,ANDE BOGGIANI CONVENIO,CONVENIO,ASUNCION,100- CAPITAL,0,propia,ASUNCION,63826900B42428386495226,dentro,0.0,Asuncion,47425931B88739802745947,dentro,0.0
81,IPS,-25.31238,-56.90228,ISLA PUCU CONVENIO,CONVENIO,ISLA PUCU,103- CORDILLERA,3,propia,CORDILLERA,63826900B75072183549736,dentro,0.0,Isla Pucu,47425931B40906799744623,dentro,0.0
82,IPS,-25.30805,-57.59921,SANAT. SAN LUCAS TERCERIZADO,TERCERIZADO,ASUNCION,100- CAPITAL,0,propia,ASUNCION,63826900B42428386495226,dentro,0.0,Asuncion,47425931B88739802745947,dentro,0.0
83,IPS,-25.30594,-57.30165,SAN BERNARDINO,IPS,SAN BERNARDINO,103- CORDILLERA,3,propia,CORDILLERA,63826900B75072183549736,dentro,0.0,San Bernardino,47425931B95846687283478,dentro,0.0
84,IPS,-25.30408,-57.54026,SAN SEBASTIAN TERCERIZADO,TERCERIZADO,FERNANDO DE LA MORA,111- CENTRAL,11,propia,CENTRAL,63826900B88193761383216,dentro,0.0,Fernando De La Mora,47425931B42548992091348,dentro,0.0
85,IPS,-25.29501,-57.6248,CLINICA BOQUERON,IPS,ASUNCION,100- CAPITAL,0,propia,ASUNCION,63826900B42428386495226,dentro,0.0,Asuncion,47425931B88739802745947,dentro,0.0
86,IPS,-25.29474,-57.63301,SANATORIO BRITANICO TERCERIZADO,TERCERIZADO,ASUNCION,100- CAPITAL,0,propia,ASUNCION,63826900B42428386495226,dentro,0.0,Asuncion,47425931B88739802745947,dentro,0.0
87,IPS,-25.29178,-57.62896,CENTRO ODONTOLOGICO,IPS,ASUNCION,100- CAPITAL,0,propia,ASUNCION,63826900B42428386495226,dentro,0.0,Asuncion,47425931B88739802745947,dentro,0.0
88,IPS,-25.28855,-57.613,SAN MIGUEL-ANDE,IPS,ASUNCION,100- CAPITAL,0,propia,ASUNCION,63826900B42428386495226,dentro,0.0,Asuncion,47425931B88739802745947,dentro,0.0
89,IPS,-25.28602,-57.61522,DOCTO S.R.L. TERCERIZADO,TERCERIZADO,ASUNCION,100- CAPITAL,0,propia,ASUNCION,63826900B42428386495226,dentro,0.0,Asuncion,47425931B88739802745947,dentro,0.0
90,IPS,-25.28154,-57.48442,HOSPITAL LUQUE,IPS,LUQUE,111- CENTRAL,11,propia,CENTRAL,63826900B88193761383216,dentro,0.0,Luque,47425931B39490307858483,dentro,0.0
91,IPS,-25.27951,-57.64573,HOSPITAL MILITAR TERCERIZADO,TERCERIZADO,ASUNCION,100- CAPITAL,0,propia,ASUNCION,63826900B42428386495226,dentro,0.0,Asuncion,47425931B88739802745947,dentro,0.0
92,IPS,-25.27374,-57.58084,MEDICASA,IPS,ASUNCION,100- CAPITAL,0,propia,ASUNCION,63826900B42428386495226,dentro,0.0,Asuncion,47425931B88739802745947,dentro,0.0
93,IPS,-25.27215,-57.58118,HOSPITAL CENTRAL,IPS,ASUNCION,100- CAPITAL,0,propia,ASUNCION,63826900B42428386495226,dentro,0.0,Asuncion,47425931B88739802745947,dentro,0.0
94,IPS,-25.26894,-57.49219,SANATORIO INTERNACIONAL TERCERIZADO,TERCERIZADO,LUQUE,111- CENTRAL,11,propia,CENTRAL,63826900B88193761383216,dentro,0.0,Luque,47425931B39490307858483,dentro,0.0
95,IPS,-25.2682,-57.58295,CENT DE MEDICINA FISICA Y REHABILITACION,IPS,ASUNCION,100- CAPITAL,0,propia,ASUNCION,63826900B42428386495226,dentro,0.0,Asuncion,47425931B88739802745947,dentro,0.0
96,IPS,-25.2682,-57.58295,CENTRO DE PSIQUIATRIA Y PSICOTERAPIA,IPS,ASUNCION,100- CAPITAL,0,propia,ASUNCION,63826900B42428386495226,dentro,0.0,Asuncion,47425931B88739802745947,dentro,0.0
97,IPS,-25.25956,-57.07946,TOBATI,IPS,TOBATI,103- CORDILLERA,3,propia,CORDILLERA,63826900B75072183549736,dentro,0.0,Tobati,47425931B84621058008201,dentro,0.0
98,IPS,-25.25851,-57.58114,SANATORIO SANTA BARBARA TERCERIZADO,TERCERIZADO,MARIANO ROQUE ALONSO,111- CENTRAL,11,propia,ASUNCION,63826900B42428386495226,dentro,0.0,Asuncion,47425931B88739802745947,dentro,0.0
99,IPS,-25.25844,-57.58538,CLINICA NANAWA,IPS,ASUNCION,100- CAPITAL,0,propia,ASUNCION,63826900B42428386495226,dentro,0.0,Asuncion,47425931B88739802745947,dentro,0.0
100,IPS,-25.2579,-57.58459,DR. GERARDO BUONGERMINI HOSPITAL,IPS,ASUNCION,100- CAPITAL,0,propia,ASUNCION,63826900B42428386495226,dentro,0.0,Asuncion,47425931B88739802745947,dentro,0.0
101,IPS,-25.2379,-56.82782,CARAGUATAY,IPS,CARAGUATAY,103- CORDILLERA,3,propia,CORDILLERA,63826900B75072183549736,dentro,0.0,Caraguatay,47425931B87637573509756,dentro,0.0
102,IPS,-25.23095,-57.56468,CLINICA ZEBALLOS CUE-ISLA POI,IPS,ASUNCION,100- CAPITAL,0,propia,ASUNCION,63826900B42428386495226,dentro,0.0,Asuncion,47425931B88739802745947,dentro,0.0
103,IPS,-25.20077,-57.52867,CLINICA YRENDAGUE M.R.A,IPS,MARIANO ROQUE ALONSO,111- CENTRAL,11,propia,CENTRAL,63826900B88193761383216,dentro,0.0,Mariano Roque Alonso,47425931B65990443512434,dentro,0.0
104,IPS,-25.10238,-57.48948,PIQUETE CUE,IPS,LIMPIO,111- CENTRAL,11,propia,CENTRAL,63826900B88193761383216,dentro,0.0,Limpio,47425931B16986362649925,dentro,0.0
105,IPS,-25.0958,-57.5217,VILLA HAYES,IPS,VILLA HAYES,115- PTE HAYES,15,propia,PRESIDENTE HAYES,63826900B99929286362746,dentro,0.0,Villa Hayes,47425931B43221842999646,dentro,0.0
106,IPS,-25.05985,-55.92534,YHU,IPS,YHU,105- CAAGUAZU,5,propia,CAAGUAZU,63826900B47245134487422,dentro,0.0,Yhu,47425931B92072136754201,dentro,0.0
107,IPS,-25.05249,-57.09603,ARROYOS Y ESTEROS CONVENIO,CONVENIO,ARROYOS Y ESTEROS,103- CORDILLERA,3,propia,CORDILLERA,63826900B75072183549736,dentro,0.0,Arroyos Y Esteros,47425931B65871514975790,dentro,0.0
108,IPS,-24.99337,-57.55616,BENJAMIN ACEVAL,IPS,BENJAMIN ACEVAL,115- PTE HAYES,15,propia,PRESIDENTE HAYES,63826900B99929286362746,dentro,0.0,Benjamin Aceval,47425931B42264815177972,dentro,0.0
109,IPS,-24.98671,-55.14702,ITAKYRY,IPS,ITAKYRY,110- ALTO PARANA,10,propia,ALTO PARANA,63826900B70318852287741,dentro,0.0,Itakyry,47425931B38556757736949,dentro,0.0
110,IPS,-24.72903,-56.01698,CAPIIBARY CONVENIO,CONVENIO,CAPIIBARY,102- SAN PEDRO,2,propia,SAN PEDRO,63826900B6371140935910,dentro,0.0,Capiibary,47425931B23667709550444,dentro,0.0
111,IPS,-24.66484,-56.43076,SAN ESTANISLAO,IPS,SAN ESTANISLAO,102- SAN PEDRO,2,propia,SAN PEDRO,63826900B6371140935910,dentro,0.0,San Estanislao,47425931B61785063795296,dentro,0.0
112,IPS,-24.61148,-56.79312,COLONIA FRIESLAND CONVENIO,CONVENIO,ITACURUBI DEL ROSARIO,102- SAN PEDRO,2,propia,SAN PEDRO,63826900B6371140935910,dentro,0.0,Itacurubi Del Rosario,47425931B94135166817210,dentro,0.0
113,IPS,-24.53444,-56.82223,ITACURUBI DEL ROSARIO,IPS,ITACURUBI DEL ROSARIO,102- SAN PEDRO,2,propia,SAN PEDRO,63826900B6371140935910,dentro,0.0,Itacurubi Del Rosario,47425931B94135166817210,dentro,0.0
114,IPS,-24.47933,-55.68754,SAN ISIDRO DE CURUGUATY,IPS,CURUGUATY,114- CANINDEYU,14,propia,CANINDEYU,63826900B71996717464066,dentro,0.0,Curuguaty,47425931B41311883750072,dentro,0.0
115,IPS,-24.44013,-57.1442,PUERTO ROSARIO,IPS,VILLA DEL ROSARIO,102- SAN PEDRO,2,propia,SAN PEDRO,63826900B6371140935910,dentro,0.0,Villa Del Rosario,47425931B23164647978940,dentro,0.0
116,IPS,-24.18952,-56.57867,CHORE CONVENIO,CONVENIO,CHORE,102- SAN PEDRO,2,propia,SAN PEDRO,63826900B6371140935910,dentro,0.0,Chore,47425931B11530379679703,dentro,0.0
117,IPS,-24.15876,-54.67034,PUENTE KYHA,IPS,LA PALOMA,114- CANINDEYU,14,propia,CANINDEYU,63826900B71996717464066,dentro,0.0,Francisco Caballero Alvarez,47425931B30451803833768,dentro,0.0
118,IPS,-24.13113,-54.6215,PUESTO SANITARIO LA PALOMA CONVENIO,CONVENIO,LA PALOMA,114- CANINDEYU,14,propia,CANINDEYU,63826900B71996717464066,dentro,0.0,La Paloma,47425931B15956279344128,dentro,0.0
119,IPS,-24.08397,-57.07103,SAN PEDRO DEL YCUAMANDY YU,IPS,SAN PEDRO,102- SAN PEDRO,2,propia,SAN PEDRO,63826900B6371140935910,dentro,0.0,San Pedro Del Ykuamandiyu,47425931B54226741111759,dentro,0.0
120,IPS,-24.0837,-57.2055,PUERTO ANTEQUERA,IPS,ANTEQUERA,102- SAN PEDRO,2,propia,SAN PEDRO,63826900B6371140935910,dentro,0.0,Antequera,47425931B9948731242497,dentro,0.0
121,IPS,-24.07191,-54.3107,SALTOS DEL GUAIRA,IPS,SALTO DEL GUAIRA,114- CANINDEYU,14,propia,CANINDEYU,63826900B71996717464066,dentro,0.0,Saltos Del Guaira,47425931B10284167563225,dentro,0.0
122,IPS,-23.82705,-56.51946,SANTA ROSA DEL AGUARAY CONVENIO,IPS,LIMA,102- SAN PEDRO,2,propia,SAN PEDRO,63826900B6371140935910,dentro,0.0,Santa Rosa Del Aguaray,47425931B51889643978432,dentro,0.0
123,IPS,-23.40883,-57.44414,CONCEPCION,IPS,CONCEPCION,101- CONCEPCION,1,propia,CONCEPCION,63826900B27882980507950,dentro,0.0,Concepcion,47425931B17893195848656,dentro,0.0
124,IPS,-23.34628,-57.06076,HORQUETA,IPS,HORQUETA,101- CONCEPCION,1,propia,CONCEPCION,63826900B27882980507950,dentro,0.0,Horqueta,47425931B13729632623945,dentro,0.0
125,IPS,-23.27134,-55.54552,CAPITAN BADO,IPS,CAPITAN BADO,113- AMAMBAY,13,propia,AMAMBAY,63826900B22649219267943,dentro,0.0,Capitan Bado,47425931B93895059910813,dentro,0.0
126,IPS,-22.85611,-59.48045,IRALA FERNANDEZ CONVENIO,CONVENIO,TTE. IRALA FERNANDEZ,115- PTE HAYES,15,propia,PRESIDENTE HAYES,63826900B99929286362746,dentro,0.0,Tte 1Ro Manuel Irala Fernandez,47425931B85611692874371,dentro,0.0
127,IPS,-22.65758,-60.13236,COLONIA NEULAND (HOSPITAL CONCORDIA) TERCERIZADO,TERCERIZADO,LOMA PLATA,116- BOQUERON,16,propia,BOQUERON,63826900B91663486125533,dentro,0.0,Mariscal Estigarribia,47425931B26005780695530,dentro,0.0
128,IPS,-22.64782,-57.84156,PUERTO PINAZCO,IPS,PTO. PINASCO,115- PTE HAYES,15,propia,PRESIDENTE HAYES,63826900B99929286362746,dentro,0.0,Puerto Pinasco,47425931B98680052715157,dentro,0.0
129,IPS,-22.56061,-55.7185,PEDRO JUAN CABALLERO,IPS,PEDRO JUAN CABALLERO,113- AMAMBAY,13,propia,AMAMBAY,63826900B22649219267943,dentro,0.0,Pedro Juan Caballero,47425931B46189094185785,dentro,0.0
130,IPS,-22.47045,-60.05528,VILLA CHOFERES CONVENIO,CONVENIO,MCAL. ESTIGARRIBIA,116- BOQUERON,16,propia,BOQUERON,63826900B91663486125533,dentro,0.0,Mariscal Estigarribia,47425931B26005780695530,dentro,0.0
131,IPS,-22.37874,-59.83153,LOMA PLATA TERCERIZADO,TERCERIZADO,LOMA PLATA,116- BOQUERON,16,propia,BOQUERON,63826900B91663486125533,dentro,0.0,Loma Plata,47425931B89191859634930,dentro,0.0
132,IPS,-22.359,-60.03823,COLONIA FERNHEIM (FILADELFIA) TERCERIZADO,TERCERIZADO,FILADELFIA,116- BOQUERON,16,propia,BOQUERON,63826900B91663486125533,dentro,0.0,Filadelfia,47425931B94838681343765,dentro,0.0
133,IPS,-22.28264,-57.93537,LA VICTORIA,IPS,LA VICTORIA,117- ALTO PARAGUAY,17,propia,ALTO PARAGUAY,63826900B74384941565078,dentro,0.0,Puerto Casado,47425931B25078680836288,dentro,0.0
134,IPS,-22.16305,-57.9488,VALLEMI,IPS,PUERTO VALLEMI,101- CONCEPCION,1,propia,CONCEPCION,63826900B27882980507950,dentro,0.0,San Lazaro,47425931B13877511064048,dentro,0.0
135,IPS,-22.12204,-56.51607,BELLA VISTA NORTE,IPS,BELLA VISTA,113- AMAMBAY,13,propia,AMAMBAY,63826900B22649219267943,dentro,0.0,Bella Vista,47425931B90614418626785,dentro,0.0
136,IPS,-21.68585,-57.90271,CARMELO PERALTA CONVENIO,CONVENIO,CARMELO PERALTA,117- ALTO PARAGUAY,17,propia,ALTO PARAGUAY,63826900B74384941565078,dentro,0.0,Carmelo Peralta,47425931B9722261120940,dentro,0.0
137,IPS,-21.03815,-57.87026,FUERTE OLIMPO CONVENIO,CONVENIO,FUERTE OLIMPO,117- ALTO PARAGUAY,17,propia,ALTO PARAGUAY,63826900B74384941565078,dentro,0.0,Fuerte Olimpo,47425931B84408781125046,dentro,0.0
138,IPS,-20.23215,-58.16779,BAHIA NEGRA,IPS,BAHIA NEGRA,117- ALTO PARAGUAY,17,propia,ALTO PARAGUAY,63826900B74384941565078,dentro,0.0,Bahia Negra,47425931B35476910232021,dentro,0.0
139,MSPBS,-24.726096,-56.016216,CAPIIBARY,MSPBS,CAPIIBARY,102- SAN PEDRO,2,ciudad,SAN PEDRO,63826900B6371140935910,dentro,0.0,Capiibary,47425931B23667709550444,dentro,0.0
140,MSPBS,-23.801,-56.489,GENERAL DEL DPTO. DE SAN PEDRO,MSPBS,SANTA ROSA DEL AGUARAY,102- SAN PEDRO,2,ciudad,SAN PEDRO,63826900B6371140935910,dentro,0.0,Santa Rosa Del Aguaray,47425931B51889643978432,dentro,0.0
141,MSPBS,-24.446504,-56.899406,GRAL. AQUINO,MSPBS,GENERAL ELIZARDO AQUINO,102- SAN PEDRO,2,ciudad,SAN PEDRO,63826900B6371140935910,dentro,0.0,General Elizardo Aquino,47425931B98634928608800,dentro,0.0
142,MSPBS,-24.65,-56.4333,SAN ESTANISLAO,MSPBS,SAN ESTANISLAO,102- SAN PEDRO,2,ciudad,SAN PEDRO,63826900B6371140935910,dentro,0.0,San Estanislao,47425931B61785063795296,dentro,0.0
143,MSPBS,-24.143431,-56.643431,SAN PEDRO,MSPBS,SAN PEDRO,102- SAN PEDRO,2,ciudad,SAN PEDRO,63826900B6371140935910,dentro,0.0,Chore,47425931B11530379679703,dentro,0.0
144,MSPBS,-27.341064,-55.860103,ENCARNACIÓN,MSPBS,ENCARNACION,107- ITAPUA,7,propia,ITAPUA,63826900B60028824512427,dentro,0.0,Encarnacion,47425931B96706939723019,dentro,0.0
145,MSPBS,-27.27483,-55.83524,ITAPÚA,MSPBS,ENCARNACION,107- ITAPUA,7,propia,ITAPUA,63826900B60028824512427,dentro,0.0,Encarnacion,47425931B96706939723019,dentro,0.0
146,MSPBS,-27.169985,-56.232692,CORONEL BOGADO,MSPBS,CORONEL BOGADO,107- ITAPUA,7,propia,ITAPUA,63826900B60028824512427,dentro,0.0,Coronel Bogado,47425931B83654812960354,dentro,0.0
147,MSPBS,-27.098882,-56.019537,FRAM,MSPBS,FRAM,107- ITAPUA,7,propia,ITAPUA,63826900B60028824512427,dentro,0.0,Fram,47425931B52134687672171,dentro,0.0
148,MSPBS,-27.079524,-55.644657,HOHENAU,MSPBS,HOHENAU,107- ITAPUA,7,propia,ITAPUA,63826900B60028824512427,dentro,0.0,Hohenau,47425931B28158363766734,dentro,0.0
149,MSPBS,-26.890013,-57.018394,SAN IGNACIO,MSPBS,SAN IGNACIO,108- MISIONES,8,propia,MISIONES,63826900B67002830619694,dentro,0.0,San Ignacio,47425931B54647464892971,dentro,0.0
150,MSPBS,-26.888238,-56.846411,SANTA ROSA,MSPBS,SANTA ROSA,108- MISIONES,8,propia,MISIONES,63826900B67002830619694,dentro,0.0,Santa Rosa,47425931B18264342128732,dentro,0.0
151,MSPBS,-26.862075,-58.309857,PILAR,MSPBS,PILAR,112- ÑEEMBUCU,12,propia,ÑEEMBUCU,63826900B28816426657500,dentro,0.0,Pilar,47425931B93456312703363,dentro,0.0
152,MSPBS,-26.759645,-55.138893,NATALIO,MSPBS,NATALIO,107- ITAPUA,7,propia,ITAPUA,63826900B60028824512427,dentro,0.0,Natalio,47425931B71261489708268,dentro,0.0
153,MSPBS,-26.672658,-57.150246,SAN JUAN BAUTISTA,MSPBS,SAN JUAN BAUTISTA,108- MISIONES,8,propia,MISIONES,63826900B67002830619694,dentro,0.0,San Juan Bautista,47425931B38930159427719,dentro,0.0
154,MSPBS,-26.615877,-56.24806,YUTY,MSPBS,YUTY,106- CAAZAPA,6,propia,CAAZAPA,63826900B61362972321879,dentro,0.0,Yuty,47425931B1398699740140,dentro,0.0
155,MSPBS,-26.192287,-56.373574,CAAZAPÁ,MSPBS,CAAZAPA,106- CAAZAPA,6,propia,CAAZAPA,63826900B61362972321879,dentro,0.0,Caazapa,47425931B16732947296131,dentro,0.0
156,MSPBS,-26.185362,-58.144353,ALBERDI,MSPBS,ALBERDI,112- ÑEEMBUCU,12,propia,ÑEEMBUCU,63826900B28816426657500,dentro,0.0,Alberdi,47425931B33852864254301,dentro,0.0
157,MSPBS,-26.109988,-55.932306,SAN JUAN NEPOMUCENO,MSPBS,SAN JUAN NEPOMUCENO,106- CAAZAPA,6,propia,CAAZAPA,63826900B61362972321879,dentro,0.0,San Juan Nepomuceno,47425931B65387565027300,dentro,0.0
158,MSPBS,-26.018824,-57.024953,YBYCUI,MSPBS,YBYCUI,109- PARAGUARI,9,propia,PARAGUARI,63826900B9584917578086,dentro,0.0,Yvycui,47425931B37982721913567,dentro,0.0
159,MSPBS,-25.980116,-57.228742,QUIINDY,MSPBS,QUIINDY,109- PARAGUARI,9,propia,PARAGUARI,63826900B9584917578086,dentro,0.0,Quiindy,47425931B40906431776184,dentro,0.0
160,MSPBS,-25.883745,-56.836381,LA COLMENA,MSPBS,LA COLMENA,109- PARAGUARI,9,propia,PARAGUARI,63826900B9584917578086,dentro,0.0,La Colmena,47425931B69293333845046,dentro,0.0
161,MSPBS,-25.783775,-55.07629,SANTA RITA,MSPBS,SANTA RITA,110- ALTO PARANA,10,propia,ALTO PARANA,63826900B70318852287741,dentro,0.0,Santa Rita,47425931B63725749770711,dentro,0.0
162,MSPBS,-25.776759,-56.461616,VILLARRICA,MSPBS,VILLARRICA,104- GUAIRA,4,propia,GUAIRA,63826900B69896036469417,dentro,0.0,Villarrica,47425931B65676015354684,dentro,0.0
163,MSPBS,-25.762344,-57.246127,CARAPEGUA,MSPBS,CARAPEGUA,109- PARAGUARI,9,propia,PARAGUARI,63826900B9584917578086,dentro,0.0,Carapegua,47425931B68154717319371,dentro,0.0
164,MSPBS,-25.717879,-56.220112,COLONIA INDEPENDENCIA,MSPBS,COLONIA INDEPENDENCIA,104- GUAIRA,4,propia,GUAIRA,63826900B69896036469417,dentro,0.0,Colonia Independencia,47425931B57187609966543,dentro,0.0
165,MSPBS,-25.625414,-57.149726,PARAGUARÍ,MSPBS,PARAGUARI,109- PARAGUARI,9,propia,PARAGUARI,63826900B9584917578086,dentro,0.0,Paraguari,47425931B85309481021662,dentro,0.0
166,MSPBS,-25.559998,-54.614696,PDTE. FRANCO,MSPBS,PRESIDENTE FRANCO,110- ALTO PARANA,10,propia,ALTO PARANA,63826900B70318852287741,dentro,0.0,Presidente Franco,47425931B38002269801439,dentro,0.0
167,MSPBS,-25.540396,-55.994012,REPATRIACION,MSPBS,REPATRIACION,105- CAAGUAZU,5,propia,CAAGUAZU,63826900B47245134487422,dentro,0.0,Repatriacion,47425931B37368605602490,dentro,0.0
168,MSPBS,-25.533053,-54.634574,CIUDAD DEL ESTE,MSPBS,CIUDAD DEL ESTE,110- ALTO PARANA,10,propia,ALTO PARANA,63826900B70318852287741,dentro,0.0,Ciudad Del Este,47425931B11106489367455,dentro,0.0
169,MSPBS,-25.515812,-57.364153,ITA,MSPBS,ITA,111- CENTRAL,11,propia,CENTRAL,63826900B88193761383216,dentro,0.0,Ita,47425931B95815374080744,dentro,0.0
170,MSPBS,-25.506763,-57.56126,VILLETA,MSPBS,VILLETA,111- CENTRAL,11,propia,CENTRAL,63826900B88193761383216,dentro,0.0,Villeta,47425931B85980467085082,dentro,0.0
171,MSPBS,-25.50104,-56.45834,CORONEL OVIEDO,MSPBS,CORONEL OVIEDO,105- CAAGUAZU,5,propia,CAAGUAZU,63826900B47245134487422,dentro,0.0,Coronel Oviedo,47425931B56616800786752,dentro,0.0
172,MSPBS,-25.484424,-54.76293,MINGA GUAZÚ,MSPBS,MINGA GUAZU,110- ALTO PARANA,10,propia,ALTO PARANA,63826900B70318852287741,dentro,0.0,Minga Guazu,47425931B78858400200238,dentro,0.0
173,MSPBS,-25.4722,-56.013692,CAAGUAZU,MSPBS,CAAGUAZU,105- CAAGUAZU,5,propia,CAAGUAZU,63826900B47245134487422,dentro,0.0,Caaguazu,47425931B75629081297977,dentro,0.0
174,MSPBS,-25.46909,-57.03923,PIRIBEBUY,MSPBS,PIRIBEBUY,103- CORDILLERA,3,propia,CORDILLERA,63826900B75072183549736,dentro,0.0,Piribebuy,47425931B37607147629308,dentro,0.0
175,MSPBS,-25.449338,-56.43227,CORONEL OVIEDO,MSPBS,CORONEL OVIEDO,105- CAAGUAZU,5,propia,CAAGUAZU,63826900B47245134487422,dentro,0.0,Coronel Oviedo,47425931B56616800786752,dentro,0.0
176,MSPBS,-25.447989,-57.362127,HOSPITAL NACIONAL,MSPBS,ITAUGUA,111- CENTRAL,11,propia,CENTRAL,63826900B88193761383216,dentro,0.0,Itaugua,47425931B6791761944562,dentro,0.0
177,MSPBS,-25.396405,-57.546282,ÑEMBY,MSPBS,ÑEMBY,111- CENTRAL,11,propia,CENTRAL,63826900B88193761383216,dentro,0.0,Ñemby,47425931B40847834137770,dentro,0.0
178,MSPBS,-25.393235,-57.499166,PEDIÁTRICO ACOSTA ÑU,MSPBS,SAN LORENZO,111- CENTRAL,11,propia,CENTRAL,63826900B88193761383216,dentro,0.0,San Lorenzo,47425931B59590750807460,dentro,0.0
179,MSPBS,-25.390733,-57.356145,ITAUGUA,MSPBS,ITAUGUA,111- CENTRAL,11,propia,CENTRAL,63826900B88193761383216,dentro,0.0,Itaugua,47425931B6791761944562,dentro,0.0
180,MSPBS,-25.38825,-55.828765,DR. JUAN MANUEL FRUTOS,MSPBS,DR. JUAN MANUEL FRUTOS,105- CAAGUAZU,5,propia,CAAGUAZU,63826900B47245134487422,dentro,0.0,Dr. Juan Manuel Frutos,47425931B75756741790300,dentro,0.0
181,MSPBS,-25.3818,-56.95929,EUSEBIO AYALA,MSPBS,EUSEBIO AYALA,103- CORDILLERA,3,propia,CORDILLERA,63826900B75072183549736,dentro,0.0,Eusebio Ayala,47425931B16897103550003,dentro,0.0
182,MSPBS,-25.375404,-54.659268,HERNANDARIAS,MSPBS,HERNANDARIAS,110- ALTO PARANA,10,propia,ALTO PARANA,63826900B70318852287741,dentro,0.0,Hernandarias,47425931B94368242537518,dentro,0.0
183,MSPBS,-25.363605,-55.685901,JOSÉ EULOGIO ESTIGARRIBIA,MSPBS,DR. J. EULOGIO ESTIGARRIBIA,105- CAAGUAZU,5,propia,CAAGUAZU,63826900B47245134487422,dentro,0.0,J Eulogio Estigarribia,47425931B47523572810321,dentro,0.0
184,MSPBS,-25.359503,-57.57518,VILLA ELISA,MSPBS,VILLA ELISA,111- CENTRAL,11,propia,CENTRAL,63826900B88193761383216,dentro,0.0,Villa Elisa,47425931B48812642797604,dentro,0.0
185,MSPBS,-25.350978,-57.445899,CAPIATA,MSPBS,CAPIATA,111- CENTRAL,11,propia,CENTRAL,63826900B88193761383216,dentro,0.0,Capiata,47425931B8511715364309,dentro,0.0
186,MSPBS,-25.348666,-57.627199,LAMBARE,MSPBS,LAMBARE,111- CENTRAL,11,propia,CENTRAL,63826900B88193761383216,dentro,0.0,Lambare,47425931B12740487609448,dentro,0.0
187,MSPBS,-25.335035,-57.508954,SAN LORENZO,MSPBS,SAN LORENZO,111- CENTRAL,11,propia,CENTRAL,63826900B88193761383216,dentro,0.0,San Lorenzo,47425931B59590750807460,dentro,0.0
188,MSPBS,-25.321444,-57.554598,FDO. DE LA MORA,MSPBS,FERNANDO DE LA MORA,111- CENTRAL,11,propia,CENTRAL,63826900B88193761383216,dentro,0.0,Fernando De La Mora,47425931B42548992091348,dentro,0.0
189,MSPBS,-25.309047,-57.380598,AREGUA,MSPBS,AREGUA,111- CENTRAL,11,propia,CENTRAL,63826900B88193761383216,dentro,0.0,Aregua,47425931B23553271998065,dentro,0.0
190,MSPBS,-25.28038,-57.17379,ATYRA,MSPBS,ATYRA,103- CORDILLERA,3,propia,CORDILLERA,63826900B75072183549736,dentro,0.0,Atyra,47425931B85685871896233,dentro,0.0
191,MSPBS,-25.266942,-57.481586,LUQUE,MSPBS,LUQUE,111- CENTRAL,11,propia,CENTRAL,63826900B88193761383216,dentro,0.0,Luque,47425931B39490307858483,dentro,0.0
192,MSPBS,-25.26476,-57.25081,ALTOS,MSPBS,ALTOS,103- CORDILLERA,3,propia,CORDILLERA,63826900B75072183549736,dentro,0.0,Altos,47425931B46035383476535,dentro,0.0
193,MSPBS,-25.26419,-57.08275,TOBATI,MSPBS,TOBATI,103- CORDILLERA,3,propia,CORDILLERA,63826900B75072183549736,dentro,0.0,Tobati,47425931B84621058008201,dentro,0.0
194,MSPBS,-25.261076,-57.71084,JOSÉ FALCÓN,MSPBS,JOSE FALCON,115- PTE HAYES,15,propia,PRESIDENTE HAYES,63826900B99929286362746,dentro,0.0,Jose Falcon,47425931B72894192936650,dentro,0.0
195,MSPBS,-25.22208,-57.13196,CAACUPE,MSPBS,CAACUPE,103- CORDILLERA,3,propia,CORDILLERA,63826900B75072183549736,dentro,0.0,Atyra,47425931B85685871896233,dentro,0.0
196,MSPBS,-25.212248,-57.536356,M.R. ALONSO,MSPBS,MARIANO ROQUE ALONSO,111- CENTRAL,11,propia,CENTRAL,63826900B88193761383216,dentro,0.0,Mariano Roque Alonso,47425931B65990443512434,dentro,0.0
197,MSPBS,-25.164621,-57.476281,LIMPIO,MSPBS,LIMPIO,111- CENTRAL,11,propia,CENTRAL,63826900B88193761383216,dentro,0.0,Limpio,47425931B16986362649925,dentro,0.0
198,MSPBS,-25.161634,-57.475206,HOSPITAL DEL INDIGENA,MSPBS,LIMPIO,111- CENTRAL,11,propia,CENTRAL,63826900B88193761383216,dentro,0.0,Limpio,47425931B16986362649925,dentro,0.0
199,MSPBS,-25.0959,-57.522616,VILLA HAYES,MSPBS,VILLA HAYES,115- PTE HAYES,15,propia,PRESIDENTE HAYES,63826900B99929286362746,dentro,0.0,Villa Hayes,47425931B43221842999646,dentro,0.0
200,MSPBS,-25.064378,-55.927059,YHU,MSPBS,YHU,105- CAAGUAZU,5,propia,CAAGUAZU,63826900B47245134487422,dentro,0.0,Yhu,47425931B92072136754201,dentro,0.0
201,MSPBS,-25.05256,-57.09608,ARROYOS Y ESTEROS,MSPBS,ARROYOS Y ESTEROS,103- CORDILLERA,3,propia,CORDILLERA,63826900B75072183549736,dentro,0.0,Arroyos Y Esteros,47425931B65871514975790,dentro,0.0
202,MSPBS,-24.472589,-55.695768,CURUGUATY,MSPBS,CURUGUATY,114- CANINDEYU,14,propia,CANINDEYU,63826900B71996717464066,dentro,0.0,Curuguaty,47425931B41311883750072,dentro,0.0
203,MSPBS,-24.076389,-54.327139,SALTOS DEL GUAIRA,MSPBS,SALTO DEL GUAIRA,114- CANINDEYU,14,propia,CANINDEYU,63826900B71996717464066,dentro,0.0,Saltos Del Guaira,47425931B10284167563225,dentro,0.0
204,MSPBS,-23.410455,-57.438011,CONCEPCIÓN,MSPBS,CONCEPCION,101- CONCEPCION,1,propia,CONCEPCION,63826900B27882980507950,dentro,0.0,Concepcion,47425931B17893195848656,dentro,0.0
205,MSPBS,-23.355094,-57.06011,HORQUETA,MSPBS,HORQUETA,101- CONCEPCION,1,propia,CONCEPCION,63826900B27882980507950,dentro,0.0,Horqueta,47425931B13729632623945,dentro,0.0
206,MSPBS,-23.265198,-55.532968,CAPITAN BADO,MSPBS,CAPITAN BADO,113- AMAMBAY,13,propia,AMAMBAY,63826900B22649219267943,dentro,0.0,Capitan Bado,47425931B93895059910813,dentro,0.0
207,MSPBS,-22.534984,-55.741005,PEDRO JUAN CABALLERO,MSPBS,PEDRO JUAN CABALLERO,113- AMAMBAY,13,propia,AMAMBAY,63826900B22649219267943,dentro,0.0,Pedro Juan Caballero,47425931B46189094185785,dentro,0.0
208,MSPBS,-22.470381,-60.055448,VILLA CHOFERES,MSPBS,MCAL. ESTIGARRIBIA,116- BOQUERON,16,propia,BOQUERON,63826900B91663486125533,dentro,0.0,Mariscal Estigarribia,47425931B26005780695530,dentro,0.0
209,MSPBS,-22.28723,-57.94978,HD- PUERTO CASADO,MSPBS,LA VICTORIA,117- ALTO PARAGUAY,17,propia,ALTO PARAGUAY,63826900B74384941565078,dentro,0.0,Puerto Casado,47425931B25078680836288,dentro,0.0
210,MSPBS,-22.11718,-56.515558,BELLA VISTA,MSPBS,BELLA VISTA,113- AMAMBAY,13,propia,AMAMBAY,63826900B22649219267943,dentro,0.0,Bella Vista,47425931B90614418626785,dentro,0.0
211,MSPBS,-22.01992,-60.599993,MARISCAL ESTIGARRIBIA,MSPBS,MCAL. ESTIGARRIBIA,116- BOQUERON,16,propia,BOQUERON,63826900B91663486125533,dentro,0.0,Mariscal Estigarribia,47425931B26005780695530,dentro,0.0
212,MSPBS,-21.050389,-57.872555,HR- FUERTE OLIMPO,MSPBS,FUERTE OLIMPO,117- ALTO PARAGUAY,17,propia,ALTO PARAGUAY,63826900B74384941565078,dentro,0.0,Fuerte Olimpo,47425931B84408781125046,dentro,0.0
