aduana_dna,imp_usd_cif,exp_usd_cif
AEROP. PETTIROSSI,1632224295.0,156719348.0
AEROPUERTO GUARANI,1630839485.0,1234763.0
ALGESA SALTOS GUAIRA,13756526.0,124336487.0
CAACUPEMI,1262210648.0,758442081.0
CAACUPEMI - PILAR,6475196.0,20036259.0
CAMPESTRE S.A.,487045489.0,988413875.0
CAPITAL,56.0,0.0
CHACOI,279736942.0,47061385.0
CIUDAD DEL ESTE,2200968724.0,247536100.0
CODESA,371392617.0,0.0
CONCEPCION,52156262.0,279959816.0
EMPEDRIL S.A.,693722498.0,734.0
ENCARNACION,288534864.0,991682945.0
GICAL,157.0,0.0
INFANTE RIVAROLA,3833524.0,0.0
ITA ENRAMADA,166961462.0,44427458.0
JOSE FALCON,483621618.0,0.0
LOGISTIC GROUP,640.0,0.0
MCAL.ESTIGARRIBIA,59162747.0,109760796.0
PAKSA,328915183.0,26273306.0
PEDRO JUAN CABALLERO,249272384.0,84200737.0
PILAR,567.0,0.0
PTO SEGURO FLUVIAL,1515757906.0,722182614.0
PUERTO SECO BOREAL,417757436.0,1208198118.0
PUERTOS Y ESTIBAJES,1207508839.0,128238954.0
SALTOS DEL GUAIRA,154717926.0,185355495.0
SANTA HELENA,21721100.0,226687464.0
SOLUCION LOGISTICA,892323435.0,70184600.0
TER. DE CARGAS KM.12,380459399.0,1333628214.0
TERPORT,2455661736.0,1079260382.0
TERPORT - VILLETA,1592888739.0,601282733.0
VILLETA,713398310.0,1381499970.0
ZA FRCA GLOBAL,449401607.0,24795120.0
ZA FRCA TRANS TRADE,,
,,
