departamento,subestacion,red,anio,potencia_disp_mw
100- CAPITAL,SE023kV_BARRIO PARQUE,23kV,2026,7.2
100- CAPITAL,SE023kV_BARRIO PARQUE,23kV,2027,7.5
100- CAPITAL,SE023kV_BARRIO PARQUE,23kV,2028,7.6
100- CAPITAL,SE023kV_BARRIO PARQUE,23kV,2029,7.9
100- CAPITAL,SE023kV_BARRIO PARQUE,23kV,2031,7.0
100- CAPITAL,SE023kV_BARRIO PARQUE,23kV,2032,1.5
100- CAPITAL,SE023kV_BARRIO PARQUE,23kV,2033,3.4
100- CAPITAL,SE023kV_CENTRAL,23kV,2026,1.0
100- CAPITAL,SE023kV_CENTRAL,23kV,2027,1.2
100- CAPITAL,SE023kV_CENTRAL,23kV,2028,1.0
100- CAPITAL,SE023kV_CENTRAL,23kV,2029,1.4
100- CAPITAL,SE023kV_CENTRAL,23kV,2031,2.4
100- CAPITAL,SE023kV_CENTRAL,23kV,2032,2.4
100- CAPITAL,SE023kV_CENTRAL,23kV,2033,1.7
100- CAPITAL,SE023kV_GENERAL DIAZ,23kV,2026,2.4
100- CAPITAL,SE023kV_GENERAL DIAZ,23kV,2027,1.5
100- CAPITAL,SE023kV_GENERAL DIAZ,23kV,2028,0.0
100- CAPITAL,SE023kV_GENERAL DIAZ,23kV,2029,2.4
100- CAPITAL,SE023kV_GENERAL DIAZ,23kV,2031,2.3
100- CAPITAL,SE023kV_GENERAL DIAZ,23kV,2032,2.4
100- CAPITAL,SE023kV_GENERAL DIAZ,23kV,2033,1.7
100- CAPITAL,SE023kV_MBURUCUYA,23kV,2026,1.6
100- CAPITAL,SE023kV_MBURUCUYA,23kV,2027,1.6
100- CAPITAL,SE023kV_MBURUCUYA,23kV,2028,3.5
100- CAPITAL,SE023kV_MBURUCUYA,23kV,2029,3.6
100- CAPITAL,SE023kV_MBURUCUYA,23kV,2031,3.4
100- CAPITAL,SE023kV_MBURUCUYA,23kV,2032,3.3
100- CAPITAL,SE023kV_MBURUCUYA,23kV,2033,3.5
100- CAPITAL,SE023kV_REPUBLICANO,23kV,2026,3.4
100- CAPITAL,SE023kV_REPUBLICANO,23kV,2027,3.5
100- CAPITAL,SE023kV_REPUBLICANO,23kV,2028,3.3
100- CAPITAL,SE023kV_REPUBLICANO,23kV,2029,6.0
100- CAPITAL,SE023kV_REPUBLICANO,23kV,2031,1.1
100- CAPITAL,SE023kV_REPUBLICANO,23kV,2032,1.7
100- CAPITAL,SE023kV_REPUBLICANO,23kV,2033,2.5
100- CAPITAL,SE023kV_SAN MIGUEL,23kV,2026,2.3
100- CAPITAL,SE023kV_SAN MIGUEL,23kV,2027,3.0
100- CAPITAL,SE023kV_SAN MIGUEL,23kV,2028,3.8
100- CAPITAL,SE023kV_SAN MIGUEL,23kV,2029,4.0
100- CAPITAL,SE023kV_SAN MIGUEL,23kV,2031,4.2
100- CAPITAL,SE023kV_SAN MIGUEL,23kV,2032,4.3
100- CAPITAL,SE023kV_SAN MIGUEL,23kV,2033,4.5
100- CAPITAL,SE023kV_VILLA ELISA,23kV,2026,3.3
100- CAPITAL,SE023kV_VILLA ELISA,23kV,2027,3.5
100- CAPITAL,SE023kV_VILLA ELISA,23kV,2028,3.0
100- CAPITAL,SE023kV_VILLA ELISA,23kV,2029,3.2
100- CAPITAL,SE023kV_VILLA ELISA,23kV,2031,3.5
100- CAPITAL,SE023kV_VILLA ELISA,23kV,2032,4.6
100- CAPITAL,SE023kV_VILLA ELISA,23kV,2033,4.8
100- CAPITAL,SE220kV_PARQUE CABALLERO,23kV,2026,4.3
100- CAPITAL,SE220kV_PARQUE CABALLERO,23kV,2027,4.5
100- CAPITAL,SE220kV_PARQUE CABALLERO,23kV,2028,4.4
100- CAPITAL,SE220kV_PARQUE CABALLERO,23kV,2029,4.6
100- CAPITAL,SE220kV_PARQUE CABALLERO,23kV,2031,4.9
100- CAPITAL,SE220kV_PARQUE CABALLERO,23kV,2032,5.1
100- CAPITAL,SE220kV_PARQUE CABALLERO,23kV,2033,5.6
100- CAPITAL,SE220kV_PUERTO BOTANICO,23kV,2026,6.9
100- CAPITAL,SE220kV_PUERTO BOTANICO,23kV,2027,7.6
100- CAPITAL,SE220kV_PUERTO BOTANICO,23kV,2028,8.0
100- CAPITAL,SE220kV_PUERTO BOTANICO,23kV,2029,8.5
100- CAPITAL,SE220kV_PUERTO BOTANICO,23kV,2031,9.8
100- CAPITAL,SE220kV_PUERTO BOTANICO,23kV,2032,9.7
100- CAPITAL,SE220kV_PUERTO BOTANICO,23kV,2033,5.8
100- CAPITAL,SE220kV_PUERTO SAJONIA,23kV,2026,4.3
100- CAPITAL,SE220kV_PUERTO SAJONIA,23kV,2027,4.7
100- CAPITAL,SE220kV_PUERTO SAJONIA,23kV,2028,4.9
100- CAPITAL,SE220kV_PUERTO SAJONIA,23kV,2029,5.3
100- CAPITAL,SE220kV_PUERTO SAJONIA,23kV,2031,6.1
100- CAPITAL,SE220kV_PUERTO SAJONIA,23kV,2032,6.4
100- CAPITAL,SE220kV_PUERTO SAJONIA,23kV,2033,6.6
100- CAPITAL,SE220kV_VILLA AURELIA,23kV,2026,3.0
100- CAPITAL,SE220kV_VILLA AURELIA,23kV,2027,3.1
100- CAPITAL,SE220kV_VILLA AURELIA,23kV,2028,5.0
100- CAPITAL,SE220kV_VILLA AURELIA,23kV,2029,6.0
100- CAPITAL,SE220kV_VILLA AURELIA,23kV,2031,5.7
100- CAPITAL,SE220kV_VILLA AURELIA,23kV,2032,5.8
100- CAPITAL,SE220kV_VILLA AURELIA,23kV,2033,5.7
101- CONCEPCION,SE023kV_CONCEPCION,23kV,2026,0.7
101- CONCEPCION,SE023kV_CONCEPCION,23kV,2027,3.1
101- CONCEPCION,SE023kV_CONCEPCION,23kV,2028,2.9
101- CONCEPCION,SE023kV_CONCEPCION,23kV,2029,2.1
101- CONCEPCION,SE023kV_CONCEPCION,23kV,2031,2.7
101- CONCEPCION,SE023kV_CONCEPCION,23kV,2032,2.8
101- CONCEPCION,SE023kV_CONCEPCION,23kV,2033,3.0
101- CONCEPCION,SE023kV_VALLEMI-2,23kV,2026,0.4
101- CONCEPCION,SE023kV_VALLEMI-2,23kV,2027,1.1
101- CONCEPCION,SE023kV_VALLEMI-2,23kV,2028,1.2
101- CONCEPCION,SE023kV_VALLEMI-2,23kV,2029,1.1
101- CONCEPCION,SE023kV_VALLEMI-2,23kV,2031,1.2
101- CONCEPCION,SE023kV_VALLEMI-2,23kV,2032,0.4
101- CONCEPCION,SE023kV_VALLEMI-2,23kV,2033,0.4
101- CONCEPCION,SE023kV_YBY YAU,23kV,2026,0.6
101- CONCEPCION,SE023kV_YBY YAU,23kV,2027,0.5
101- CONCEPCION,SE023kV_YBY YAU,23kV,2028,0.6
101- CONCEPCION,SE023kV_YBY YAU,23kV,2029,0.4
101- CONCEPCION,SE023kV_YBY YAU,23kV,2031,0.4
101- CONCEPCION,SE023kV_YBY YAU,23kV,2032,0.4
101- CONCEPCION,SE023kV_YBY YAU,23kV,2033,0.5
101- CONCEPCION,SE220kV_HORQUETA,23kV,2026,0.5
101- CONCEPCION,SE220kV_HORQUETA,23kV,2027,1.1
101- CONCEPCION,SE220kV_HORQUETA,23kV,2028,1.3
101- CONCEPCION,SE220kV_HORQUETA,23kV,2029,1.0
101- CONCEPCION,SE220kV_HORQUETA,23kV,2031,1.2
101- CONCEPCION,SE220kV_HORQUETA,23kV,2032,1.5
101- CONCEPCION,SE220kV_HORQUETA,23kV,2033,1.6
101- CONCEPCION,SE220kV_VALLEMI-1,23kV,2026,0.0
101- CONCEPCION,SE220kV_VALLEMI-1,23kV,2027,0.0
101- CONCEPCION,SE220kV_VALLEMI-1,23kV,2028,0.0
101- CONCEPCION,SE220kV_VALLEMI-1,23kV,2029,0.0
101- CONCEPCION,SE220kV_VALLEMI-1,23kV,2031,0.0
101- CONCEPCION,SE220kV_VALLEMI-1,23kV,2032,0.0
101- CONCEPCION,SE220kV_VALLEMI-1,23kV,2033,0.0
101- CONCEPCION,SE220kV_VILLA REAL,23kV,2026,0.3
101- CONCEPCION,SE220kV_VILLA REAL,23kV,2027,1.6
101- CONCEPCION,SE220kV_VILLA REAL,23kV,2028,1.4
101- CONCEPCION,SE220kV_VILLA REAL,23kV,2029,1.6
101- CONCEPCION,SE220kV_VILLA REAL,23kV,2031,0.7
101- CONCEPCION,SE220kV_VILLA REAL,23kV,2032,0.7
101- CONCEPCION,SE220kV_VILLA REAL,23kV,2033,0.8
102- SAN PEDRO,SE023kV_BARRIO SAN PEDRO,23kV,2026,0.0
102- SAN PEDRO,SE023kV_BARRIO SAN PEDRO,23kV,2027,0.0
102- SAN PEDRO,SE023kV_BARRIO SAN PEDRO,23kV,2028,0.0
102- SAN PEDRO,SE023kV_BARRIO SAN PEDRO,23kV,2029,0.0
102- SAN PEDRO,SE023kV_BARRIO SAN PEDRO,23kV,2031,0.0
102- SAN PEDRO,SE023kV_BARRIO SAN PEDRO,23kV,2032,0.0
102- SAN PEDRO,SE023kV_BARRIO SAN PEDRO,23kV,2033,0.0
102- SAN PEDRO,SE023kV_ITACURUBI DEL ROSARIO,23kV,2026,1.6
102- SAN PEDRO,SE023kV_ITACURUBI DEL ROSARIO,23kV,2027,1.7
102- SAN PEDRO,SE023kV_ITACURUBI DEL ROSARIO,23kV,2028,0.6
102- SAN PEDRO,SE023kV_ITACURUBI DEL ROSARIO,23kV,2029,0.7
102- SAN PEDRO,SE023kV_ITACURUBI DEL ROSARIO,23kV,2031,2.0
102- SAN PEDRO,SE023kV_ITACURUBI DEL ROSARIO,23kV,2032,2.1
102- SAN PEDRO,SE023kV_ITACURUBI DEL ROSARIO,23kV,2033,2.2
102- SAN PEDRO,SE023kV_SAN ESTANISLAO,23kV,2026,1.4
102- SAN PEDRO,SE023kV_SAN ESTANISLAO,23kV,2027,1.5
102- SAN PEDRO,SE023kV_SAN ESTANISLAO,23kV,2028,1.4
102- SAN PEDRO,SE023kV_SAN ESTANISLAO,23kV,2029,1.4
102- SAN PEDRO,SE023kV_SAN ESTANISLAO,23kV,2031,1.7
102- SAN PEDRO,SE023kV_SAN ESTANISLAO,23kV,2032,1.2
102- SAN PEDRO,SE023kV_SAN ESTANISLAO,23kV,2033,1.4
102- SAN PEDRO,SE023kV_SAN PEDRO NORTE,23kV,2026,1.5
102- SAN PEDRO,SE023kV_SAN PEDRO NORTE,23kV,2027,1.6
102- SAN PEDRO,SE023kV_SAN PEDRO NORTE,23kV,2028,1.7
102- SAN PEDRO,SE023kV_SAN PEDRO NORTE,23kV,2029,1.8
102- SAN PEDRO,SE023kV_SAN PEDRO NORTE,23kV,2031,1.7
102- SAN PEDRO,SE023kV_SAN PEDRO NORTE,23kV,2032,0.1
102- SAN PEDRO,SE023kV_SAN PEDRO NORTE,23kV,2033,0.9
102- SAN PEDRO,SE220kV_SANTA ROSA,23kV,2026,3.2
102- SAN PEDRO,SE220kV_SANTA ROSA,23kV,2027,2.6
102- SAN PEDRO,SE220kV_SANTA ROSA,23kV,2028,2.8
102- SAN PEDRO,SE220kV_SANTA ROSA,23kV,2029,3.1
102- SAN PEDRO,SE220kV_SANTA ROSA,23kV,2031,3.3
102- SAN PEDRO,SE220kV_SANTA ROSA,23kV,2032,3.3
102- SAN PEDRO,SE220kV_SANTA ROSA,23kV,2033,1.7
103- CORDILLERA,SE023kV_CAACUPE,23kV,2026,1.1
103- CORDILLERA,SE023kV_CAACUPE,23kV,2027,2.4
103- CORDILLERA,SE023kV_CAACUPE,23kV,2028,1.5
103- CORDILLERA,SE023kV_CAACUPE,23kV,2029,1.0
103- CORDILLERA,SE023kV_CAACUPE,23kV,2031,1.9
103- CORDILLERA,SE023kV_CAACUPE,23kV,2032,1.9
103- CORDILLERA,SE023kV_CAACUPE,23kV,2033,2.0
103- CORDILLERA,SE220kV_ALTOS,23kV,2026,3.3
103- CORDILLERA,SE220kV_ALTOS,23kV,2027,3.1
103- CORDILLERA,SE220kV_ALTOS,23kV,2028,2.2
103- CORDILLERA,SE220kV_ALTOS,23kV,2029,2.7
103- CORDILLERA,SE220kV_ALTOS,23kV,2031,3.6
103- CORDILLERA,SE220kV_ALTOS,23kV,2032,3.7
103- CORDILLERA,SE220kV_ALTOS,23kV,2033,3.9
103- CORDILLERA,SE220kV_EUSEBIO AYALA,23kV,2026,1.8
103- CORDILLERA,SE220kV_EUSEBIO AYALA,23kV,2027,2.5
103- CORDILLERA,SE220kV_EUSEBIO AYALA,23kV,2028,2.6
103- CORDILLERA,SE220kV_EUSEBIO AYALA,23kV,2029,2.7
103- CORDILLERA,SE220kV_EUSEBIO AYALA,23kV,2031,3.4
103- CORDILLERA,SE220kV_EUSEBIO AYALA,23kV,2032,2.8
103- CORDILLERA,SE220kV_EUSEBIO AYALA,23kV,2033,2.9
103- CORDILLERA,SE500kV_VALENZUELA,23kV,2026,1.0
103- CORDILLERA,SE500kV_VALENZUELA,23kV,2027,1.5
103- CORDILLERA,SE500kV_VALENZUELA,23kV,2028,1.9
103- CORDILLERA,SE500kV_VALENZUELA,23kV,2029,2.0
103- CORDILLERA,SE500kV_VALENZUELA,23kV,2031,1.9
103- CORDILLERA,SE500kV_VALENZUELA,23kV,2032,1.9
103- CORDILLERA,SE500kV_VALENZUELA,23kV,2033,2.2
104- GUAIRA,SE023kV_VILLARRICA,23kV,2026,0.4
104- GUAIRA,SE023kV_VILLARRICA,23kV,2027,0.4
104- GUAIRA,SE023kV_VILLARRICA,23kV,2028,0.3
104- GUAIRA,SE023kV_VILLARRICA,23kV,2029,0.3
104- GUAIRA,SE023kV_VILLARRICA,23kV,2031,0.3
104- GUAIRA,SE023kV_VILLARRICA,23kV,2032,0.3
104- GUAIRA,SE023kV_VILLARRICA,23kV,2033,0.3
104- GUAIRA,SE066kV_CLYFSA,23kV,2026,0.0
104- GUAIRA,SE066kV_CLYFSA,23kV,2027,0.0
104- GUAIRA,SE066kV_CLYFSA,23kV,2028,0.0
104- GUAIRA,SE066kV_CLYFSA,23kV,2029,0.0
104- GUAIRA,SE066kV_CLYFSA,23kV,2031,0.0
104- GUAIRA,SE066kV_CLYFSA,23kV,2032,0.0
104- GUAIRA,SE066kV_CLYFSA,23kV,2033,0.0
104- GUAIRA,SE220kV_PASO PE,23kV,2026,2.3
104- GUAIRA,SE220kV_PASO PE,23kV,2027,2.3
104- GUAIRA,SE220kV_PASO PE,23kV,2028,2.3
104- GUAIRA,SE220kV_PASO PE,23kV,2029,2.4
104- GUAIRA,SE220kV_PASO PE,23kV,2031,2.4
104- GUAIRA,SE220kV_PASO PE,23kV,2032,2.4
104- GUAIRA,SE220kV_PASO PE,23kV,2033,2.5
105- CAAGUAZU,SE023kV_CAAGUAZU,23kV,2026,3.1
105- CAAGUAZU,SE023kV_CAAGUAZU,23kV,2027,3.2
105- CAAGUAZU,SE023kV_CAAGUAZU,23kV,2028,4.9
105- CAAGUAZU,SE023kV_CAAGUAZU,23kV,2029,3.6
105- CAAGUAZU,SE023kV_CAAGUAZU,23kV,2031,4.2
105- CAAGUAZU,SE023kV_CAAGUAZU,23kV,2032,4.3
105- CAAGUAZU,SE023kV_CAAGUAZU,23kV,2033,4.5
105- CAAGUAZU,SE023kV_CAMPO DOS,23kV,2026,1.4
105- CAAGUAZU,SE023kV_CAMPO DOS,23kV,2027,1.4
105- CAAGUAZU,SE023kV_CAMPO DOS,23kV,2028,2.8
105- CAAGUAZU,SE023kV_CAMPO DOS,23kV,2029,3.1
105- CAAGUAZU,SE023kV_CAMPO DOS,23kV,2031,3.7
105- CAAGUAZU,SE023kV_CAMPO DOS,23kV,2032,3.5
105- CAAGUAZU,SE023kV_CAMPO DOS,23kV,2033,3.7
105- CAAGUAZU,SE023kV_CARAYAO,23kV,2026,1.4
105- CAAGUAZU,SE023kV_CARAYAO,23kV,2027,1.4
105- CAAGUAZU,SE023kV_CARAYAO,23kV,2028,1.2
105- CAAGUAZU,SE023kV_CARAYAO,23kV,2029,1.3
105- CAAGUAZU,SE023kV_CARAYAO,23kV,2031,1.6
105- CAAGUAZU,SE023kV_CARAYAO,23kV,2032,1.7
105- CAAGUAZU,SE023kV_CARAYAO,23kV,2033,1.8
105- CAAGUAZU,SE023kV_VAQUERIA,23kV,2026,1.3
105- CAAGUAZU,SE023kV_VAQUERIA,23kV,2027,1.3
105- CAAGUAZU,SE023kV_VAQUERIA,23kV,2028,1.4
105- CAAGUAZU,SE023kV_VAQUERIA,23kV,2029,1.5
105- CAAGUAZU,SE023kV_VAQUERIA,23kV,2031,1.0
105- CAAGUAZU,SE023kV_VAQUERIA,23kV,2032,1.6
105- CAAGUAZU,SE023kV_VAQUERIA,23kV,2033,0.6
105- CAAGUAZU,SE220kV_CNEL OVIEDO,23kV,2026,3.0
105- CAAGUAZU,SE220kV_CNEL OVIEDO,23kV,2027,3.1
105- CAAGUAZU,SE220kV_CNEL OVIEDO,23kV,2028,3.3
105- CAAGUAZU,SE220kV_CNEL OVIEDO,23kV,2029,1.2
105- CAAGUAZU,SE220kV_CNEL OVIEDO,23kV,2031,0.9
105- CAAGUAZU,SE220kV_CNEL OVIEDO,23kV,2032,1.4
105- CAAGUAZU,SE220kV_CNEL OVIEDO,23kV,2033,1.4
106- CAAZAPA,SE023kV_ABAI,23kV,2026,0.7
106- CAAZAPA,SE023kV_ABAI,23kV,2027,0.7
106- CAAZAPA,SE023kV_ABAI,23kV,2028,0.7
106- CAAZAPA,SE023kV_ABAI,23kV,2029,1.6
106- CAAZAPA,SE023kV_ABAI,23kV,2031,1.6
106- CAAZAPA,SE023kV_ABAI,23kV,2032,1.4
106- CAAZAPA,SE023kV_ABAI,23kV,2033,1.5
106- CAAZAPA,SE023kV_CAAZAPA,23kV,2026,0.6
106- CAAZAPA,SE023kV_CAAZAPA,23kV,2027,0.6
106- CAAZAPA,SE023kV_CAAZAPA,23kV,2028,0.6
106- CAAZAPA,SE023kV_CAAZAPA,23kV,2029,0.6
106- CAAZAPA,SE023kV_CAAZAPA,23kV,2031,0.6
106- CAAZAPA,SE023kV_CAAZAPA,23kV,2032,0.5
106- CAAZAPA,SE023kV_CAAZAPA,23kV,2033,0.6
107- ITAPUA,SE023kV_CARLOS A LOPEZ,23kV,2026,0.6
107- ITAPUA,SE023kV_CARLOS A LOPEZ,23kV,2027,0.9
107- ITAPUA,SE023kV_CARLOS A LOPEZ,23kV,2028,0.9
107- ITAPUA,SE023kV_CARLOS A LOPEZ,23kV,2029,0.9
107- ITAPUA,SE023kV_CARLOS A LOPEZ,23kV,2031,0.9
107- ITAPUA,SE023kV_CARLOS A LOPEZ,23kV,2032,0.9
107- ITAPUA,SE023kV_CARLOS A LOPEZ,23kV,2033,1.0
107- ITAPUA,SE023kV_ENCARNACION,23kV,2026,2.3
107- ITAPUA,SE023kV_ENCARNACION,23kV,2027,2.2
107- ITAPUA,SE023kV_ENCARNACION,23kV,2028,2.2
107- ITAPUA,SE023kV_ENCARNACION,23kV,2029,2.2
107- ITAPUA,SE023kV_ENCARNACION,23kV,2031,2.1
107- ITAPUA,SE023kV_ENCARNACION,23kV,2032,1.7
107- ITAPUA,SE023kV_ENCARNACION,23kV,2033,2.1
107- ITAPUA,SE023kV_FRAM,23kV,2026,1.5
107- ITAPUA,SE023kV_FRAM,23kV,2027,1.6
107- ITAPUA,SE023kV_FRAM,23kV,2028,1.7
107- ITAPUA,SE023kV_FRAM,23kV,2029,1.7
107- ITAPUA,SE023kV_FRAM,23kV,2031,1.4
107- ITAPUA,SE023kV_FRAM,23kV,2032,1.5
107- ITAPUA,SE023kV_FRAM,23kV,2033,1.7
107- ITAPUA,SE023kV_NATALIO,23kV,2026,0.7
107- ITAPUA,SE023kV_NATALIO,23kV,2027,0.8
107- ITAPUA,SE023kV_NATALIO,23kV,2028,0.7
107- ITAPUA,SE023kV_NATALIO,23kV,2029,0.3
107- ITAPUA,SE023kV_NATALIO,23kV,2031,2.3
107- ITAPUA,SE023kV_NATALIO,23kV,2032,2.5
107- ITAPUA,SE023kV_NATALIO,23kV,2033,2.7
107- ITAPUA,SE023kV_PIRA PO,23kV,2026,0.7
107- ITAPUA,SE023kV_PIRA PO,23kV,2027,0.7
107- ITAPUA,SE023kV_PIRA PO,23kV,2028,0.7
107- ITAPUA,SE023kV_PIRA PO,23kV,2029,0.8
107- ITAPUA,SE023kV_PIRA PO,23kV,2031,0.6
107- ITAPUA,SE023kV_PIRA PO,23kV,2032,0.6
107- ITAPUA,SE023kV_PIRA PO,23kV,2033,0.7
107- ITAPUA,SE023kV_SAN PEDRO DEL PARANA,23kV,2026,0.7
107- ITAPUA,SE023kV_SAN PEDRO DEL PARANA,23kV,2027,0.7
107- ITAPUA,SE023kV_SAN PEDRO DEL PARANA,23kV,2028,0.8
107- ITAPUA,SE023kV_SAN PEDRO DEL PARANA,23kV,2029,0.3
107- ITAPUA,SE023kV_SAN PEDRO DEL PARANA,23kV,2031,1.5
107- ITAPUA,SE023kV_SAN PEDRO DEL PARANA,23kV,2032,1.8
107- ITAPUA,SE023kV_SAN PEDRO DEL PARANA,23kV,2033,2.0
107- ITAPUA,SE220kV_CAMBYRETA,23kV,2026,1.2
107- ITAPUA,SE220kV_CAMBYRETA,23kV,2027,1.3
107- ITAPUA,SE220kV_CAMBYRETA,23kV,2028,1.5
107- ITAPUA,SE220kV_CAMBYRETA,23kV,2029,1.6
107- ITAPUA,SE220kV_CAMBYRETA,23kV,2031,1.6
107- ITAPUA,SE220kV_CAMBYRETA,23kV,2032,1.6
107- ITAPUA,SE220kV_CAMBYRETA,23kV,2033,0.9
107- ITAPUA,SE220kV_CNEL BOGADO,23kV,2026,1.2
107- ITAPUA,SE220kV_CNEL BOGADO,23kV,2027,1.2
107- ITAPUA,SE220kV_CNEL BOGADO,23kV,2028,1.3
107- ITAPUA,SE220kV_CNEL BOGADO,23kV,2029,1.3
107- ITAPUA,SE220kV_CNEL BOGADO,23kV,2031,1.3
107- ITAPUA,SE220kV_CNEL BOGADO,23kV,2032,1.3
107- ITAPUA,SE220kV_CNEL BOGADO,23kV,2033,1.4
107- ITAPUA,SE220kV_TRINIDAD,23kV,2026,2.9
107- ITAPUA,SE220kV_TRINIDAD,23kV,2027,3.1
107- ITAPUA,SE220kV_TRINIDAD,23kV,2028,3.1
107- ITAPUA,SE220kV_TRINIDAD,23kV,2029,0.6
107- ITAPUA,SE220kV_TRINIDAD,23kV,2031,3.0
107- ITAPUA,SE220kV_TRINIDAD,23kV,2032,3.1
107- ITAPUA,SE220kV_TRINIDAD,23kV,2033,2.9
108- MISIONES,GEN-YACYRETA,23kV,2026,0.0
108- MISIONES,GEN-YACYRETA,23kV,2027,0.0
108- MISIONES,GEN-YACYRETA,23kV,2028,0.0
108- MISIONES,GEN-YACYRETA,23kV,2029,0.0
108- MISIONES,GEN-YACYRETA,23kV,2031,0.0
108- MISIONES,GEN-YACYRETA,23kV,2032,0.0
108- MISIONES,GEN-YACYRETA,23kV,2033,0.0
108- MISIONES,SE023kV_SAN IGNACIO,23kV,2026,2.3
108- MISIONES,SE023kV_SAN IGNACIO,23kV,2027,2.8
108- MISIONES,SE023kV_SAN IGNACIO,23kV,2028,3.2
108- MISIONES,SE023kV_SAN IGNACIO,23kV,2029,3.7
108- MISIONES,SE023kV_SAN IGNACIO,23kV,2031,3.5
108- MISIONES,SE023kV_SAN IGNACIO,23kV,2032,3.7
108- MISIONES,SE023kV_SAN IGNACIO,23kV,2033,3.9
108- MISIONES,SE023kV_SAN PATRICIO,23kV,2026,0.4
108- MISIONES,SE023kV_SAN PATRICIO,23kV,2027,0.8
108- MISIONES,SE023kV_SAN PATRICIO,23kV,2028,0.8
108- MISIONES,SE023kV_SAN PATRICIO,23kV,2029,0.8
108- MISIONES,SE023kV_SAN PATRICIO,23kV,2031,1.2
108- MISIONES,SE023kV_SAN PATRICIO,23kV,2032,1.2
108- MISIONES,SE023kV_SAN PATRICIO,23kV,2033,1.3
108- MISIONES,SE500kV_AYOLAS,23kV,2026,0.0
108- MISIONES,SE500kV_AYOLAS,23kV,2027,0.0
108- MISIONES,SE500kV_AYOLAS,23kV,2028,0.7
108- MISIONES,SE500kV_AYOLAS,23kV,2029,0.8
108- MISIONES,SE500kV_AYOLAS,23kV,2031,0.8
108- MISIONES,SE500kV_AYOLAS,23kV,2032,0.9
108- MISIONES,SE500kV_AYOLAS,23kV,2033,0.0
109- PARAGUARI,SE023kV_CAAPUCU,23kV,2026,0.4
109- PARAGUARI,SE023kV_CAAPUCU,23kV,2027,0.4
109- PARAGUARI,SE023kV_CAAPUCU,23kV,2028,0.9
109- PARAGUARI,SE023kV_CAAPUCU,23kV,2029,1.0
109- PARAGUARI,SE023kV_CAAPUCU,23kV,2031,1.1
109- PARAGUARI,SE023kV_CAAPUCU,23kV,2032,1.2
109- PARAGUARI,SE023kV_CAAPUCU,23kV,2033,1.3
109- PARAGUARI,SE023kV_LA COLMENA,23kV,2026,0.9
109- PARAGUARI,SE023kV_LA COLMENA,23kV,2027,0.9
109- PARAGUARI,SE023kV_LA COLMENA,23kV,2028,1.0
109- PARAGUARI,SE023kV_LA COLMENA,23kV,2029,1.0
109- PARAGUARI,SE023kV_LA COLMENA,23kV,2031,1.1
109- PARAGUARI,SE023kV_LA COLMENA,23kV,2032,1.2
109- PARAGUARI,SE023kV_LA COLMENA,23kV,2033,0.6
109- PARAGUARI,SE023kV_PARAGUARI,23kV,2026,1.6
109- PARAGUARI,SE023kV_PARAGUARI,23kV,2027,1.7
109- PARAGUARI,SE023kV_PARAGUARI,23kV,2028,1.8
109- PARAGUARI,SE023kV_PARAGUARI,23kV,2029,1.8
109- PARAGUARI,SE023kV_PARAGUARI,23kV,2031,1.7
109- PARAGUARI,SE023kV_PARAGUARI,23kV,2032,1.8
109- PARAGUARI,SE023kV_PARAGUARI,23kV,2033,1.8
109- PARAGUARI,SE023kV_QUIINDY,23kV,2026,1.0
109- PARAGUARI,SE023kV_QUIINDY,23kV,2027,1.1
109- PARAGUARI,SE023kV_QUIINDY,23kV,2028,1.0
109- PARAGUARI,SE023kV_QUIINDY,23kV,2029,1.1
109- PARAGUARI,SE023kV_QUIINDY,23kV,2031,1.5
109- PARAGUARI,SE023kV_QUIINDY,23kV,2032,1.6
109- PARAGUARI,SE023kV_QUIINDY,23kV,2033,1.7
109- PARAGUARI,SE220kV_PARQUE IND HERNANDARIAS,23kV,2026,1.6
109- PARAGUARI,SE220kV_PARQUE IND HERNANDARIAS,23kV,2027,1.7
109- PARAGUARI,SE220kV_PARQUE IND HERNANDARIAS,23kV,2028,3.3
109- PARAGUARI,SE220kV_PARQUE IND HERNANDARIAS,23kV,2029,1.4
109- PARAGUARI,SE220kV_PARQUE IND HERNANDARIAS,23kV,2031,3.2
109- PARAGUARI,SE220kV_PARQUE IND HERNANDARIAS,23kV,2032,3.0
109- PARAGUARI,SE220kV_PARQUE IND HERNANDARIAS,23kV,2033,3.2
109- PARAGUARI,SE220kV_PIRAYU,23kV,2026,1.5
109- PARAGUARI,SE220kV_PIRAYU,23kV,2027,1.4
109- PARAGUARI,SE220kV_PIRAYU,23kV,2028,1.4
109- PARAGUARI,SE220kV_PIRAYU,23kV,2029,1.6
109- PARAGUARI,SE220kV_PIRAYU,23kV,2031,1.5
109- PARAGUARI,SE220kV_PIRAYU,23kV,2032,1.6
109- PARAGUARI,SE220kV_PIRAYU,23kV,2033,0.7
109- PARAGUARI,SE220kV_VALLE APUA,23kV,2026,0.1
109- PARAGUARI,SE220kV_VALLE APUA,23kV,2027,0.1
109- PARAGUARI,SE220kV_VALLE APUA,23kV,2028,0.1
109- PARAGUARI,SE220kV_VALLE APUA,23kV,2029,0.1
109- PARAGUARI,SE220kV_VALLE APUA,23kV,2031,0.2
109- PARAGUARI,SE220kV_VALLE APUA,23kV,2032,0.2
109- PARAGUARI,SE220kV_VALLE APUA,23kV,2033,0.2
110- ALTO PARANA,GEN-ACARAY,23kV,2026,0.0
110- ALTO PARANA,GEN-ACARAY,23kV,2027,0.0
110- ALTO PARANA,GEN-ACARAY,23kV,2028,0.0
110- ALTO PARANA,GEN-ACARAY,23kV,2029,0.0
110- ALTO PARANA,GEN-ACARAY,23kV,2031,0.0
110- ALTO PARANA,GEN-ACARAY,23kV,2032,0.0
110- ALTO PARANA,GEN-ACARAY,23kV,2033,0.0
110- ALTO PARANA,GEN-ITAIPU,23kV,2026,0.0
110- ALTO PARANA,GEN-ITAIPU,23kV,2027,0.0
110- ALTO PARANA,GEN-ITAIPU,23kV,2028,0.0
110- ALTO PARANA,GEN-ITAIPU,23kV,2029,0.0
110- ALTO PARANA,GEN-ITAIPU,23kV,2031,0.0
110- ALTO PARANA,GEN-ITAIPU,23kV,2032,0.0
110- ALTO PARANA,GEN-ITAIPU,23kV,2033,0.0
110- ALTO PARANA,SE023kV_ALTO PARANA,23kV,2026,5.9
110- ALTO PARANA,SE023kV_ALTO PARANA,23kV,2027,5.2
110- ALTO PARANA,SE023kV_ALTO PARANA,23kV,2028,5.4
110- ALTO PARANA,SE023kV_ALTO PARANA,23kV,2029,5.1
110- ALTO PARANA,SE023kV_ALTO PARANA,23kV,2031,5.4
110- ALTO PARANA,SE023kV_ALTO PARANA,23kV,2032,5.6
110- ALTO PARANA,SE023kV_ALTO PARANA,23kV,2033,5.9
110- ALTO PARANA,SE023kV_DEL ESTE,23kV,2026,3.8
110- ALTO PARANA,SE023kV_DEL ESTE,23kV,2027,4.0
110- ALTO PARANA,SE023kV_DEL ESTE,23kV,2028,2.7
110- ALTO PARANA,SE023kV_DEL ESTE,23kV,2029,3.3
110- ALTO PARANA,SE023kV_DEL ESTE,23kV,2031,3.2
110- ALTO PARANA,SE023kV_DEL ESTE,23kV,2032,3.3
110- ALTO PARANA,SE023kV_DEL ESTE,23kV,2033,3.5
110- ALTO PARANA,SE023kV_HERNANDARIAS,23kV,2026,2.4
110- ALTO PARANA,SE023kV_HERNANDARIAS,23kV,2027,2.3
110- ALTO PARANA,SE023kV_HERNANDARIAS,23kV,2028,2.0
110- ALTO PARANA,SE023kV_HERNANDARIAS,23kV,2029,1.9
110- ALTO PARANA,SE023kV_HERNANDARIAS,23kV,2031,1.0
110- ALTO PARANA,SE023kV_HERNANDARIAS,23kV,2032,1.0
110- ALTO PARANA,SE023kV_HERNANDARIAS,23kV,2033,1.1
110- ALTO PARANA,SE023kV_J LEON MALLORQUIN,23kV,2026,1.1
110- ALTO PARANA,SE023kV_J LEON MALLORQUIN,23kV,2027,1.0
110- ALTO PARANA,SE023kV_J LEON MALLORQUIN,23kV,2028,1.0
110- ALTO PARANA,SE023kV_J LEON MALLORQUIN,23kV,2029,1.1
110- ALTO PARANA,SE023kV_J LEON MALLORQUIN,23kV,2031,0.9
110- ALTO PARANA,SE023kV_J LEON MALLORQUIN,23kV,2032,1.0
110- ALTO PARANA,SE023kV_J LEON MALLORQUIN,23kV,2033,1.1
110- ALTO PARANA,SE023kV_KILOMETRO 15,23kV,2026,2.4
110- ALTO PARANA,SE023kV_KILOMETRO 15,23kV,2027,2.9
110- ALTO PARANA,SE023kV_KILOMETRO 15,23kV,2028,3.2
110- ALTO PARANA,SE023kV_KILOMETRO 15,23kV,2029,3.3
110- ALTO PARANA,SE023kV_KILOMETRO 15,23kV,2031,3.1
110- ALTO PARANA,SE023kV_KILOMETRO 15,23kV,2032,3.0
110- ALTO PARANA,SE023kV_KILOMETRO 15,23kV,2033,3.1
110- ALTO PARANA,SE023kV_MICROCENTRO,23kV,2026,2.4
110- ALTO PARANA,SE023kV_MICROCENTRO,23kV,2027,5.0
110- ALTO PARANA,SE023kV_MICROCENTRO,23kV,2028,5.3
110- ALTO PARANA,SE023kV_MICROCENTRO,23kV,2029,5.5
110- ALTO PARANA,SE023kV_MICROCENTRO,23kV,2031,6.0
110- ALTO PARANA,SE023kV_MICROCENTRO,23kV,2032,0.8
110- ALTO PARANA,SE023kV_MICROCENTRO,23kV,2033,2.6
110- ALTO PARANA,SE023kV_MINGA PORA,23kV,2026,0.9
110- ALTO PARANA,SE023kV_MINGA PORA,23kV,2027,0.9
110- ALTO PARANA,SE023kV_MINGA PORA,23kV,2028,0.9
110- ALTO PARANA,SE023kV_MINGA PORA,23kV,2029,0.8
110- ALTO PARANA,SE023kV_MINGA PORA,23kV,2031,0.8
110- ALTO PARANA,SE023kV_MINGA PORA,23kV,2032,0.7
110- ALTO PARANA,SE023kV_MINGA PORA,23kV,2033,0.8
110- ALTO PARANA,SE023kV_NARANJAL,23kV,2026,1.4
110- ALTO PARANA,SE023kV_NARANJAL,23kV,2027,1.9
110- ALTO PARANA,SE023kV_NARANJAL,23kV,2028,1.3
110- ALTO PARANA,SE023kV_NARANJAL,23kV,2029,1.3
110- ALTO PARANA,SE023kV_NARANJAL,23kV,2031,1.6
110- ALTO PARANA,SE023kV_NARANJAL,23kV,2032,1.6
110- ALTO PARANA,SE023kV_NARANJAL,23kV,2033,1.6
110- ALTO PARANA,SE023kV_SANTA RITA,23kV,2026,2.6
110- ALTO PARANA,SE023kV_SANTA RITA,23kV,2027,2.5
110- ALTO PARANA,SE023kV_SANTA RITA,23kV,2028,2.5
110- ALTO PARANA,SE023kV_SANTA RITA,23kV,2029,2.5
110- ALTO PARANA,SE023kV_SANTA RITA,23kV,2031,2.6
110- ALTO PARANA,SE023kV_SANTA RITA,23kV,2032,3.2
110- ALTO PARANA,SE023kV_SANTA RITA,23kV,2033,3.3
110- ALTO PARANA,SE066kV_ACARAY,23kV,2026,1.9
110- ALTO PARANA,SE066kV_ACARAY,23kV,2027,2.0
110- ALTO PARANA,SE066kV_ACARAY,23kV,2028,2.1
110- ALTO PARANA,SE066kV_ACARAY,23kV,2029,2.2
110- ALTO PARANA,SE066kV_ACARAY,23kV,2031,2.4
110- ALTO PARANA,SE066kV_ACARAY,23kV,2032,2.2
110- ALTO PARANA,SE066kV_ACARAY,23kV,2033,2.2
110- ALTO PARANA,SE220kV_ITAKYRY,23kV,2026,1.7
110- ALTO PARANA,SE220kV_ITAKYRY,23kV,2027,0.8
110- ALTO PARANA,SE220kV_ITAKYRY,23kV,2028,0.0
110- ALTO PARANA,SE220kV_ITAKYRY,23kV,2029,1.5
110- ALTO PARANA,SE220kV_ITAKYRY,23kV,2031,1.3
110- ALTO PARANA,SE220kV_ITAKYRY,23kV,2032,1.5
110- ALTO PARANA,SE220kV_ITAKYRY,23kV,2033,1.6
110- ALTO PARANA,SE220kV_KILOMETRO 30,23kV,2026,1.8
110- ALTO PARANA,SE220kV_KILOMETRO 30,23kV,2027,1.6
110- ALTO PARANA,SE220kV_KILOMETRO 30,23kV,2028,1.5
110- ALTO PARANA,SE220kV_KILOMETRO 30,23kV,2029,1.6
110- ALTO PARANA,SE220kV_KILOMETRO 30,23kV,2031,2.4
110- ALTO PARANA,SE220kV_KILOMETRO 30,23kV,2032,1.0
110- ALTO PARANA,SE220kV_KILOMETRO 30,23kV,2033,1.0
110- ALTO PARANA,SE220kV_PARANAMBU,23kV,2026,1.1
110- ALTO PARANA,SE220kV_PARANAMBU,23kV,2027,1.1
110- ALTO PARANA,SE220kV_PARANAMBU,23kV,2028,1.1
110- ALTO PARANA,SE220kV_PARANAMBU,23kV,2029,1.0
110- ALTO PARANA,SE220kV_PARANAMBU,23kV,2031,1.2
110- ALTO PARANA,SE220kV_PARANAMBU,23kV,2032,1.2
110- ALTO PARANA,SE220kV_PARANAMBU,23kV,2033,1.3
110- ALTO PARANA,SE220kV_PTE FRANCO,23kV,2026,2.2
110- ALTO PARANA,SE220kV_PTE FRANCO,23kV,2027,2.3
110- ALTO PARANA,SE220kV_PTE FRANCO,23kV,2028,1.5
110- ALTO PARANA,SE220kV_PTE FRANCO,23kV,2029,1.8
110- ALTO PARANA,SE220kV_PTE FRANCO,23kV,2031,3.8
110- ALTO PARANA,SE220kV_PTE FRANCO,23kV,2032,4.2
110- ALTO PARANA,SE220kV_PTE FRANCO,23kV,2033,4.3
110- ALTO PARANA,SE500kV_YGUAZU,23kV,2026,1.0
110- ALTO PARANA,SE500kV_YGUAZU,23kV,2027,1.6
110- ALTO PARANA,SE500kV_YGUAZU,23kV,2028,1.9
110- ALTO PARANA,SE500kV_YGUAZU,23kV,2029,2.1
110- ALTO PARANA,SE500kV_YGUAZU,23kV,2031,1.9
110- ALTO PARANA,SE500kV_YGUAZU,23kV,2032,2.0
110- ALTO PARANA,SE500kV_YGUAZU,23kV,2033,2.4
111- CENTRAL,SE023kV_CAPIATA,23kV,2026,0.0
111- CENTRAL,SE023kV_CAPIATA,23kV,2027,0.0
111- CENTRAL,SE023kV_CAPIATA,23kV,2028,0.0
111- CENTRAL,SE023kV_CAPIATA,23kV,2029,0.0
111- CENTRAL,SE023kV_CAPIATA,23kV,2031,0.0
111- CENTRAL,SE023kV_CAPIATA,23kV,2032,0.0
111- CENTRAL,SE023kV_CAPIATA,23kV,2033,0.0
111- CENTRAL,SE023kV_FDO DE LA MORA,23kV,2026,1.6
111- CENTRAL,SE023kV_FDO DE LA MORA,23kV,2027,2.2
111- CENTRAL,SE023kV_FDO DE LA MORA,23kV,2028,1.5
111- CENTRAL,SE023kV_FDO DE LA MORA,23kV,2029,3.6
111- CENTRAL,SE023kV_FDO DE LA MORA,23kV,2031,3.3
111- CENTRAL,SE023kV_FDO DE LA MORA,23kV,2032,3.5
111- CENTRAL,SE023kV_FDO DE LA MORA,23kV,2033,3.6
111- CENTRAL,SE023kV_ITAUGUA,23kV,2026,3.7
111- CENTRAL,SE023kV_ITAUGUA,23kV,2027,3.2
111- CENTRAL,SE023kV_ITAUGUA,23kV,2028,3.0
111- CENTRAL,SE023kV_ITAUGUA,23kV,2029,2.7
111- CENTRAL,SE023kV_ITAUGUA,23kV,2031,3.1
111- CENTRAL,SE023kV_ITAUGUA,23kV,2032,3.5
111- CENTRAL,SE023kV_ITAUGUA,23kV,2033,3.7
111- CENTRAL,SE023kV_LA VICTORIA,23kV,2026,5.5
111- CENTRAL,SE023kV_LA VICTORIA,23kV,2027,6.1
111- CENTRAL,SE023kV_LA VICTORIA,23kV,2028,5.3
111- CENTRAL,SE023kV_LA VICTORIA,23kV,2029,0.6
111- CENTRAL,SE023kV_LA VICTORIA,23kV,2031,4.6
111- CENTRAL,SE023kV_LA VICTORIA,23kV,2032,5.5
111- CENTRAL,SE023kV_LA VICTORIA,23kV,2033,0.4
111- CENTRAL,SE023kV_LUQUE,23kV,2026,4.0
111- CENTRAL,SE023kV_LUQUE,23kV,2027,4.3
111- CENTRAL,SE023kV_LUQUE,23kV,2028,4.5
111- CENTRAL,SE023kV_LUQUE,23kV,2029,8.5
111- CENTRAL,SE023kV_LUQUE,23kV,2031,4.2
111- CENTRAL,SE023kV_LUQUE,23kV,2032,4.3
111- CENTRAL,SE023kV_LUQUE,23kV,2033,4.6
111- CENTRAL,SE023kV_MRA,23kV,2026,0.0
111- CENTRAL,SE023kV_MRA,23kV,2027,0.0
111- CENTRAL,SE023kV_MRA,23kV,2028,1.9
111- CENTRAL,SE023kV_MRA,23kV,2029,3.0
111- CENTRAL,SE023kV_MRA,23kV,2031,3.0
111- CENTRAL,SE023kV_MRA,23kV,2032,0.0
111- CENTRAL,SE023kV_MRA,23kV,2033,1.6
111- CENTRAL,SE023kV_SAN ANTONIO,23kV,2026,4.6
111- CENTRAL,SE023kV_SAN ANTONIO,23kV,2027,4.8
111- CENTRAL,SE023kV_SAN ANTONIO,23kV,2028,4.3
111- CENTRAL,SE023kV_SAN ANTONIO,23kV,2029,4.5
111- CENTRAL,SE023kV_SAN ANTONIO,23kV,2031,5.1
111- CENTRAL,SE023kV_SAN ANTONIO,23kV,2032,5.6
111- CENTRAL,SE023kV_SAN ANTONIO,23kV,2033,6.0
111- CENTRAL,SE023kV_TRES BOCAS,23kV,2026,2.4
111- CENTRAL,SE023kV_TRES BOCAS,23kV,2027,3.0
111- CENTRAL,SE023kV_TRES BOCAS,23kV,2028,3.2
111- CENTRAL,SE023kV_TRES BOCAS,23kV,2029,3.4
111- CENTRAL,SE023kV_TRES BOCAS,23kV,2031,3.0
111- CENTRAL,SE023kV_TRES BOCAS,23kV,2032,3.5
111- CENTRAL,SE023kV_TRES BOCAS,23kV,2033,3.0
111- CENTRAL,SE023kV_VILLETA,23kV,2026,3.2
111- CENTRAL,SE023kV_VILLETA,23kV,2027,2.6
111- CENTRAL,SE023kV_VILLETA,23kV,2028,1.5
111- CENTRAL,SE023kV_VILLETA,23kV,2029,1.1
111- CENTRAL,SE023kV_VILLETA,23kV,2031,1.0
111- CENTRAL,SE023kV_VILLETA,23kV,2032,1.6
111- CENTRAL,SE023kV_VILLETA,23kV,2033,1.7
111- CENTRAL,SE220kV_BARRIO MOLINO,23kV,2026,2.1
111- CENTRAL,SE220kV_BARRIO MOLINO,23kV,2027,2.1
111- CENTRAL,SE220kV_BARRIO MOLINO,23kV,2028,5.3
111- CENTRAL,SE220kV_BARRIO MOLINO,23kV,2029,5.7
111- CENTRAL,SE220kV_BARRIO MOLINO,23kV,2031,6.2
111- CENTRAL,SE220kV_BARRIO MOLINO,23kV,2032,6.6
111- CENTRAL,SE220kV_BARRIO MOLINO,23kV,2033,7.0
111- CENTRAL,SE220kV_BUEY RODEO,23kV,2026,3.3
111- CENTRAL,SE220kV_BUEY RODEO,23kV,2027,3.6
111- CENTRAL,SE220kV_BUEY RODEO,23kV,2028,4.1
111- CENTRAL,SE220kV_BUEY RODEO,23kV,2029,3.8
111- CENTRAL,SE220kV_BUEY RODEO,23kV,2031,3.8
111- CENTRAL,SE220kV_BUEY RODEO,23kV,2032,3.2
111- CENTRAL,SE220kV_BUEY RODEO,23kV,2033,3.9
111- CENTRAL,SE220kV_GUARAMBARE,23kV,2026,4.9
111- CENTRAL,SE220kV_GUARAMBARE,23kV,2027,4.6
111- CENTRAL,SE220kV_GUARAMBARE,23kV,2028,5.0
111- CENTRAL,SE220kV_GUARAMBARE,23kV,2029,5.8
111- CENTRAL,SE220kV_GUARAMBARE,23kV,2031,6.2
111- CENTRAL,SE220kV_GUARAMBARE,23kV,2032,6.2
111- CENTRAL,SE220kV_GUARAMBARE,23kV,2033,4.2
111- CENTRAL,SE220kV_LAMBARE,23kV,2026,1.2
111- CENTRAL,SE220kV_LAMBARE,23kV,2027,4.1
111- CENTRAL,SE220kV_LAMBARE,23kV,2028,4.4
111- CENTRAL,SE220kV_LAMBARE,23kV,2029,2.3
111- CENTRAL,SE220kV_LAMBARE,23kV,2031,9.4
111- CENTRAL,SE220kV_LAMBARE,23kV,2032,5.0
111- CENTRAL,SE220kV_LAMBARE,23kV,2033,4.0
111- CENTRAL,SE220kV_LIMPIO,23kV,2026,5.4
111- CENTRAL,SE220kV_LIMPIO,23kV,2027,4.4
111- CENTRAL,SE220kV_LIMPIO,23kV,2028,5.2
111- CENTRAL,SE220kV_LIMPIO,23kV,2029,5.6
111- CENTRAL,SE220kV_LIMPIO,23kV,2031,6.5
111- CENTRAL,SE220kV_LIMPIO,23kV,2032,7.1
111- CENTRAL,SE220kV_LIMPIO,23kV,2033,7.6
111- CENTRAL,SE220kV_SAN LORENZO,23kV,2026,9.5
111- CENTRAL,SE220kV_SAN LORENZO,23kV,2027,3.6
111- CENTRAL,SE220kV_SAN LORENZO,23kV,2028,1.4
111- CENTRAL,SE220kV_SAN LORENZO,23kV,2029,3.9
111- CENTRAL,SE220kV_SAN LORENZO,23kV,2031,4.3
111- CENTRAL,SE220kV_SAN LORENZO,23kV,2032,4.2
111- CENTRAL,SE220kV_SAN LORENZO,23kV,2033,4.4
112- ÑEEMBUCU,SE023kV_PILAR,23kV,2026,0.6
112- ÑEEMBUCU,SE023kV_PILAR,23kV,2027,0.7
112- ÑEEMBUCU,SE023kV_PILAR,23kV,2028,0.7
112- ÑEEMBUCU,SE023kV_PILAR,23kV,2029,0.7
112- ÑEEMBUCU,SE023kV_PILAR,23kV,2031,0.7
112- ÑEEMBUCU,SE023kV_PILAR,23kV,2032,0.8
112- ÑEEMBUCU,SE023kV_PILAR,23kV,2033,1.0
112- ÑEEMBUCU,SE023kV_SAN JUAN BAUTISTA,23kV,2026,0.8
112- ÑEEMBUCU,SE023kV_SAN JUAN BAUTISTA,23kV,2027,0.7
112- ÑEEMBUCU,SE023kV_SAN JUAN BAUTISTA,23kV,2028,0.7
112- ÑEEMBUCU,SE023kV_SAN JUAN BAUTISTA,23kV,2029,0.7
112- ÑEEMBUCU,SE023kV_SAN JUAN BAUTISTA,23kV,2031,2.8
112- ÑEEMBUCU,SE023kV_SAN JUAN BAUTISTA,23kV,2032,3.0
112- ÑEEMBUCU,SE023kV_SAN JUAN BAUTISTA,23kV,2033,3.3
112- ÑEEMBUCU,SE220kV_VILLABIN,23kV,2026,0.5
112- ÑEEMBUCU,SE220kV_VILLABIN,23kV,2027,0.6
112- ÑEEMBUCU,SE220kV_VILLABIN,23kV,2028,0.6
112- ÑEEMBUCU,SE220kV_VILLABIN,23kV,2029,0.6
112- ÑEEMBUCU,SE220kV_VILLABIN,23kV,2031,0.8
112- ÑEEMBUCU,SE220kV_VILLABIN,23kV,2032,0.8
112- ÑEEMBUCU,SE220kV_VILLABIN,23kV,2033,0.3
113- AMAMBAY,SE023kV_CAP BADO,23kV,2026,0.0
113- AMAMBAY,SE023kV_CAP BADO,23kV,2027,0.0
113- AMAMBAY,SE023kV_CAP BADO,23kV,2028,0.0
113- AMAMBAY,SE023kV_CAP BADO,23kV,2029,0.0
113- AMAMBAY,SE023kV_CAP BADO,23kV,2031,0.0
113- AMAMBAY,SE023kV_CAP BADO,23kV,2032,0.0
113- AMAMBAY,SE023kV_CAP BADO,23kV,2033,0.0
113- AMAMBAY,SE023kV_CRUCE BELLA VISTA,23kV,2026,0.4
113- AMAMBAY,SE023kV_CRUCE BELLA VISTA,23kV,2027,0.4
113- AMAMBAY,SE023kV_CRUCE BELLA VISTA,23kV,2028,0.4
113- AMAMBAY,SE023kV_CRUCE BELLA VISTA,23kV,2029,0.5
113- AMAMBAY,SE023kV_CRUCE BELLA VISTA,23kV,2031,0.5
113- AMAMBAY,SE023kV_CRUCE BELLA VISTA,23kV,2032,0.5
113- AMAMBAY,SE023kV_CRUCE BELLA VISTA,23kV,2033,0.8
113- AMAMBAY,SE023kV_PJC,23kV,2026,1.5
113- AMAMBAY,SE023kV_PJC,23kV,2027,2.1
113- AMAMBAY,SE023kV_PJC,23kV,2028,2.3
113- AMAMBAY,SE023kV_PJC,23kV,2029,2.6
113- AMAMBAY,SE023kV_PJC,23kV,2031,3.2
113- AMAMBAY,SE023kV_PJC,23kV,2032,3.5
113- AMAMBAY,SE023kV_PJC,23kV,2033,3.7
113- AMAMBAY,SE220kV_CERRO CORA,23kV,2026,2.2
113- AMAMBAY,SE220kV_CERRO CORA,23kV,2027,2.8
113- AMAMBAY,SE220kV_CERRO CORA,23kV,2028,3.1
113- AMAMBAY,SE220kV_CERRO CORA,23kV,2029,3.0
113- AMAMBAY,SE220kV_CERRO CORA,23kV,2031,3.0
113- AMAMBAY,SE220kV_CERRO CORA,23kV,2032,3.0
113- AMAMBAY,SE220kV_CERRO CORA,23kV,2033,3.1
114- CANINDEYU,SE023kV_CURUGUATY,23kV,2026,1.4
114- CANINDEYU,SE023kV_CURUGUATY,23kV,2027,1.3
114- CANINDEYU,SE023kV_CURUGUATY,23kV,2028,1.3
114- CANINDEYU,SE023kV_CURUGUATY,23kV,2029,1.5
114- CANINDEYU,SE023kV_CURUGUATY,23kV,2031,1.4
114- CANINDEYU,SE023kV_CURUGUATY,23kV,2032,1.3
114- CANINDEYU,SE023kV_CURUGUATY,23kV,2033,1.4
114- CANINDEYU,SE023kV_JEPOPYHY,23kV,2026,1.1
114- CANINDEYU,SE023kV_JEPOPYHY,23kV,2027,1.1
114- CANINDEYU,SE023kV_JEPOPYHY,23kV,2028,1.0
114- CANINDEYU,SE023kV_JEPOPYHY,23kV,2029,1.0
114- CANINDEYU,SE023kV_JEPOPYHY,23kV,2031,0.9
114- CANINDEYU,SE023kV_JEPOPYHY,23kV,2032,0.9
114- CANINDEYU,SE023kV_JEPOPYHY,23kV,2033,0.9
114- CANINDEYU,SE023kV_KATUEKE,23kV,2026,2.4
114- CANINDEYU,SE023kV_KATUEKE,23kV,2027,2.5
114- CANINDEYU,SE023kV_KATUEKE,23kV,2028,2.5
114- CANINDEYU,SE023kV_KATUEKE,23kV,2029,2.5
114- CANINDEYU,SE023kV_KATUEKE,23kV,2031,2.2
114- CANINDEYU,SE023kV_KATUEKE,23kV,2032,2.2
114- CANINDEYU,SE023kV_KATUEKE,23kV,2033,2.3
114- CANINDEYU,SE023kV_SALTO DEL GUAIRA,23kV,2026,2.2
114- CANINDEYU,SE023kV_SALTO DEL GUAIRA,23kV,2027,2.3
114- CANINDEYU,SE023kV_SALTO DEL GUAIRA,23kV,2028,2.1
114- CANINDEYU,SE023kV_SALTO DEL GUAIRA,23kV,2029,2.2
114- CANINDEYU,SE023kV_SALTO DEL GUAIRA,23kV,2031,2.3
114- CANINDEYU,SE023kV_SALTO DEL GUAIRA,23kV,2032,2.2
114- CANINDEYU,SE023kV_SALTO DEL GUAIRA,23kV,2033,2.3
115- PTE HAYES,SE023kV_CIUDAD NUEVA,23kV,2026,0.0
115- PTE HAYES,SE023kV_CIUDAD NUEVA,23kV,2027,0.0
115- PTE HAYES,SE023kV_CIUDAD NUEVA,23kV,2028,2.8
115- PTE HAYES,SE023kV_CIUDAD NUEVA,23kV,2029,2.6
115- PTE HAYES,SE023kV_CIUDAD NUEVA,23kV,2031,3.1
115- PTE HAYES,SE023kV_CIUDAD NUEVA,23kV,2032,3.7
115- PTE HAYES,SE023kV_CIUDAD NUEVA,23kV,2033,1.7
115- PTE HAYES,SE500kV_VILLA HAYES,23kV,2026,4.1
115- PTE HAYES,SE500kV_VILLA HAYES,23kV,2027,1.7
115- PTE HAYES,SE500kV_VILLA HAYES,23kV,2028,3.3
115- PTE HAYES,SE500kV_VILLA HAYES,23kV,2029,3.8
115- PTE HAYES,SE500kV_VILLA HAYES,23kV,2031,3.8
115- PTE HAYES,SE500kV_VILLA HAYES,23kV,2032,3.9
115- PTE HAYES,SE500kV_VILLA HAYES,23kV,2033,3.7
116- BOQUERON,SE023kV_FILADELFIA,23kV,2026,0.8
116- BOQUERON,SE023kV_FILADELFIA,23kV,2027,0.3
116- BOQUERON,SE023kV_FILADELFIA,23kV,2028,0.8
116- BOQUERON,SE023kV_FILADELFIA,23kV,2029,0.6
116- BOQUERON,SE023kV_FILADELFIA,23kV,2031,0.8
116- BOQUERON,SE023kV_FILADELFIA,23kV,2032,0.8
116- BOQUERON,SE023kV_FILADELFIA,23kV,2033,0.3
116- BOQUERON,SE023kV_MCAL ESTIGARRIBIA,23kV,2026,0.5
116- BOQUERON,SE023kV_MCAL ESTIGARRIBIA,23kV,2027,0.7
116- BOQUERON,SE023kV_MCAL ESTIGARRIBIA,23kV,2028,0.3
116- BOQUERON,SE023kV_MCAL ESTIGARRIBIA,23kV,2029,0.3
116- BOQUERON,SE023kV_MCAL ESTIGARRIBIA,23kV,2031,0.4
116- BOQUERON,SE023kV_MCAL ESTIGARRIBIA,23kV,2032,0.4
116- BOQUERON,SE023kV_MCAL ESTIGARRIBIA,23kV,2033,0.5
116- BOQUERON,SE220kV_LOMA PLATA,23kV,2026,1.1
116- BOQUERON,SE220kV_LOMA PLATA,23kV,2027,1.1
116- BOQUERON,SE220kV_LOMA PLATA,23kV,2028,1.0
116- BOQUERON,SE220kV_LOMA PLATA,23kV,2029,1.1
116- BOQUERON,SE220kV_LOMA PLATA,23kV,2031,1.1
116- BOQUERON,SE220kV_LOMA PLATA,23kV,2032,1.1
116- BOQUERON,SE220kV_LOMA PLATA,23kV,2033,1.2
100- CAPITAL,SE023kV_BARRIO PARQUE,220/66kV,2025,0.0
100- CAPITAL,SE023kV_BARRIO PARQUE,220/66kV,2026,0.0
100- CAPITAL,SE023kV_BARRIO PARQUE,220/66kV,2027,0.0
100- CAPITAL,SE023kV_BARRIO PARQUE,220/66kV,2028,0.0
100- CAPITAL,SE023kV_BARRIO PARQUE,220/66kV,2030,0.0
100- CAPITAL,SE023kV_BARRIO PARQUE,220/66kV,2031,0.0
100- CAPITAL,SE023kV_BARRIO PARQUE,220/66kV,2032,0.0
100- CAPITAL,SE023kV_BARRIO PARQUE,220/66kV,2033,0.0
100- CAPITAL,SE023kV_CENTRAL,220/66kV,2025,0.0
100- CAPITAL,SE023kV_CENTRAL,220/66kV,2026,0.0
100- CAPITAL,SE023kV_CENTRAL,220/66kV,2027,0.0
100- CAPITAL,SE023kV_CENTRAL,220/66kV,2028,0.0
100- CAPITAL,SE023kV_CENTRAL,220/66kV,2030,0.0
100- CAPITAL,SE023kV_CENTRAL,220/66kV,2031,0.0
100- CAPITAL,SE023kV_CENTRAL,220/66kV,2032,0.0
100- CAPITAL,SE023kV_CENTRAL,220/66kV,2033,0.0
100- CAPITAL,SE023kV_GENERAL DIAZ,220/66kV,2025,0.0
100- CAPITAL,SE023kV_GENERAL DIAZ,220/66kV,2026,0.0
100- CAPITAL,SE023kV_GENERAL DIAZ,220/66kV,2027,0.0
100- CAPITAL,SE023kV_GENERAL DIAZ,220/66kV,2028,0.0
100- CAPITAL,SE023kV_GENERAL DIAZ,220/66kV,2030,0.0
100- CAPITAL,SE023kV_GENERAL DIAZ,220/66kV,2031,0.0
100- CAPITAL,SE023kV_GENERAL DIAZ,220/66kV,2032,0.0
100- CAPITAL,SE023kV_GENERAL DIAZ,220/66kV,2033,0.0
100- CAPITAL,SE023kV_MBURUCUYA,220/66kV,2025,0.0
100- CAPITAL,SE023kV_MBURUCUYA,220/66kV,2026,0.0
100- CAPITAL,SE023kV_MBURUCUYA,220/66kV,2027,0.0
100- CAPITAL,SE023kV_MBURUCUYA,220/66kV,2028,0.0
100- CAPITAL,SE023kV_MBURUCUYA,220/66kV,2030,0.0
100- CAPITAL,SE023kV_MBURUCUYA,220/66kV,2031,0.0
100- CAPITAL,SE023kV_MBURUCUYA,220/66kV,2032,0.0
100- CAPITAL,SE023kV_MBURUCUYA,220/66kV,2033,0.0
100- CAPITAL,SE023kV_REPUBLICANO,220/66kV,2025,0.0
100- CAPITAL,SE023kV_REPUBLICANO,220/66kV,2026,0.0
100- CAPITAL,SE023kV_REPUBLICANO,220/66kV,2027,0.0
100- CAPITAL,SE023kV_REPUBLICANO,220/66kV,2028,0.0
100- CAPITAL,SE023kV_REPUBLICANO,220/66kV,2030,0.0
100- CAPITAL,SE023kV_REPUBLICANO,220/66kV,2031,0.0
100- CAPITAL,SE023kV_REPUBLICANO,220/66kV,2032,0.0
100- CAPITAL,SE023kV_REPUBLICANO,220/66kV,2033,0.0
100- CAPITAL,SE023kV_SAN MIGUEL,220/66kV,2025,0.0
100- CAPITAL,SE023kV_SAN MIGUEL,220/66kV,2026,1.0
100- CAPITAL,SE023kV_SAN MIGUEL,220/66kV,2027,0.0
100- CAPITAL,SE023kV_SAN MIGUEL,220/66kV,2028,0.0
100- CAPITAL,SE023kV_SAN MIGUEL,220/66kV,2030,2.0
100- CAPITAL,SE023kV_SAN MIGUEL,220/66kV,2031,3.0
100- CAPITAL,SE023kV_SAN MIGUEL,220/66kV,2032,0.0
100- CAPITAL,SE023kV_SAN MIGUEL,220/66kV,2033,0.0
100- CAPITAL,SE023kV_VILLA ELISA,220/66kV,2025,0.0
100- CAPITAL,SE023kV_VILLA ELISA,220/66kV,2026,0.0
100- CAPITAL,SE023kV_VILLA ELISA,220/66kV,2027,0.0
100- CAPITAL,SE023kV_VILLA ELISA,220/66kV,2028,0.0
100- CAPITAL,SE023kV_VILLA ELISA,220/66kV,2030,0.0
100- CAPITAL,SE023kV_VILLA ELISA,220/66kV,2031,0.0
100- CAPITAL,SE023kV_VILLA ELISA,220/66kV,2032,0.0
100- CAPITAL,SE023kV_VILLA ELISA,220/66kV,2033,0.0
100- CAPITAL,SE220kV_PARQUE CABALLERO,220/66kV,2025,53.1
100- CAPITAL,SE220kV_PARQUE CABALLERO,220/66kV,2026,58.6
100- CAPITAL,SE220kV_PARQUE CABALLERO,220/66kV,2027,47.9
100- CAPITAL,SE220kV_PARQUE CABALLERO,220/66kV,2028,57.0
100- CAPITAL,SE220kV_PARQUE CABALLERO,220/66kV,2030,40.5
100- CAPITAL,SE220kV_PARQUE CABALLERO,220/66kV,2031,33.8
100- CAPITAL,SE220kV_PARQUE CABALLERO,220/66kV,2032,33.8
100- CAPITAL,SE220kV_PARQUE CABALLERO,220/66kV,2033,0.0
100- CAPITAL,SE220kV_PUERTO BOTANICO,220/66kV,2025,53.5
100- CAPITAL,SE220kV_PUERTO BOTANICO,220/66kV,2026,115.4
100- CAPITAL,SE220kV_PUERTO BOTANICO,220/66kV,2027,151.9
100- CAPITAL,SE220kV_PUERTO BOTANICO,220/66kV,2028,165.5
100- CAPITAL,SE220kV_PUERTO BOTANICO,220/66kV,2030,146.9
100- CAPITAL,SE220kV_PUERTO BOTANICO,220/66kV,2031,141.5
100- CAPITAL,SE220kV_PUERTO BOTANICO,220/66kV,2032,139.5
100- CAPITAL,SE220kV_PUERTO BOTANICO,220/66kV,2033,109.5
100- CAPITAL,SE220kV_PUERTO SAJONIA,220/66kV,2025,31.1
100- CAPITAL,SE220kV_PUERTO SAJONIA,220/66kV,2026,80.0
100- CAPITAL,SE220kV_PUERTO SAJONIA,220/66kV,2027,87.4
100- CAPITAL,SE220kV_PUERTO SAJONIA,220/66kV,2028,95.1
100- CAPITAL,SE220kV_PUERTO SAJONIA,220/66kV,2030,79.7
100- CAPITAL,SE220kV_PUERTO SAJONIA,220/66kV,2031,77.6
100- CAPITAL,SE220kV_PUERTO SAJONIA,220/66kV,2032,74.3
100- CAPITAL,SE220kV_PUERTO SAJONIA,220/66kV,2033,51.2
100- CAPITAL,SE220kV_VILLA AURELIA,220/66kV,2025,36.6
100- CAPITAL,SE220kV_VILLA AURELIA,220/66kV,2026,28.2
100- CAPITAL,SE220kV_VILLA AURELIA,220/66kV,2027,0.0
100- CAPITAL,SE220kV_VILLA AURELIA,220/66kV,2028,31.6
100- CAPITAL,SE220kV_VILLA AURELIA,220/66kV,2030,23.6
100- CAPITAL,SE220kV_VILLA AURELIA,220/66kV,2031,21.5
100- CAPITAL,SE220kV_VILLA AURELIA,220/66kV,2032,48.6
100- CAPITAL,SE220kV_VILLA AURELIA,220/66kV,2033,37.4
101- CONCEPCION,SE023kV_CONCEPCION,220/66kV,2025,0.0
101- CONCEPCION,SE023kV_CONCEPCION,220/66kV,2026,0.0
101- CONCEPCION,SE023kV_CONCEPCION,220/66kV,2027,0.0
101- CONCEPCION,SE023kV_CONCEPCION,220/66kV,2028,0.0
101- CONCEPCION,SE023kV_CONCEPCION,220/66kV,2030,0.0
101- CONCEPCION,SE023kV_CONCEPCION,220/66kV,2031,0.0
101- CONCEPCION,SE023kV_CONCEPCION,220/66kV,2032,0.0
101- CONCEPCION,SE023kV_CONCEPCION,220/66kV,2033,0.0
101- CONCEPCION,SE023kV_VALLEMI-2,220/66kV,2025,0.0
101- CONCEPCION,SE023kV_VALLEMI-2,220/66kV,2026,0.0
101- CONCEPCION,SE023kV_VALLEMI-2,220/66kV,2027,0.0
101- CONCEPCION,SE023kV_VALLEMI-2,220/66kV,2028,0.0
101- CONCEPCION,SE023kV_VALLEMI-2,220/66kV,2030,0.0
101- CONCEPCION,SE023kV_VALLEMI-2,220/66kV,2031,0.0
101- CONCEPCION,SE023kV_VALLEMI-2,220/66kV,2032,0.0
101- CONCEPCION,SE023kV_VALLEMI-2,220/66kV,2033,0.0
101- CONCEPCION,SE023kV_YBY YAU,220/66kV,2025,0.0
101- CONCEPCION,SE023kV_YBY YAU,220/66kV,2026,0.0
101- CONCEPCION,SE023kV_YBY YAU,220/66kV,2027,0.0
101- CONCEPCION,SE023kV_YBY YAU,220/66kV,2028,0.0
101- CONCEPCION,SE023kV_YBY YAU,220/66kV,2030,0.0
101- CONCEPCION,SE023kV_YBY YAU,220/66kV,2031,0.0
101- CONCEPCION,SE023kV_YBY YAU,220/66kV,2032,0.0
101- CONCEPCION,SE023kV_YBY YAU,220/66kV,2033,0.0
101- CONCEPCION,SE220kV_HORQUETA,220/66kV,2025,0.0
101- CONCEPCION,SE220kV_HORQUETA,220/66kV,2026,1.0
101- CONCEPCION,SE220kV_HORQUETA,220/66kV,2027,0.0
101- CONCEPCION,SE220kV_HORQUETA,220/66kV,2028,0.0
101- CONCEPCION,SE220kV_HORQUETA,220/66kV,2030,2.0
101- CONCEPCION,SE220kV_HORQUETA,220/66kV,2031,3.0
101- CONCEPCION,SE220kV_HORQUETA,220/66kV,2032,0.0
101- CONCEPCION,SE220kV_HORQUETA,220/66kV,2033,0.0
101- CONCEPCION,SE220kV_VALLEMI-1,220/66kV,2025,0.0
101- CONCEPCION,SE220kV_VALLEMI-1,220/66kV,2026,0.0
101- CONCEPCION,SE220kV_VALLEMI-1,220/66kV,2027,0.0
101- CONCEPCION,SE220kV_VALLEMI-1,220/66kV,2028,0.0
101- CONCEPCION,SE220kV_VALLEMI-1,220/66kV,2030,0.0
101- CONCEPCION,SE220kV_VALLEMI-1,220/66kV,2031,0.0
101- CONCEPCION,SE220kV_VALLEMI-1,220/66kV,2032,0.0
101- CONCEPCION,SE220kV_VALLEMI-1,220/66kV,2033,0.0
101- CONCEPCION,SE220kV_VILLA REAL,220/66kV,2025,23.0
101- CONCEPCION,SE220kV_VILLA REAL,220/66kV,2026,29.6
101- CONCEPCION,SE220kV_VILLA REAL,220/66kV,2027,30.5
101- CONCEPCION,SE220kV_VILLA REAL,220/66kV,2028,35.7
101- CONCEPCION,SE220kV_VILLA REAL,220/66kV,2030,39.4
101- CONCEPCION,SE220kV_VILLA REAL,220/66kV,2031,37.9
101- CONCEPCION,SE220kV_VILLA REAL,220/66kV,2032,36.3
101- CONCEPCION,SE220kV_VILLA REAL,220/66kV,2033,35.5
102- SAN PEDRO,SE023kV_BARRIO SAN PEDRO,220/66kV,2025,0.0
102- SAN PEDRO,SE023kV_BARRIO SAN PEDRO,220/66kV,2026,0.0
102- SAN PEDRO,SE023kV_BARRIO SAN PEDRO,220/66kV,2027,0.0
102- SAN PEDRO,SE023kV_BARRIO SAN PEDRO,220/66kV,2028,0.0
102- SAN PEDRO,SE023kV_BARRIO SAN PEDRO,220/66kV,2030,0.0
102- SAN PEDRO,SE023kV_BARRIO SAN PEDRO,220/66kV,2031,0.0
102- SAN PEDRO,SE023kV_BARRIO SAN PEDRO,220/66kV,2032,0.0
102- SAN PEDRO,SE023kV_BARRIO SAN PEDRO,220/66kV,2033,0.0
102- SAN PEDRO,SE023kV_ITACURUBI DEL ROSARIO,220/66kV,2025,0.0
102- SAN PEDRO,SE023kV_ITACURUBI DEL ROSARIO,220/66kV,2026,0.0
102- SAN PEDRO,SE023kV_ITACURUBI DEL ROSARIO,220/66kV,2027,0.0
102- SAN PEDRO,SE023kV_ITACURUBI DEL ROSARIO,220/66kV,2028,0.0
102- SAN PEDRO,SE023kV_ITACURUBI DEL ROSARIO,220/66kV,2030,0.0
102- SAN PEDRO,SE023kV_ITACURUBI DEL ROSARIO,220/66kV,2031,0.0
102- SAN PEDRO,SE023kV_ITACURUBI DEL ROSARIO,220/66kV,2032,0.0
102- SAN PEDRO,SE023kV_ITACURUBI DEL ROSARIO,220/66kV,2033,0.0
102- SAN PEDRO,SE023kV_SAN ESTANISLAO,220/66kV,2025,0.0
102- SAN PEDRO,SE023kV_SAN ESTANISLAO,220/66kV,2026,0.0
102- SAN PEDRO,SE023kV_SAN ESTANISLAO,220/66kV,2027,0.0
102- SAN PEDRO,SE023kV_SAN ESTANISLAO,220/66kV,2028,0.0
102- SAN PEDRO,SE023kV_SAN ESTANISLAO,220/66kV,2030,0.0
102- SAN PEDRO,SE023kV_SAN ESTANISLAO,220/66kV,2031,0.0
102- SAN PEDRO,SE023kV_SAN ESTANISLAO,220/66kV,2032,0.0
102- SAN PEDRO,SE023kV_SAN ESTANISLAO,220/66kV,2033,0.0
102- SAN PEDRO,SE023kV_SAN PEDRO NORTE,220/66kV,2025,0.0
102- SAN PEDRO,SE023kV_SAN PEDRO NORTE,220/66kV,2026,1.0
102- SAN PEDRO,SE023kV_SAN PEDRO NORTE,220/66kV,2027,0.0
102- SAN PEDRO,SE023kV_SAN PEDRO NORTE,220/66kV,2028,0.0
102- SAN PEDRO,SE023kV_SAN PEDRO NORTE,220/66kV,2030,2.0
102- SAN PEDRO,SE023kV_SAN PEDRO NORTE,220/66kV,2031,3.0
102- SAN PEDRO,SE023kV_SAN PEDRO NORTE,220/66kV,2032,0.0
102- SAN PEDRO,SE023kV_SAN PEDRO NORTE,220/66kV,2033,0.0
102- SAN PEDRO,SE220kV_SANTA ROSA,220/66kV,2025,20.3
102- SAN PEDRO,SE220kV_SANTA ROSA,220/66kV,2026,25.0
102- SAN PEDRO,SE220kV_SANTA ROSA,220/66kV,2027,24.1
102- SAN PEDRO,SE220kV_SANTA ROSA,220/66kV,2028,22.8
102- SAN PEDRO,SE220kV_SANTA ROSA,220/66kV,2030,20.0
102- SAN PEDRO,SE220kV_SANTA ROSA,220/66kV,2031,18.4
102- SAN PEDRO,SE220kV_SANTA ROSA,220/66kV,2032,17.1
102- SAN PEDRO,SE220kV_SANTA ROSA,220/66kV,2033,15.1
103- CORDILLERA,SE023kV_CAACUPE,220/66kV,2025,0.0
103- CORDILLERA,SE023kV_CAACUPE,220/66kV,2026,0.0
103- CORDILLERA,SE023kV_CAACUPE,220/66kV,2027,0.0
103- CORDILLERA,SE023kV_CAACUPE,220/66kV,2028,0.0
103- CORDILLERA,SE023kV_CAACUPE,220/66kV,2030,0.0
103- CORDILLERA,SE023kV_CAACUPE,220/66kV,2031,0.0
103- CORDILLERA,SE023kV_CAACUPE,220/66kV,2032,0.0
103- CORDILLERA,SE023kV_CAACUPE,220/66kV,2033,0.0
103- CORDILLERA,SE220kV_ALTOS,220/66kV,2025,27.1
103- CORDILLERA,SE220kV_ALTOS,220/66kV,2026,41.2
103- CORDILLERA,SE220kV_ALTOS,220/66kV,2027,40.8
103- CORDILLERA,SE220kV_ALTOS,220/66kV,2028,43.3
103- CORDILLERA,SE220kV_ALTOS,220/66kV,2030,44.6
103- CORDILLERA,SE220kV_ALTOS,220/66kV,2031,51.4
103- CORDILLERA,SE220kV_ALTOS,220/66kV,2032,49.1
103- CORDILLERA,SE220kV_ALTOS,220/66kV,2033,46.6
103- CORDILLERA,SE220kV_EUSEBIO AYALA,220/66kV,2025,10.1
103- CORDILLERA,SE220kV_EUSEBIO AYALA,220/66kV,2026,10.6
103- CORDILLERA,SE220kV_EUSEBIO AYALA,220/66kV,2027,41.2
103- CORDILLERA,SE220kV_EUSEBIO AYALA,220/66kV,2028,41.4
103- CORDILLERA,SE220kV_EUSEBIO AYALA,220/66kV,2030,37.1
103- CORDILLERA,SE220kV_EUSEBIO AYALA,220/66kV,2031,40.1
103- CORDILLERA,SE220kV_EUSEBIO AYALA,220/66kV,2032,35.6
103- CORDILLERA,SE220kV_EUSEBIO AYALA,220/66kV,2033,33.3
103- CORDILLERA,SE500kV_VALENZUELA,220/66kV,2025,88.3
103- CORDILLERA,SE500kV_VALENZUELA,220/66kV,2026,135.5
103- CORDILLERA,SE500kV_VALENZUELA,220/66kV,2027,135.3
103- CORDILLERA,SE500kV_VALENZUELA,220/66kV,2028,134.4
103- CORDILLERA,SE500kV_VALENZUELA,220/66kV,2030,134.0
103- CORDILLERA,SE500kV_VALENZUELA,220/66kV,2031,130.1
103- CORDILLERA,SE500kV_VALENZUELA,220/66kV,2032,130.2
103- CORDILLERA,SE500kV_VALENZUELA,220/66kV,2033,129.3
104- GUAIRA,SE023kV_VILLARRICA,220/66kV,2025,0.0
104- GUAIRA,SE023kV_VILLARRICA,220/66kV,2026,0.0
104- GUAIRA,SE023kV_VILLARRICA,220/66kV,2027,0.0
104- GUAIRA,SE023kV_VILLARRICA,220/66kV,2028,0.0
104- GUAIRA,SE023kV_VILLARRICA,220/66kV,2030,0.0
104- GUAIRA,SE023kV_VILLARRICA,220/66kV,2031,0.0
104- GUAIRA,SE023kV_VILLARRICA,220/66kV,2032,0.0
104- GUAIRA,SE023kV_VILLARRICA,220/66kV,2033,0.0
104- GUAIRA,SE066kV_CLYFSA,220/66kV,2025,0.0
104- GUAIRA,SE066kV_CLYFSA,220/66kV,2026,0.0
104- GUAIRA,SE066kV_CLYFSA,220/66kV,2027,0.0
104- GUAIRA,SE066kV_CLYFSA,220/66kV,2028,0.0
104- GUAIRA,SE066kV_CLYFSA,220/66kV,2030,0.0
104- GUAIRA,SE066kV_CLYFSA,220/66kV,2031,0.0
104- GUAIRA,SE066kV_CLYFSA,220/66kV,2032,0.0
104- GUAIRA,SE066kV_CLYFSA,220/66kV,2033,0.0
104- GUAIRA,SE220kV_PASO PE,220/66kV,2025,1.0
104- GUAIRA,SE220kV_PASO PE,220/66kV,2026,29.5
104- GUAIRA,SE220kV_PASO PE,220/66kV,2027,29.8
104- GUAIRA,SE220kV_PASO PE,220/66kV,2028,27.7
104- GUAIRA,SE220kV_PASO PE,220/66kV,2030,25.9
104- GUAIRA,SE220kV_PASO PE,220/66kV,2031,28.3
104- GUAIRA,SE220kV_PASO PE,220/66kV,2032,27.5
104- GUAIRA,SE220kV_PASO PE,220/66kV,2033,24.7
105- CAAGUAZU,SE023kV_CAAGUAZU,220/66kV,2025,0.0
105- CAAGUAZU,SE023kV_CAAGUAZU,220/66kV,2026,0.0
105- CAAGUAZU,SE023kV_CAAGUAZU,220/66kV,2027,0.0
105- CAAGUAZU,SE023kV_CAAGUAZU,220/66kV,2028,0.0
105- CAAGUAZU,SE023kV_CAAGUAZU,220/66kV,2030,0.0
105- CAAGUAZU,SE023kV_CAAGUAZU,220/66kV,2031,0.0
105- CAAGUAZU,SE023kV_CAAGUAZU,220/66kV,2032,0.0
105- CAAGUAZU,SE023kV_CAAGUAZU,220/66kV,2033,0.0
105- CAAGUAZU,SE023kV_CAMPO DOS,220/66kV,2025,0.0
105- CAAGUAZU,SE023kV_CAMPO DOS,220/66kV,2026,0.0
105- CAAGUAZU,SE023kV_CAMPO DOS,220/66kV,2027,0.0
105- CAAGUAZU,SE023kV_CAMPO DOS,220/66kV,2028,0.0
105- CAAGUAZU,SE023kV_CAMPO DOS,220/66kV,2030,0.0
105- CAAGUAZU,SE023kV_CAMPO DOS,220/66kV,2031,0.0
105- CAAGUAZU,SE023kV_CAMPO DOS,220/66kV,2032,0.0
105- CAAGUAZU,SE023kV_CAMPO DOS,220/66kV,2033,0.0
105- CAAGUAZU,SE023kV_CARAYAO,220/66kV,2025,0.0
105- CAAGUAZU,SE023kV_CARAYAO,220/66kV,2026,0.0
105- CAAGUAZU,SE023kV_CARAYAO,220/66kV,2027,0.0
105- CAAGUAZU,SE023kV_CARAYAO,220/66kV,2028,0.0
105- CAAGUAZU,SE023kV_CARAYAO,220/66kV,2030,0.0
105- CAAGUAZU,SE023kV_CARAYAO,220/66kV,2031,0.0
105- CAAGUAZU,SE023kV_CARAYAO,220/66kV,2032,0.0
105- CAAGUAZU,SE023kV_CARAYAO,220/66kV,2033,0.0
105- CAAGUAZU,SE023kV_VAQUERIA,220/66kV,2025,0.0
105- CAAGUAZU,SE023kV_VAQUERIA,220/66kV,2026,0.0
105- CAAGUAZU,SE023kV_VAQUERIA,220/66kV,2027,0.0
105- CAAGUAZU,SE023kV_VAQUERIA,220/66kV,2028,0.0
105- CAAGUAZU,SE023kV_VAQUERIA,220/66kV,2030,0.0
105- CAAGUAZU,SE023kV_VAQUERIA,220/66kV,2031,0.0
105- CAAGUAZU,SE023kV_VAQUERIA,220/66kV,2032,0.0
105- CAAGUAZU,SE023kV_VAQUERIA,220/66kV,2033,0.0
105- CAAGUAZU,SE220kV_CNEL OVIEDO,220/66kV,2025,17.5
105- CAAGUAZU,SE220kV_CNEL OVIEDO,220/66kV,2026,28.5
105- CAAGUAZU,SE220kV_CNEL OVIEDO,220/66kV,2027,28.8
105- CAAGUAZU,SE220kV_CNEL OVIEDO,220/66kV,2028,33.9
105- CAAGUAZU,SE220kV_CNEL OVIEDO,220/66kV,2030,34.0
105- CAAGUAZU,SE220kV_CNEL OVIEDO,220/66kV,2031,34.3
105- CAAGUAZU,SE220kV_CNEL OVIEDO,220/66kV,2032,34.7
105- CAAGUAZU,SE220kV_CNEL OVIEDO,220/66kV,2033,34.8
106- CAAZAPA,SE023kV_ABAI,220/66kV,2025,0.0
106- CAAZAPA,SE023kV_ABAI,220/66kV,2026,0.0
106- CAAZAPA,SE023kV_ABAI,220/66kV,2027,0.0
106- CAAZAPA,SE023kV_ABAI,220/66kV,2028,0.0
106- CAAZAPA,SE023kV_ABAI,220/66kV,2030,0.0
106- CAAZAPA,SE023kV_ABAI,220/66kV,2031,0.0
106- CAAZAPA,SE023kV_ABAI,220/66kV,2032,0.0
106- CAAZAPA,SE023kV_ABAI,220/66kV,2033,0.0
106- CAAZAPA,SE023kV_CAAZAPA,220/66kV,2025,0.0
106- CAAZAPA,SE023kV_CAAZAPA,220/66kV,2026,0.0
106- CAAZAPA,SE023kV_CAAZAPA,220/66kV,2027,0.0
106- CAAZAPA,SE023kV_CAAZAPA,220/66kV,2028,0.0
106- CAAZAPA,SE023kV_CAAZAPA,220/66kV,2030,0.0
106- CAAZAPA,SE023kV_CAAZAPA,220/66kV,2031,0.0
106- CAAZAPA,SE023kV_CAAZAPA,220/66kV,2032,0.0
106- CAAZAPA,SE023kV_CAAZAPA,220/66kV,2033,0.0
107- ITAPUA,SE023kV_CARLOS A LOPEZ,220/66kV,2025,0.0
107- ITAPUA,SE023kV_CARLOS A LOPEZ,220/66kV,2026,9.9
107- ITAPUA,SE023kV_CARLOS A LOPEZ,220/66kV,2027,0.0
107- ITAPUA,SE023kV_CARLOS A LOPEZ,220/66kV,2028,0.0
107- ITAPUA,SE023kV_CARLOS A LOPEZ,220/66kV,2030,0.0
107- ITAPUA,SE023kV_CARLOS A LOPEZ,220/66kV,2031,0.0
107- ITAPUA,SE023kV_CARLOS A LOPEZ,220/66kV,2032,0.0
107- ITAPUA,SE023kV_CARLOS A LOPEZ,220/66kV,2033,0.0
107- ITAPUA,SE023kV_ENCARNACION,220/66kV,2025,0.0
107- ITAPUA,SE023kV_ENCARNACION,220/66kV,2026,1.0
107- ITAPUA,SE023kV_ENCARNACION,220/66kV,2027,0.0
107- ITAPUA,SE023kV_ENCARNACION,220/66kV,2028,0.0
107- ITAPUA,SE023kV_ENCARNACION,220/66kV,2030,2.0
107- ITAPUA,SE023kV_ENCARNACION,220/66kV,2031,3.0
107- ITAPUA,SE023kV_ENCARNACION,220/66kV,2032,0.0
107- ITAPUA,SE023kV_ENCARNACION,220/66kV,2033,0.0
107- ITAPUA,SE023kV_FRAM,220/66kV,2025,0.0
107- ITAPUA,SE023kV_FRAM,220/66kV,2026,0.0
107- ITAPUA,SE023kV_FRAM,220/66kV,2027,0.0
107- ITAPUA,SE023kV_FRAM,220/66kV,2028,0.0
107- ITAPUA,SE023kV_FRAM,220/66kV,2030,0.0
107- ITAPUA,SE023kV_FRAM,220/66kV,2031,0.0
107- ITAPUA,SE023kV_FRAM,220/66kV,2032,0.0
107- ITAPUA,SE023kV_FRAM,220/66kV,2033,0.0
107- ITAPUA,SE023kV_NATALIO,220/66kV,2025,0.0
107- ITAPUA,SE023kV_NATALIO,220/66kV,2026,0.0
107- ITAPUA,SE023kV_NATALIO,220/66kV,2027,0.0
107- ITAPUA,SE023kV_NATALIO,220/66kV,2028,0.0
107- ITAPUA,SE023kV_NATALIO,220/66kV,2030,0.0
107- ITAPUA,SE023kV_NATALIO,220/66kV,2031,0.0
107- ITAPUA,SE023kV_NATALIO,220/66kV,2032,0.0
107- ITAPUA,SE023kV_NATALIO,220/66kV,2033,0.0
107- ITAPUA,SE023kV_PIRA PO,220/66kV,2025,0.0
107- ITAPUA,SE023kV_PIRA PO,220/66kV,2026,0.0
107- ITAPUA,SE023kV_PIRA PO,220/66kV,2027,0.0
107- ITAPUA,SE023kV_PIRA PO,220/66kV,2028,0.0
107- ITAPUA,SE023kV_PIRA PO,220/66kV,2030,0.0
107- ITAPUA,SE023kV_PIRA PO,220/66kV,2031,0.0
107- ITAPUA,SE023kV_PIRA PO,220/66kV,2032,0.0
107- ITAPUA,SE023kV_PIRA PO,220/66kV,2033,0.0
107- ITAPUA,SE023kV_SAN PEDRO DEL PARANA,220/66kV,2025,0.0
107- ITAPUA,SE023kV_SAN PEDRO DEL PARANA,220/66kV,2026,0.0
107- ITAPUA,SE023kV_SAN PEDRO DEL PARANA,220/66kV,2027,0.0
107- ITAPUA,SE023kV_SAN PEDRO DEL PARANA,220/66kV,2028,0.0
107- ITAPUA,SE023kV_SAN PEDRO DEL PARANA,220/66kV,2030,0.0
107- ITAPUA,SE023kV_SAN PEDRO DEL PARANA,220/66kV,2031,0.0
107- ITAPUA,SE023kV_SAN PEDRO DEL PARANA,220/66kV,2032,0.0
107- ITAPUA,SE023kV_SAN PEDRO DEL PARANA,220/66kV,2033,0.0
107- ITAPUA,SE220kV_CAMBYRETA,220/66kV,2025,0.0
107- ITAPUA,SE220kV_CAMBYRETA,220/66kV,2026,9.9
107- ITAPUA,SE220kV_CAMBYRETA,220/66kV,2027,3.4
107- ITAPUA,SE220kV_CAMBYRETA,220/66kV,2028,0.0
107- ITAPUA,SE220kV_CAMBYRETA,220/66kV,2030,0.0
107- ITAPUA,SE220kV_CAMBYRETA,220/66kV,2031,0.0
107- ITAPUA,SE220kV_CAMBYRETA,220/66kV,2032,0.0
107- ITAPUA,SE220kV_CAMBYRETA,220/66kV,2033,0.0
107- ITAPUA,SE220kV_CNEL BOGADO,220/66kV,2025,7.5
107- ITAPUA,SE220kV_CNEL BOGADO,220/66kV,2026,46.4
107- ITAPUA,SE220kV_CNEL BOGADO,220/66kV,2027,42.6
107- ITAPUA,SE220kV_CNEL BOGADO,220/66kV,2028,37.9
107- ITAPUA,SE220kV_CNEL BOGADO,220/66kV,2030,19.3
107- ITAPUA,SE220kV_CNEL BOGADO,220/66kV,2031,4.9
107- ITAPUA,SE220kV_CNEL BOGADO,220/66kV,2032,3.4
107- ITAPUA,SE220kV_CNEL BOGADO,220/66kV,2033,0.0
107- ITAPUA,SE220kV_TRINIDAD,220/66kV,2025,38.6
107- ITAPUA,SE220kV_TRINIDAD,220/66kV,2026,57.2
107- ITAPUA,SE220kV_TRINIDAD,220/66kV,2027,55.6
107- ITAPUA,SE220kV_TRINIDAD,220/66kV,2028,52.4
107- ITAPUA,SE220kV_TRINIDAD,220/66kV,2030,51.9
107- ITAPUA,SE220kV_TRINIDAD,220/66kV,2031,50.0
107- ITAPUA,SE220kV_TRINIDAD,220/66kV,2032,46.7
107- ITAPUA,SE220kV_TRINIDAD,220/66kV,2033,42.7
108- MISIONES,GEN-YACYRETA,220/66kV,2025,0.0
108- MISIONES,GEN-YACYRETA,220/66kV,2026,0.0
108- MISIONES,GEN-YACYRETA,220/66kV,2027,0.0
108- MISIONES,GEN-YACYRETA,220/66kV,2028,0.0
108- MISIONES,GEN-YACYRETA,220/66kV,2030,0.0
108- MISIONES,GEN-YACYRETA,220/66kV,2031,0.0
108- MISIONES,GEN-YACYRETA,220/66kV,2032,0.0
108- MISIONES,GEN-YACYRETA,220/66kV,2033,0.0
108- MISIONES,SE023kV_SAN IGNACIO,220/66kV,2025,0.0
108- MISIONES,SE023kV_SAN IGNACIO,220/66kV,2026,0.0
108- MISIONES,SE023kV_SAN IGNACIO,220/66kV,2027,0.0
108- MISIONES,SE023kV_SAN IGNACIO,220/66kV,2028,0.0
108- MISIONES,SE023kV_SAN IGNACIO,220/66kV,2030,0.0
108- MISIONES,SE023kV_SAN IGNACIO,220/66kV,2031,0.0
108- MISIONES,SE023kV_SAN IGNACIO,220/66kV,2032,0.0
108- MISIONES,SE023kV_SAN IGNACIO,220/66kV,2033,0.0
108- MISIONES,SE023kV_SAN PATRICIO,220/66kV,2025,0.0
108- MISIONES,SE023kV_SAN PATRICIO,220/66kV,2026,1.0
108- MISIONES,SE023kV_SAN PATRICIO,220/66kV,2027,0.0
108- MISIONES,SE023kV_SAN PATRICIO,220/66kV,2028,0.0
108- MISIONES,SE023kV_SAN PATRICIO,220/66kV,2030,2.0
108- MISIONES,SE023kV_SAN PATRICIO,220/66kV,2031,3.0
108- MISIONES,SE023kV_SAN PATRICIO,220/66kV,2032,0.0
108- MISIONES,SE023kV_SAN PATRICIO,220/66kV,2033,0.0
108- MISIONES,SE500kV_AYOLAS,220/66kV,2025,0.0
108- MISIONES,SE500kV_AYOLAS,220/66kV,2026,0.0
108- MISIONES,SE500kV_AYOLAS,220/66kV,2027,0.0
108- MISIONES,SE500kV_AYOLAS,220/66kV,2028,0.0
108- MISIONES,SE500kV_AYOLAS,220/66kV,2030,0.0
108- MISIONES,SE500kV_AYOLAS,220/66kV,2031,0.0
108- MISIONES,SE500kV_AYOLAS,220/66kV,2032,0.0
108- MISIONES,SE500kV_AYOLAS,220/66kV,2033,0.0
109- PARAGUARI,SE023kV_CAAPUCU,220/66kV,2025,0.0
109- PARAGUARI,SE023kV_CAAPUCU,220/66kV,2026,0.0
109- PARAGUARI,SE023kV_CAAPUCU,220/66kV,2027,0.0
109- PARAGUARI,SE023kV_CAAPUCU,220/66kV,2028,0.0
109- PARAGUARI,SE023kV_CAAPUCU,220/66kV,2030,0.0
109- PARAGUARI,SE023kV_CAAPUCU,220/66kV,2031,0.0
109- PARAGUARI,SE023kV_CAAPUCU,220/66kV,2032,0.0
109- PARAGUARI,SE023kV_CAAPUCU,220/66kV,2033,0.0
109- PARAGUARI,SE023kV_LA COLMENA,220/66kV,2025,0.0
109- PARAGUARI,SE023kV_LA COLMENA,220/66kV,2026,0.0
109- PARAGUARI,SE023kV_LA COLMENA,220/66kV,2027,0.0
109- PARAGUARI,SE023kV_LA COLMENA,220/66kV,2028,0.0
109- PARAGUARI,SE023kV_LA COLMENA,220/66kV,2030,0.0
109- PARAGUARI,SE023kV_LA COLMENA,220/66kV,2031,0.0
109- PARAGUARI,SE023kV_LA COLMENA,220/66kV,2032,0.0
109- PARAGUARI,SE023kV_LA COLMENA,220/66kV,2033,0.0
109- PARAGUARI,SE023kV_PARAGUARI,220/66kV,2025,0.0
109- PARAGUARI,SE023kV_PARAGUARI,220/66kV,2026,0.0
109- PARAGUARI,SE023kV_PARAGUARI,220/66kV,2027,0.0
109- PARAGUARI,SE023kV_PARAGUARI,220/66kV,2028,0.0
109- PARAGUARI,SE023kV_PARAGUARI,220/66kV,2030,0.0
109- PARAGUARI,SE023kV_PARAGUARI,220/66kV,2031,0.0
109- PARAGUARI,SE023kV_PARAGUARI,220/66kV,2032,0.0
109- PARAGUARI,SE023kV_PARAGUARI,220/66kV,2033,0.0
109- PARAGUARI,SE023kV_QUIINDY,220/66kV,2025,0.0
109- PARAGUARI,SE023kV_QUIINDY,220/66kV,2026,0.0
109- PARAGUARI,SE023kV_QUIINDY,220/66kV,2027,0.0
109- PARAGUARI,SE023kV_QUIINDY,220/66kV,2028,0.0
109- PARAGUARI,SE023kV_QUIINDY,220/66kV,2030,0.0
109- PARAGUARI,SE023kV_QUIINDY,220/66kV,2031,0.0
109- PARAGUARI,SE023kV_QUIINDY,220/66kV,2032,0.0
109- PARAGUARI,SE023kV_QUIINDY,220/66kV,2033,0.0
109- PARAGUARI,SE220kV_PARQUE IND HERNANDARIAS,220/66kV,2025,29.4
109- PARAGUARI,SE220kV_PARQUE IND HERNANDARIAS,220/66kV,2026,28.3
109- PARAGUARI,SE220kV_PARQUE IND HERNANDARIAS,220/66kV,2027,24.5
109- PARAGUARI,SE220kV_PARQUE IND HERNANDARIAS,220/66kV,2028,41.8
109- PARAGUARI,SE220kV_PARQUE IND HERNANDARIAS,220/66kV,2030,42.0
109- PARAGUARI,SE220kV_PARQUE IND HERNANDARIAS,220/66kV,2031,42.5
109- PARAGUARI,SE220kV_PARQUE IND HERNANDARIAS,220/66kV,2032,44.5
109- PARAGUARI,SE220kV_PARQUE IND HERNANDARIAS,220/66kV,2033,42.9
109- PARAGUARI,SE220kV_PIRAYU,220/66kV,2025,0.0
109- PARAGUARI,SE220kV_PIRAYU,220/66kV,2026,14.0
109- PARAGUARI,SE220kV_PIRAYU,220/66kV,2027,18.3
109- PARAGUARI,SE220kV_PIRAYU,220/66kV,2028,30.5
109- PARAGUARI,SE220kV_PIRAYU,220/66kV,2030,10.9
109- PARAGUARI,SE220kV_PIRAYU,220/66kV,2031,8.6
109- PARAGUARI,SE220kV_PIRAYU,220/66kV,2032,7.8
109- PARAGUARI,SE220kV_PIRAYU,220/66kV,2033,2.2
109- PARAGUARI,SE220kV_VALLE APUA,220/66kV,2025,0.0
109- PARAGUARI,SE220kV_VALLE APUA,220/66kV,2026,0.0
109- PARAGUARI,SE220kV_VALLE APUA,220/66kV,2027,0.0
109- PARAGUARI,SE220kV_VALLE APUA,220/66kV,2028,0.0
109- PARAGUARI,SE220kV_VALLE APUA,220/66kV,2030,0.0
109- PARAGUARI,SE220kV_VALLE APUA,220/66kV,2031,0.0
109- PARAGUARI,SE220kV_VALLE APUA,220/66kV,2032,0.0
109- PARAGUARI,SE220kV_VALLE APUA,220/66kV,2033,0.0
110- ALTO PARANA,GEN-ACARAY,220/66kV,2025,0.0
110- ALTO PARANA,GEN-ACARAY,220/66kV,2026,0.0
110- ALTO PARANA,GEN-ACARAY,220/66kV,2027,0.0
110- ALTO PARANA,GEN-ACARAY,220/66kV,2028,0.0
110- ALTO PARANA,GEN-ACARAY,220/66kV,2030,0.0
110- ALTO PARANA,GEN-ACARAY,220/66kV,2031,0.0
110- ALTO PARANA,GEN-ACARAY,220/66kV,2032,0.0
110- ALTO PARANA,GEN-ACARAY,220/66kV,2033,0.0
110- ALTO PARANA,GEN-ITAIPU,220/66kV,2025,0.0
110- ALTO PARANA,GEN-ITAIPU,220/66kV,2026,0.0
110- ALTO PARANA,GEN-ITAIPU,220/66kV,2027,0.0
110- ALTO PARANA,GEN-ITAIPU,220/66kV,2028,0.0
110- ALTO PARANA,GEN-ITAIPU,220/66kV,2030,0.0
110- ALTO PARANA,GEN-ITAIPU,220/66kV,2031,0.0
110- ALTO PARANA,GEN-ITAIPU,220/66kV,2032,0.0
110- ALTO PARANA,GEN-ITAIPU,220/66kV,2033,0.0
110- ALTO PARANA,SE023kV_ALTO PARANA,220/66kV,2025,0.0
110- ALTO PARANA,SE023kV_ALTO PARANA,220/66kV,2026,0.0
110- ALTO PARANA,SE023kV_ALTO PARANA,220/66kV,2027,0.0
110- ALTO PARANA,SE023kV_ALTO PARANA,220/66kV,2028,0.0
110- ALTO PARANA,SE023kV_ALTO PARANA,220/66kV,2030,0.0
110- ALTO PARANA,SE023kV_ALTO PARANA,220/66kV,2031,0.0
110- ALTO PARANA,SE023kV_ALTO PARANA,220/66kV,2032,0.0
110- ALTO PARANA,SE023kV_ALTO PARANA,220/66kV,2033,0.0
110- ALTO PARANA,SE023kV_DEL ESTE,220/66kV,2025,0.0
110- ALTO PARANA,SE023kV_DEL ESTE,220/66kV,2026,0.0
110- ALTO PARANA,SE023kV_DEL ESTE,220/66kV,2027,0.0
110- ALTO PARANA,SE023kV_DEL ESTE,220/66kV,2028,0.0
110- ALTO PARANA,SE023kV_DEL ESTE,220/66kV,2030,0.0
110- ALTO PARANA,SE023kV_DEL ESTE,220/66kV,2031,0.0
110- ALTO PARANA,SE023kV_DEL ESTE,220/66kV,2032,0.0
110- ALTO PARANA,SE023kV_DEL ESTE,220/66kV,2033,0.0
110- ALTO PARANA,SE023kV_HERNANDARIAS,220/66kV,2025,0.0
110- ALTO PARANA,SE023kV_HERNANDARIAS,220/66kV,2026,0.0
110- ALTO PARANA,SE023kV_HERNANDARIAS,220/66kV,2027,0.0
110- ALTO PARANA,SE023kV_HERNANDARIAS,220/66kV,2028,0.0
110- ALTO PARANA,SE023kV_HERNANDARIAS,220/66kV,2030,0.0
110- ALTO PARANA,SE023kV_HERNANDARIAS,220/66kV,2031,0.0
110- ALTO PARANA,SE023kV_HERNANDARIAS,220/66kV,2032,0.0
110- ALTO PARANA,SE023kV_HERNANDARIAS,220/66kV,2033,0.0
110- ALTO PARANA,SE023kV_J LEON MALLORQUIN,220/66kV,2025,0.0
110- ALTO PARANA,SE023kV_J LEON MALLORQUIN,220/66kV,2026,0.0
110- ALTO PARANA,SE023kV_J LEON MALLORQUIN,220/66kV,2027,0.0
110- ALTO PARANA,SE023kV_J LEON MALLORQUIN,220/66kV,2028,0.0
110- ALTO PARANA,SE023kV_J LEON MALLORQUIN,220/66kV,2030,0.0
110- ALTO PARANA,SE023kV_J LEON MALLORQUIN,220/66kV,2031,0.0
110- ALTO PARANA,SE023kV_J LEON MALLORQUIN,220/66kV,2032,0.0
110- ALTO PARANA,SE023kV_J LEON MALLORQUIN,220/66kV,2033,0.0
110- ALTO PARANA,SE023kV_KILOMETRO 15,220/66kV,2025,0.0
110- ALTO PARANA,SE023kV_KILOMETRO 15,220/66kV,2026,1.0
110- ALTO PARANA,SE023kV_KILOMETRO 15,220/66kV,2027,0.0
110- ALTO PARANA,SE023kV_KILOMETRO 15,220/66kV,2028,0.0
110- ALTO PARANA,SE023kV_KILOMETRO 15,220/66kV,2030,2.0
110- ALTO PARANA,SE023kV_KILOMETRO 15,220/66kV,2031,3.0
110- ALTO PARANA,SE023kV_KILOMETRO 15,220/66kV,2032,0.0
110- ALTO PARANA,SE023kV_KILOMETRO 15,220/66kV,2033,0.0
110- ALTO PARANA,SE023kV_MICROCENTRO,220/66kV,2025,0.0
110- ALTO PARANA,SE023kV_MICROCENTRO,220/66kV,2026,0.0
110- ALTO PARANA,SE023kV_MICROCENTRO,220/66kV,2027,0.0
110- ALTO PARANA,SE023kV_MICROCENTRO,220/66kV,2028,0.0
110- ALTO PARANA,SE023kV_MICROCENTRO,220/66kV,2030,0.0
110- ALTO PARANA,SE023kV_MICROCENTRO,220/66kV,2031,0.0
110- ALTO PARANA,SE023kV_MICROCENTRO,220/66kV,2032,0.0
110- ALTO PARANA,SE023kV_MICROCENTRO,220/66kV,2033,0.0
110- ALTO PARANA,SE023kV_MINGA PORA,220/66kV,2025,0.0
110- ALTO PARANA,SE023kV_MINGA PORA,220/66kV,2026,0.0
110- ALTO PARANA,SE023kV_MINGA PORA,220/66kV,2027,0.0
110- ALTO PARANA,SE023kV_MINGA PORA,220/66kV,2028,0.0
110- ALTO PARANA,SE023kV_MINGA PORA,220/66kV,2030,0.0
110- ALTO PARANA,SE023kV_MINGA PORA,220/66kV,2031,0.0
110- ALTO PARANA,SE023kV_MINGA PORA,220/66kV,2032,0.0
110- ALTO PARANA,SE023kV_MINGA PORA,220/66kV,2033,0.0
110- ALTO PARANA,SE023kV_NARANJAL,220/66kV,2025,0.0
110- ALTO PARANA,SE023kV_NARANJAL,220/66kV,2026,0.0
110- ALTO PARANA,SE023kV_NARANJAL,220/66kV,2027,0.0
110- ALTO PARANA,SE023kV_NARANJAL,220/66kV,2028,0.0
110- ALTO PARANA,SE023kV_NARANJAL,220/66kV,2030,0.0
110- ALTO PARANA,SE023kV_NARANJAL,220/66kV,2031,0.0
110- ALTO PARANA,SE023kV_NARANJAL,220/66kV,2032,0.0
110- ALTO PARANA,SE023kV_NARANJAL,220/66kV,2033,0.0
110- ALTO PARANA,SE023kV_SANTA RITA,220/66kV,2025,0.0
110- ALTO PARANA,SE023kV_SANTA RITA,220/66kV,2026,0.0
110- ALTO PARANA,SE023kV_SANTA RITA,220/66kV,2027,0.0
110- ALTO PARANA,SE023kV_SANTA RITA,220/66kV,2028,0.0
110- ALTO PARANA,SE023kV_SANTA RITA,220/66kV,2030,0.0
110- ALTO PARANA,SE023kV_SANTA RITA,220/66kV,2031,0.0
110- ALTO PARANA,SE023kV_SANTA RITA,220/66kV,2032,0.0
110- ALTO PARANA,SE023kV_SANTA RITA,220/66kV,2033,0.0
110- ALTO PARANA,SE066kV_ACARAY,220/66kV,2025,0.0
110- ALTO PARANA,SE066kV_ACARAY,220/66kV,2026,39.6
110- ALTO PARANA,SE066kV_ACARAY,220/66kV,2027,37.0
110- ALTO PARANA,SE066kV_ACARAY,220/66kV,2028,35.7
110- ALTO PARANA,SE066kV_ACARAY,220/66kV,2030,32.8
110- ALTO PARANA,SE066kV_ACARAY,220/66kV,2031,31.3
110- ALTO PARANA,SE066kV_ACARAY,220/66kV,2032,34.4
110- ALTO PARANA,SE066kV_ACARAY,220/66kV,2033,34.0
110- ALTO PARANA,SE220kV_ITAKYRY,220/66kV,2025,36.9
110- ALTO PARANA,SE220kV_ITAKYRY,220/66kV,2026,55.0
110- ALTO PARANA,SE220kV_ITAKYRY,220/66kV,2027,55.8
110- ALTO PARANA,SE220kV_ITAKYRY,220/66kV,2028,59.4
110- ALTO PARANA,SE220kV_ITAKYRY,220/66kV,2030,59.4
110- ALTO PARANA,SE220kV_ITAKYRY,220/66kV,2031,58.1
110- ALTO PARANA,SE220kV_ITAKYRY,220/66kV,2032,54.1
110- ALTO PARANA,SE220kV_ITAKYRY,220/66kV,2033,52.1
110- ALTO PARANA,SE220kV_KILOMETRO 30,220/66kV,2025,0.0
110- ALTO PARANA,SE220kV_KILOMETRO 30,220/66kV,2026,0.0
110- ALTO PARANA,SE220kV_KILOMETRO 30,220/66kV,2027,0.0
110- ALTO PARANA,SE220kV_KILOMETRO 30,220/66kV,2028,0.0
110- ALTO PARANA,SE220kV_KILOMETRO 30,220/66kV,2030,0.0
110- ALTO PARANA,SE220kV_KILOMETRO 30,220/66kV,2031,0.0
110- ALTO PARANA,SE220kV_KILOMETRO 30,220/66kV,2032,0.0
110- ALTO PARANA,SE220kV_KILOMETRO 30,220/66kV,2033,0.0
110- ALTO PARANA,SE220kV_PARANAMBU,220/66kV,2025,5.5
110- ALTO PARANA,SE220kV_PARANAMBU,220/66kV,2026,22.8
110- ALTO PARANA,SE220kV_PARANAMBU,220/66kV,2027,19.9
110- ALTO PARANA,SE220kV_PARANAMBU,220/66kV,2028,27.3
110- ALTO PARANA,SE220kV_PARANAMBU,220/66kV,2030,26.5
110- ALTO PARANA,SE220kV_PARANAMBU,220/66kV,2031,23.6
110- ALTO PARANA,SE220kV_PARANAMBU,220/66kV,2032,24.9
110- ALTO PARANA,SE220kV_PARANAMBU,220/66kV,2033,24.0
110- ALTO PARANA,SE220kV_PTE FRANCO,220/66kV,2025,69.9
110- ALTO PARANA,SE220kV_PTE FRANCO,220/66kV,2026,93.8
110- ALTO PARANA,SE220kV_PTE FRANCO,220/66kV,2027,91.1
110- ALTO PARANA,SE220kV_PTE FRANCO,220/66kV,2028,90.0
110- ALTO PARANA,SE220kV_PTE FRANCO,220/66kV,2030,92.0
110- ALTO PARANA,SE220kV_PTE FRANCO,220/66kV,2031,96.2
110- ALTO PARANA,SE220kV_PTE FRANCO,220/66kV,2032,99.4
110- ALTO PARANA,SE220kV_PTE FRANCO,220/66kV,2033,95.7
110- ALTO PARANA,SE500kV_YGUAZU,220/66kV,2025,0.0
110- ALTO PARANA,SE500kV_YGUAZU,220/66kV,2026,1.0
110- ALTO PARANA,SE500kV_YGUAZU,220/66kV,2027,0.0
110- ALTO PARANA,SE500kV_YGUAZU,220/66kV,2028,0.0
110- ALTO PARANA,SE500kV_YGUAZU,220/66kV,2030,2.0
110- ALTO PARANA,SE500kV_YGUAZU,220/66kV,2031,3.0
110- ALTO PARANA,SE500kV_YGUAZU,220/66kV,2032,0.0
110- ALTO PARANA,SE500kV_YGUAZU,220/66kV,2033,0.0
111- CENTRAL,SE023kV_CAPIATA,220/66kV,2025,0.0
111- CENTRAL,SE023kV_CAPIATA,220/66kV,2026,0.0
111- CENTRAL,SE023kV_CAPIATA,220/66kV,2027,0.0
111- CENTRAL,SE023kV_CAPIATA,220/66kV,2028,0.0
111- CENTRAL,SE023kV_CAPIATA,220/66kV,2030,0.0
111- CENTRAL,SE023kV_CAPIATA,220/66kV,2031,0.0
111- CENTRAL,SE023kV_CAPIATA,220/66kV,2032,0.0
111- CENTRAL,SE023kV_CAPIATA,220/66kV,2033,0.0
111- CENTRAL,SE023kV_FDO DE LA MORA,220/66kV,2025,0.0
111- CENTRAL,SE023kV_FDO DE LA MORA,220/66kV,2026,0.0
111- CENTRAL,SE023kV_FDO DE LA MORA,220/66kV,2027,0.0
111- CENTRAL,SE023kV_FDO DE LA MORA,220/66kV,2028,0.0
111- CENTRAL,SE023kV_FDO DE LA MORA,220/66kV,2030,0.0
111- CENTRAL,SE023kV_FDO DE LA MORA,220/66kV,2031,0.0
111- CENTRAL,SE023kV_FDO DE LA MORA,220/66kV,2032,0.0
111- CENTRAL,SE023kV_FDO DE LA MORA,220/66kV,2033,0.0
111- CENTRAL,SE023kV_ITAUGUA,220/66kV,2025,0.0
111- CENTRAL,SE023kV_ITAUGUA,220/66kV,2026,0.0
111- CENTRAL,SE023kV_ITAUGUA,220/66kV,2027,0.0
111- CENTRAL,SE023kV_ITAUGUA,220/66kV,2028,0.0
111- CENTRAL,SE023kV_ITAUGUA,220/66kV,2030,0.0
111- CENTRAL,SE023kV_ITAUGUA,220/66kV,2031,0.0
111- CENTRAL,SE023kV_ITAUGUA,220/66kV,2032,0.0
111- CENTRAL,SE023kV_ITAUGUA,220/66kV,2033,0.0
111- CENTRAL,SE023kV_LA VICTORIA,220/66kV,2025,0.0
111- CENTRAL,SE023kV_LA VICTORIA,220/66kV,2026,0.0
111- CENTRAL,SE023kV_LA VICTORIA,220/66kV,2027,0.0
111- CENTRAL,SE023kV_LA VICTORIA,220/66kV,2028,0.0
111- CENTRAL,SE023kV_LA VICTORIA,220/66kV,2030,0.0
111- CENTRAL,SE023kV_LA VICTORIA,220/66kV,2031,0.0
111- CENTRAL,SE023kV_LA VICTORIA,220/66kV,2032,0.0
111- CENTRAL,SE023kV_LA VICTORIA,220/66kV,2033,0.0
111- CENTRAL,SE023kV_LUQUE,220/66kV,2025,
111- CENTRAL,SE023kV_LUQUE,220/66kV,2026,
111- CENTRAL,SE023kV_LUQUE,220/66kV,2027,
111- CENTRAL,SE023kV_LUQUE,220/66kV,2028,
111- CENTRAL,SE023kV_LUQUE,220/66kV,2030,
111- CENTRAL,SE023kV_LUQUE,220/66kV,2031,
111- CENTRAL,SE023kV_LUQUE,220/66kV,2032,
111- CENTRAL,SE023kV_LUQUE,220/66kV,2033,
111- CENTRAL,SE023kV_MRA,220/66kV,2025,0.0
111- CENTRAL,SE023kV_MRA,220/66kV,2026,0.0
111- CENTRAL,SE023kV_MRA,220/66kV,2027,0.0
111- CENTRAL,SE023kV_MRA,220/66kV,2028,0.0
111- CENTRAL,SE023kV_MRA,220/66kV,2030,0.0
111- CENTRAL,SE023kV_MRA,220/66kV,2031,0.0
111- CENTRAL,SE023kV_MRA,220/66kV,2032,0.0
111- CENTRAL,SE023kV_MRA,220/66kV,2033,0.0
111- CENTRAL,SE023kV_SAN ANTONIO,220/66kV,2025,0.0
111- CENTRAL,SE023kV_SAN ANTONIO,220/66kV,2026,0.0
111- CENTRAL,SE023kV_SAN ANTONIO,220/66kV,2027,0.0
111- CENTRAL,SE023kV_SAN ANTONIO,220/66kV,2028,0.0
111- CENTRAL,SE023kV_SAN ANTONIO,220/66kV,2030,0.0
111- CENTRAL,SE023kV_SAN ANTONIO,220/66kV,2031,0.0
111- CENTRAL,SE023kV_SAN ANTONIO,220/66kV,2032,0.0
111- CENTRAL,SE023kV_SAN ANTONIO,220/66kV,2033,0.0
111- CENTRAL,SE023kV_TRES BOCAS,220/66kV,2025,0.0
111- CENTRAL,SE023kV_TRES BOCAS,220/66kV,2026,0.0
111- CENTRAL,SE023kV_TRES BOCAS,220/66kV,2027,0.0
111- CENTRAL,SE023kV_TRES BOCAS,220/66kV,2028,0.0
111- CENTRAL,SE023kV_TRES BOCAS,220/66kV,2030,0.0
111- CENTRAL,SE023kV_TRES BOCAS,220/66kV,2031,0.0
111- CENTRAL,SE023kV_TRES BOCAS,220/66kV,2032,0.0
111- CENTRAL,SE023kV_TRES BOCAS,220/66kV,2033,0.0
111- CENTRAL,SE023kV_VILLETA,220/66kV,2025,0.0
111- CENTRAL,SE023kV_VILLETA,220/66kV,2026,0.0
111- CENTRAL,SE023kV_VILLETA,220/66kV,2027,0.0
111- CENTRAL,SE023kV_VILLETA,220/66kV,2028,0.0
111- CENTRAL,SE023kV_VILLETA,220/66kV,2030,0.0
111- CENTRAL,SE023kV_VILLETA,220/66kV,2031,0.0
111- CENTRAL,SE023kV_VILLETA,220/66kV,2032,0.0
111- CENTRAL,SE023kV_VILLETA,220/66kV,2033,0.0
111- CENTRAL,SE220kV_BARRIO MOLINO,220/66kV,2025,88.3
111- CENTRAL,SE220kV_BARRIO MOLINO,220/66kV,2026,55.0
111- CENTRAL,SE220kV_BARRIO MOLINO,220/66kV,2027,48.0
111- CENTRAL,SE220kV_BARRIO MOLINO,220/66kV,2028,99.2
111- CENTRAL,SE220kV_BARRIO MOLINO,220/66kV,2030,92.2
111- CENTRAL,SE220kV_BARRIO MOLINO,220/66kV,2031,88.9
111- CENTRAL,SE220kV_BARRIO MOLINO,220/66kV,2032,93.1
111- CENTRAL,SE220kV_BARRIO MOLINO,220/66kV,2033,80.0
111- CENTRAL,SE220kV_BUEY RODEO,220/66kV,2025,31.6
111- CENTRAL,SE220kV_BUEY RODEO,220/66kV,2026,74.3
111- CENTRAL,SE220kV_BUEY RODEO,220/66kV,2027,76.7
111- CENTRAL,SE220kV_BUEY RODEO,220/66kV,2028,78.4
111- CENTRAL,SE220kV_BUEY RODEO,220/66kV,2030,77.3
111- CENTRAL,SE220kV_BUEY RODEO,220/66kV,2031,77.6
111- CENTRAL,SE220kV_BUEY RODEO,220/66kV,2032,75.2
111- CENTRAL,SE220kV_BUEY RODEO,220/66kV,2033,54.9
111- CENTRAL,SE220kV_GUARAMBARE,220/66kV,2025,27.0
111- CENTRAL,SE220kV_GUARAMBARE,220/66kV,2026,39.9
111- CENTRAL,SE220kV_GUARAMBARE,220/66kV,2027,42.5
111- CENTRAL,SE220kV_GUARAMBARE,220/66kV,2028,39.4
111- CENTRAL,SE220kV_GUARAMBARE,220/66kV,2030,23.0
111- CENTRAL,SE220kV_GUARAMBARE,220/66kV,2031,18.2
111- CENTRAL,SE220kV_GUARAMBARE,220/66kV,2032,10.3
111- CENTRAL,SE220kV_GUARAMBARE,220/66kV,2033,0.0
111- CENTRAL,SE220kV_LAMBARE,220/66kV,2025,156.4
111- CENTRAL,SE220kV_LAMBARE,220/66kV,2026,212.5
111- CENTRAL,SE220kV_LAMBARE,220/66kV,2027,220.8
111- CENTRAL,SE220kV_LAMBARE,220/66kV,2028,220.9
111- CENTRAL,SE220kV_LAMBARE,220/66kV,2030,171.9
111- CENTRAL,SE220kV_LAMBARE,220/66kV,2031,183.9
111- CENTRAL,SE220kV_LAMBARE,220/66kV,2032,150.9
111- CENTRAL,SE220kV_LAMBARE,220/66kV,2033,106.1
111- CENTRAL,SE220kV_LIMPIO,220/66kV,2025,11.0
111- CENTRAL,SE220kV_LIMPIO,220/66kV,2026,22.5
111- CENTRAL,SE220kV_LIMPIO,220/66kV,2027,18.7
111- CENTRAL,SE220kV_LIMPIO,220/66kV,2028,33.2
111- CENTRAL,SE220kV_LIMPIO,220/66kV,2030,32.3
111- CENTRAL,SE220kV_LIMPIO,220/66kV,2031,29.7
111- CENTRAL,SE220kV_LIMPIO,220/66kV,2032,18.6
111- CENTRAL,SE220kV_LIMPIO,220/66kV,2033,17.0
111- CENTRAL,SE220kV_SAN LORENZO,220/66kV,2025,29.0
111- CENTRAL,SE220kV_SAN LORENZO,220/66kV,2026,51.3
111- CENTRAL,SE220kV_SAN LORENZO,220/66kV,2027,66.7
111- CENTRAL,SE220kV_SAN LORENZO,220/66kV,2028,84.5
111- CENTRAL,SE220kV_SAN LORENZO,220/66kV,2030,71.6
111- CENTRAL,SE220kV_SAN LORENZO,220/66kV,2031,79.2
111- CENTRAL,SE220kV_SAN LORENZO,220/66kV,2032,51.2
111- CENTRAL,SE220kV_SAN LORENZO,220/66kV,2033,48.6
112- ÑEEMBUCU,SE023kV_PILAR,220/66kV,2025,0.0
112- ÑEEMBUCU,SE023kV_PILAR,220/66kV,2026,0.0
112- ÑEEMBUCU,SE023kV_PILAR,220/66kV,2027,0.0
112- ÑEEMBUCU,SE023kV_PILAR,220/66kV,2028,0.0
112- ÑEEMBUCU,SE023kV_PILAR,220/66kV,2030,0.0
112- ÑEEMBUCU,SE023kV_PILAR,220/66kV,2031,0.0
112- ÑEEMBUCU,SE023kV_PILAR,220/66kV,2032,0.0
112- ÑEEMBUCU,SE023kV_PILAR,220/66kV,2033,0.0
112- ÑEEMBUCU,SE023kV_SAN JUAN BAUTISTA,220/66kV,2025,0.0
112- ÑEEMBUCU,SE023kV_SAN JUAN BAUTISTA,220/66kV,2026,0.0
112- ÑEEMBUCU,SE023kV_SAN JUAN BAUTISTA,220/66kV,2027,0.0
112- ÑEEMBUCU,SE023kV_SAN JUAN BAUTISTA,220/66kV,2028,0.0
112- ÑEEMBUCU,SE023kV_SAN JUAN BAUTISTA,220/66kV,2030,0.0
112- ÑEEMBUCU,SE023kV_SAN JUAN BAUTISTA,220/66kV,2031,0.0
112- ÑEEMBUCU,SE023kV_SAN JUAN BAUTISTA,220/66kV,2032,0.0
112- ÑEEMBUCU,SE023kV_SAN JUAN BAUTISTA,220/66kV,2033,0.0
112- ÑEEMBUCU,SE220kV_VILLABIN,220/66kV,2025,0.0
112- ÑEEMBUCU,SE220kV_VILLABIN,220/66kV,2026,0.0
112- ÑEEMBUCU,SE220kV_VILLABIN,220/66kV,2027,0.0
112- ÑEEMBUCU,SE220kV_VILLABIN,220/66kV,2028,0.0
112- ÑEEMBUCU,SE220kV_VILLABIN,220/66kV,2030,0.0
112- ÑEEMBUCU,SE220kV_VILLABIN,220/66kV,2031,0.0
112- ÑEEMBUCU,SE220kV_VILLABIN,220/66kV,2032,0.0
112- ÑEEMBUCU,SE220kV_VILLABIN,220/66kV,2033,0.0
113- AMAMBAY,SE023kV_CAP BADO,220/66kV,2025,0.0
113- AMAMBAY,SE023kV_CAP BADO,220/66kV,2026,0.0
113- AMAMBAY,SE023kV_CAP BADO,220/66kV,2027,0.0
113- AMAMBAY,SE023kV_CAP BADO,220/66kV,2028,0.0
113- AMAMBAY,SE023kV_CAP BADO,220/66kV,2030,0.0
113- AMAMBAY,SE023kV_CAP BADO,220/66kV,2031,0.0
113- AMAMBAY,SE023kV_CAP BADO,220/66kV,2032,0.0
113- AMAMBAY,SE023kV_CAP BADO,220/66kV,2033,0.0
113- AMAMBAY,SE023kV_CRUCE BELLA VISTA,220/66kV,2025,0.0
113- AMAMBAY,SE023kV_CRUCE BELLA VISTA,220/66kV,2026,0.0
113- AMAMBAY,SE023kV_CRUCE BELLA VISTA,220/66kV,2027,0.0
113- AMAMBAY,SE023kV_CRUCE BELLA VISTA,220/66kV,2028,0.0
113- AMAMBAY,SE023kV_CRUCE BELLA VISTA,220/66kV,2030,0.0
113- AMAMBAY,SE023kV_CRUCE BELLA VISTA,220/66kV,2031,0.0
113- AMAMBAY,SE023kV_CRUCE BELLA VISTA,220/66kV,2032,0.0
113- AMAMBAY,SE023kV_CRUCE BELLA VISTA,220/66kV,2033,0.0
113- AMAMBAY,SE023kV_PJC,220/66kV,2025,0.0
113- AMAMBAY,SE023kV_PJC,220/66kV,2026,0.0
113- AMAMBAY,SE023kV_PJC,220/66kV,2027,0.0
113- AMAMBAY,SE023kV_PJC,220/66kV,2028,0.0
113- AMAMBAY,SE023kV_PJC,220/66kV,2030,0.0
113- AMAMBAY,SE023kV_PJC,220/66kV,2031,0.0
113- AMAMBAY,SE023kV_PJC,220/66kV,2032,0.0
113- AMAMBAY,SE023kV_PJC,220/66kV,2033,0.0
113- AMAMBAY,SE220kV_CERRO CORA,220/66kV,2025,3.1
113- AMAMBAY,SE220kV_CERRO CORA,220/66kV,2026,20.1
113- AMAMBAY,SE220kV_CERRO CORA,220/66kV,2027,26.3
113- AMAMBAY,SE220kV_CERRO CORA,220/66kV,2028,59.0
113- AMAMBAY,SE220kV_CERRO CORA,220/66kV,2030,53.1
113- AMAMBAY,SE220kV_CERRO CORA,220/66kV,2031,48.9
113- AMAMBAY,SE220kV_CERRO CORA,220/66kV,2032,44.4
113- AMAMBAY,SE220kV_CERRO CORA,220/66kV,2033,42.7
114- CANINDEYU,SE023kV_CURUGUATY,220/66kV,2025,0.0
114- CANINDEYU,SE023kV_CURUGUATY,220/66kV,2026,0.0
114- CANINDEYU,SE023kV_CURUGUATY,220/66kV,2027,0.0
114- CANINDEYU,SE023kV_CURUGUATY,220/66kV,2028,0.0
114- CANINDEYU,SE023kV_CURUGUATY,220/66kV,2030,0.0
114- CANINDEYU,SE023kV_CURUGUATY,220/66kV,2031,0.0
114- CANINDEYU,SE023kV_CURUGUATY,220/66kV,2032,0.0
114- CANINDEYU,SE023kV_CURUGUATY,220/66kV,2033,0.0
114- CANINDEYU,SE023kV_JEPOPYHY,220/66kV,2025,0.0
114- CANINDEYU,SE023kV_JEPOPYHY,220/66kV,2026,0.0
114- CANINDEYU,SE023kV_JEPOPYHY,220/66kV,2027,0.0
114- CANINDEYU,SE023kV_JEPOPYHY,220/66kV,2028,0.0
114- CANINDEYU,SE023kV_JEPOPYHY,220/66kV,2030,0.0
114- CANINDEYU,SE023kV_JEPOPYHY,220/66kV,2031,0.0
114- CANINDEYU,SE023kV_JEPOPYHY,220/66kV,2032,0.0
114- CANINDEYU,SE023kV_JEPOPYHY,220/66kV,2033,0.0
114- CANINDEYU,SE023kV_KATUEKE,220/66kV,2025,0.0
114- CANINDEYU,SE023kV_KATUEKE,220/66kV,2026,0.0
114- CANINDEYU,SE023kV_KATUEKE,220/66kV,2027,0.0
114- CANINDEYU,SE023kV_KATUEKE,220/66kV,2028,0.0
114- CANINDEYU,SE023kV_KATUEKE,220/66kV,2030,0.0
114- CANINDEYU,SE023kV_KATUEKE,220/66kV,2031,0.0
114- CANINDEYU,SE023kV_KATUEKE,220/66kV,2032,0.0
114- CANINDEYU,SE023kV_KATUEKE,220/66kV,2033,0.0
114- CANINDEYU,SE023kV_SALTO DEL GUAIRA,220/66kV,2025,0.0
114- CANINDEYU,SE023kV_SALTO DEL GUAIRA,220/66kV,2026,0.0
114- CANINDEYU,SE023kV_SALTO DEL GUAIRA,220/66kV,2027,0.0
114- CANINDEYU,SE023kV_SALTO DEL GUAIRA,220/66kV,2028,0.0
114- CANINDEYU,SE023kV_SALTO DEL GUAIRA,220/66kV,2030,0.0
114- CANINDEYU,SE023kV_SALTO DEL GUAIRA,220/66kV,2031,0.0
114- CANINDEYU,SE023kV_SALTO DEL GUAIRA,220/66kV,2032,0.0
114- CANINDEYU,SE023kV_SALTO DEL GUAIRA,220/66kV,2033,0.0
115- PTE HAYES,SE023kV_CIUDAD NUEVA,220/66kV,2025,0.0
115- PTE HAYES,SE023kV_CIUDAD NUEVA,220/66kV,2026,0.0
115- PTE HAYES,SE023kV_CIUDAD NUEVA,220/66kV,2027,0.0
115- PTE HAYES,SE023kV_CIUDAD NUEVA,220/66kV,2028,0.0
115- PTE HAYES,SE023kV_CIUDAD NUEVA,220/66kV,2030,0.0
115- PTE HAYES,SE023kV_CIUDAD NUEVA,220/66kV,2031,0.0
115- PTE HAYES,SE023kV_CIUDAD NUEVA,220/66kV,2032,0.0
115- PTE HAYES,SE023kV_CIUDAD NUEVA,220/66kV,2033,0.0
115- PTE HAYES,SE500kV_VILLA HAYES,220/66kV,2025,13.5
115- PTE HAYES,SE500kV_VILLA HAYES,220/66kV,2026,22.7
115- PTE HAYES,SE500kV_VILLA HAYES,220/66kV,2027,25.8
115- PTE HAYES,SE500kV_VILLA HAYES,220/66kV,2028,28.7
115- PTE HAYES,SE500kV_VILLA HAYES,220/66kV,2030,28.2
115- PTE HAYES,SE500kV_VILLA HAYES,220/66kV,2031,26.8
115- PTE HAYES,SE500kV_VILLA HAYES,220/66kV,2032,22.8
115- PTE HAYES,SE500kV_VILLA HAYES,220/66kV,2033,21.6
116- BOQUERON,SE023kV_FILADELFIA,220/66kV,2025,0.0
116- BOQUERON,SE023kV_FILADELFIA,220/66kV,2026,0.0
116- BOQUERON,SE023kV_FILADELFIA,220/66kV,2027,0.0
116- BOQUERON,SE023kV_FILADELFIA,220/66kV,2028,0.0
116- BOQUERON,SE023kV_FILADELFIA,220/66kV,2030,0.0
116- BOQUERON,SE023kV_FILADELFIA,220/66kV,2031,0.0
116- BOQUERON,SE023kV_FILADELFIA,220/66kV,2032,0.0
116- BOQUERON,SE023kV_FILADELFIA,220/66kV,2033,0.0
116- BOQUERON,SE023kV_MCAL ESTIGARRIBIA,220/66kV,2025,0.0
116- BOQUERON,SE023kV_MCAL ESTIGARRIBIA,220/66kV,2026,0.0
116- BOQUERON,SE023kV_MCAL ESTIGARRIBIA,220/66kV,2027,0.0
116- BOQUERON,SE023kV_MCAL ESTIGARRIBIA,220/66kV,2028,0.0
116- BOQUERON,SE023kV_MCAL ESTIGARRIBIA,220/66kV,2030,0.0
116- BOQUERON,SE023kV_MCAL ESTIGARRIBIA,220/66kV,2031,0.0
116- BOQUERON,SE023kV_MCAL ESTIGARRIBIA,220/66kV,2032,0.0
116- BOQUERON,SE023kV_MCAL ESTIGARRIBIA,220/66kV,2033,0.0
116- BOQUERON,SE220kV_LOMA PLATA,220/66kV,2025,23.0
116- BOQUERON,SE220kV_LOMA PLATA,220/66kV,2026,44.3
116- BOQUERON,SE220kV_LOMA PLATA,220/66kV,2027,36.9
116- BOQUERON,SE220kV_LOMA PLATA,220/66kV,2028,39.1
116- BOQUERON,SE220kV_LOMA PLATA,220/66kV,2030,27.4
116- BOQUERON,SE220kV_LOMA PLATA,220/66kV,2031,22.4
116- BOQUERON,SE220kV_LOMA PLATA,220/66kV,2032,15.4
116- BOQUERON,SE220kV_LOMA PLATA,220/66kV,2033,7.6
