zona,subregion,polo,nodo,puntos,lat_centro,lon_centro
10- AGROINDUSTRIAL Y DE INDUSTRIA FORESTAL,30- SUBREGION ORIENTAL SUR,46- MISIONES,308- NODO CENTRAL MISIONES,210,-26.786573266666668,-56.98002399999999
10- AGROINDUSTRIAL Y DE INDUSTRIA FORESTAL,30- SUBREGION ORIENTAL SUR,80- SUR,319- CAAZAPA,68,-26.263794691176468,-56.48255432352941
10- AGROINDUSTRIAL Y DE INDUSTRIA FORESTAL,30- SUBREGION ORIENTAL SUR,80- SUR,320- YEGROS,74,-26.53400037837838,-56.37299913513514
10- AGROINDUSTRIAL Y DE INDUSTRIA FORESTAL,30- SUBREGION ORIENTAL SUR,80- SUR,321- S. JUAN NEPOMUCENO,95,-26.16658347368421,-55.800169536842105
10- AGROINDUSTRIAL Y DE INDUSTRIA FORESTAL,40- SUBREGION ORIENTAL ESTE,10- CENTRO NORTE,411- CURUGUATY,168,-24.552478767857142,-55.747028750000005
10- AGROINDUSTRIAL Y DE INDUSTRIA FORESTAL,40- SUBREGION ORIENTAL ESTE,10- CENTRO NORTE,412- AMBITO KATUETE,186,-24.39604620967742,-54.853591930107534
10- AGROINDUSTRIAL Y DE INDUSTRIA FORESTAL,40- SUBREGION ORIENTAL ESTE,20- CORONEL BOGADO,402- CORONEL BOGADO,150,-27.19486602,-56.40947258
10- AGROINDUSTRIAL Y DE INDUSTRIA FORESTAL,40- SUBREGION ORIENTAL ESTE,20- CORONEL BOGADO,403- S. PEDRO DEL PARANA,96,-26.850878885416666,-56.24567426041667
10- AGROINDUSTRIAL Y DE INDUSTRIA FORESTAL,50- SUBREGION ORIENTAL NORTE,10- CENTRO NORTE,504- S. ROSA DEL AGUARAY,314,-23.835373898089173,-56.374143627388534
10- AGROINDUSTRIAL Y DE INDUSTRIA FORESTAL,50- SUBREGION ORIENTAL NORTE,10- CENTRO NORTE,505- SANTANI,333,-24.591853726726725,-56.411235615615624
10- AGROINDUSTRIAL Y DE INDUSTRIA FORESTAL,50- SUBREGION ORIENTAL NORTE,50- NORTE,502- YBY YAU,352,-22.919505667613638,-56.4817403125
20- ALTO VALOR AGREGADO,10- REGION OCCIDENTAL,70- SEGUNDA CORONA INDUSTRIAL DE ASUNCION,104- RIBERA OESTE,80,-25.016642675,-57.5933150875
20- ALTO VALOR AGREGADO,20- REGION CENTRAL,70- SEGUNDA CORONA INDUSTRIAL DE ASUNCION,202- SEGUNDA CORONA NORTE,24,-25.254151375000003,-57.408047208333336
20- ALTO VALOR AGREGADO,20- REGION CENTRAL,70- SEGUNDA CORONA INDUSTRIAL DE ASUNCION,203- SEGUNDA CORONA CENTRAL,30,-25.55279343333333,-57.3921084
20- ALTO VALOR AGREGADO,20- REGION CENTRAL,70- SEGUNDA CORONA INDUSTRIAL DE ASUNCION,204- AMBITO VILLETA,41,-25.700213268292682,-57.63065029268293
20- ALTO VALOR AGREGADO,40- SUBREGION ORIENTAL ESTE,40- ENCARNACION,401- NODO ENCARNACION,206,-27.089349985436893,-55.8299950631068
20- ALTO VALOR AGREGADO,40- SUBREGION ORIENTAL ESTE,86- TRIPLE FRONTERA,407- CIUDAD DEL ESTE,171,-25.58286638596491,-54.966442736842104
20- ALTO VALOR AGREGADO,40- SUBREGION ORIENTAL ESTE,86- TRIPLE FRONTERA,408- HERNANDARIAS,51,-25.32407894117647,-54.77384896078431
20- ALTO VALOR AGREGADO,40- SUBREGION ORIENTAL ESTE,86- TRIPLE FRONTERA,410- AMBITO DE S. RITA,138,-25.851888695652175,-55.21406257246377
30- DESARROLLO DE INDUSTRIA PESADA,30- SUBREGION ORIENTAL SUR,30- CORREDOR OESTE DEL PARANA,307- CORREDOR OESTE DEL PARANA,241,-27.18696829460581,-57.896205327800836
30- DESARROLLO DE INDUSTRIA PESADA,30- SUBREGION ORIENTAL SUR,36- CURSO BAJO DEL RIO PARAGUAY,305- CURSO BAJO DEL PARAGUAY,158,-26.180148886075948,-57.94166703797468
30- DESARROLLO DE INDUSTRIA PESADA,40- SUBREGION ORIENTAL ESTE,26- CORREDOR CENTRAL DEL PARANA,404- CORREDOR CENTRAL DEL PARANA,128,-26.664680984375,-55.0862806796875
30- DESARROLLO DE INDUSTRIA PESADA,40- SUBREGION ORIENTAL ESTE,26- CORREDOR CENTRAL DEL PARANA,406- CORREDOR ITAPUA NORTE,112,-26.282117785714288,-55.11340711607143
30- DESARROLLO DE INDUSTRIA PESADA,50- SUBREGION ORIENTAL NORTE,38- CURSO MEDIO DEL RIO PARAGUAY,503- CURSO MEDIO DEL PARAGUAY,324,-22.621207654320987,-57.69752152469136
30- DESARROLLO DE INDUSTRIA PESADA,50- SUBREGION ORIENTAL NORTE,60- SAN PEDRO,506- S. PEDRO DE YCUAMANDYYU,319,-24.19990593416928,-57.02279021630095
40- DESARROLLO INDUSTRIAL INTEGRADO,10- REGION OCCIDENTAL,14- CHACO CENTRAL,101- NODO CHACO CENTRAL,565,-22.494589146902655,-59.954190713274336
40- DESARROLLO INDUSTRIAL INTEGRADO,30- SUBREGION ORIENTAL SUR,42- HINTERLAND DE PILAR,306- HINTERLAND DE PILAR,227,-26.841786550660792,-58.0326717092511
40- DESARROLLO INDUSTRIAL INTEGRADO,30- SUBREGION ORIENTAL SUR,73- TERCERA CORONA INDUSTRIAL DE ASUNCION,301- SECCION CENTRAL 3A CORONA,42,-25.596802904761905,-57.20773664285715
40- DESARROLLO INDUSTRIAL INTEGRADO,30- SUBREGION ORIENTAL SUR,73- TERCERA CORONA INDUSTRIAL DE ASUNCION,302- CARAPEGUA,70,-25.823685885714287,-57.277472571428575
40- DESARROLLO INDUSTRIAL INTEGRADO,30- SUBREGION ORIENTAL SUR,73- TERCERA CORONA INDUSTRIAL DE ASUNCION,313- EMBOSCADA,26,-25.14662553846154,-57.21932838461539
40- DESARROLLO INDUSTRIAL INTEGRADO,30- SUBREGION ORIENTAL SUR,73- TERCERA CORONA INDUSTRIAL DE ASUNCION,314- NODO CAACUPE,53,-25.38578133962264,-57.05606167924528
40- DESARROLLO INDUSTRIAL INTEGRADO,30- SUBREGION ORIENTAL SUR,73- TERCERA CORONA INDUSTRIAL DE ASUNCION,315- PIRIBEBUY,24,-25.574242791666666,-56.981678833333326
40- DESARROLLO INDUSTRIAL INTEGRADO,30- SUBREGION ORIENTAL SUR,73- TERCERA CORONA INDUSTRIAL DE ASUNCION,316- ITACURUBI,45,-25.498091222222225,-56.808130488888885
40- DESARROLLO INDUSTRIAL INTEGRADO,30- SUBREGION ORIENTAL SUR,73- TERCERA CORONA INDUSTRIAL DE ASUNCION,317- ARROYOS Y ESTEROS,28,-25.0656365,-57.0366755
40- DESARROLLO INDUSTRIAL INTEGRADO,40- SUBREGION ORIENTAL ESTE,22- CORREDOR CAAGUAZU,415- CORONEL OVIEDO,91,-25.49445957142857,-56.458535791208796
40- DESARROLLO INDUSTRIAL INTEGRADO,40- SUBREGION ORIENTAL ESTE,22- CORREDOR CAAGUAZU,416- CAAGUAZU,117,-25.47786905982906,-56.02192911965812
40- DESARROLLO INDUSTRIAL INTEGRADO,40- SUBREGION ORIENTAL ESTE,22- CORREDOR CAAGUAZU,417- DR. J.E. ESTIGARRIBIA,135,-25.390047733333336,-55.59247493333333
40- DESARROLLO INDUSTRIAL INTEGRADO,50- SUBREGION ORIENTAL NORTE,18- CONCEPCION,501- NODO CONCEPCION,413,-23.238053394673123,-57.091356353510896
50- ENCLAVE INDUSTRIAL DE ORIENTACIÓN EXPORTADORA,10- REGION OCCIDENTAL,34- CURSO ALTO DEL RIO PARAGUAY,105- CURSO ALTO DEL PARAGUAY,712,-21.043297188202246,-57.99087315449439
50- ENCLAVE INDUSTRIAL DE ORIENTACIÓN EXPORTADORA,40- SUBREGION ORIENTAL ESTE,58- SALTO DEL GUAIRA,413- SALTO DEL GUAIRA,111,-24.165915135135137,-54.42040209009009
50- ENCLAVE INDUSTRIAL DE ORIENTACIÓN EXPORTADORA,50- SUBREGION ORIENTAL NORTE,56- PEDRO JUAN CABALLERO,507- BELLA VISTA NORTE,107,-22.31895948598131,-56.38703429906542
50- ENCLAVE INDUSTRIAL DE ORIENTACIÓN EXPORTADORA,50- SUBREGION ORIENTAL NORTE,56- PEDRO JUAN CABALLERO,508- PEDRO JUAN CABALLERO,152,-22.790127539473684,-55.753558309210526
