subestacion_id,nivel_tension,lat,lon,nombre,tension,pd_23kv_2026_mw,pd_220_66kv_2026_mw,estado,departamento,departamento_id,departamento_asignacion,departamento_dist_m,distrito,distrito_id,distrito_asignacion,distrito_dist_m
1,220 kV,-27.347316763,-55.810732448,SE220kV_CAMBYRETA,220 kV,1.2,9.9,OPERATIVA,ITAPUA,63826900B60028824512427,dentro,0.0,Cambyreta,47425931B28174017325811,dentro,0.0
2,220 kV,-27.191283922,-56.199481926,SE220kV_CNEL BOGADO,220 kV,1.2,46.4,OPERATIVA,ITAPUA,63826900B60028824512427,dentro,0.0,Coronel Bogado,47425931B83654812960354,dentro,0.0
3,220 kV,-27.142117119,-57.912705113,SE220kV_VILLABIN,220 kV,0.5,0.0,OPERATIVA,ÑEEMBUCU,63826900B28816426657500,dentro,0.0,Villalbin,47425931B61040156603066,dentro,0.0
4,220 kV,-27.124938313,-55.698835834,SE220kV_TRINIDAD,220 kV,2.9,57.2,OPERATIVA,ITAPUA,63826900B60028824512427,dentro,0.0,Trinidad,47425931B12425393984448,dentro,0.0
5,220 kV,-26.061978579,-57.251243658,SE220kV_VALLE APUA,220 kV,0.1,0.0,OPERATIVA,PARAGUARI,63826900B9584917578086,dentro,0.0,Quiindy,47425931B40906431776184,dentro,0.0
6,220 kV,-25.865120833,-54.767316332,SE220kV_PARANAMBU,220 kV,1.1,22.8,OPERATIVA,ALTO PARANA,63826900B70318852287741,dentro,0.0,Domingo Martinez De Irala,47425931B33721497398039,dentro,0.0
7,220 kV,-25.802603895,-56.430411306,SE220kV_PASO PE,220 kV,2.3,29.5,OPERATIVA,GUAIRA,63826900B69896036469417,dentro,0.0,Villarrica,47425931B65676015354684,dentro,0.0
8,220 kV,-25.713375307,-57.703934615,SE220kV_BUEY RODEO,220 kV,3.3,74.3,OPERATIVA,CENTRAL,63826900B88193761383216,dentro,0.0,Villeta,47425931B85980467085082,dentro,0.0
9,220 kV,-25.524922486,-54.660611112,SE220kV_PTE FRANCO,220 kV,2.2,93.8,OPERATIVA,ALTO PARANA,63826900B70318852287741,dentro,0.0,Ciudad Del Este,47425931B11106489367455,dentro,0.0
10,220 kV,-25.495996141,-57.231088697,SE220kV_PIRAYU,220 kV,1.5,14.0,OPERATIVA,PARAGUARI,63826900B9584917578086,dentro,0.0,Pirayu,47425931B80142740576001,dentro,0.0
11,220 kV,-25.48749944,-54.897449809,SE220kV_KILOMETRO 30,220 kV,1.8,0.0,OPERATIVA,ALTO PARANA,63826900B70318852287741,dentro,0.0,Minga Guazu,47425931B78858400200238,dentro,0.0
12,220 kV,-25.472384685,-56.448571676,SE220kV_CNEL OVIEDO,220 kV,3.0,28.5,OPERATIVA,CAAGUAZU,63826900B47245134487422,dentro,0.0,Coronel Oviedo,47425931B56616800786752,dentro,0.0
13,220 kV,-25.463095977,-57.442442544,SE220kV_GUARAMBARE,220 kV,4.9,39.9,OPERATIVA,CENTRAL,63826900B88193761383216,dentro,0.0,Guarambare,47425931B10108460675613,dentro,0.0
14,220 kV,-25.45885,-54.62392,GEN-ACARAY,220 kV,0.0,0.0,OPERATIVA,ALTO PARANA,63826900B70318852287741,dentro,0.0,Hernandarias,47425931B94368242537518,dentro,0.0
15,220 kV,-25.380916318,-56.999621823,SE220kV_EUSEBIO AYALA,220 kV,1.8,10.6,OPERATIVA,CORDILLERA,63826900B75072183549736,dentro,0.0,Eusebio Ayala,47425931B16897103550003,dentro,0.0
16,220 kV,-25.344095256,-57.62026979,SE220kV_LAMBARE,220 kV,1.2,212.5,OPERATIVA,CENTRAL,63826900B88193761383216,dentro,0.0,Lambare,47425931B12740487609448,dentro,0.0
17,220 kV,-25.326024691,-54.689132558,SE220kV_PARQUE IND HERNANDARIAS,220 kV,1.6,28.3,OPERATIVA,ALTO PARANA,63826900B70318852287741,dentro,0.0,Hernandarias,47425931B94368242537518,dentro,0.0
18,220 kV,-25.322099635,-57.509932832,SE220kV_SAN LORENZO,220 kV,9.5,51.3,OPERATIVA,CENTRAL,63826900B88193761383216,dentro,0.0,San Lorenzo,47425931B59590750807460,dentro,0.0
19,220 kV,-25.310837972,-57.568964113,SE220kV_VILLA AURELIA,220 kV,3.0,28.2,OPERATIVA,ASUNCION,63826900B42428386495226,dentro,0.0,Asuncion,47425931B88739802745947,dentro,0.0
20,220 kV,-25.296027326,-57.526738248,SE220kV_BARRIO MOLINO,220 kV,2.1,55.0,OPERATIVA,CENTRAL,63826900B88193761383216,dentro,0.0,Luque,47425931B39490307858483,dentro,0.0
21,220 kV,-25.287981454,-57.667349369,SE220kV_PUERTO SAJONIA,220 kV,4.3,80.0,OPERATIVA,ASUNCION,63826900B42428386495226,dentro,0.0,Asuncion,47425931B88739802745947,dentro,0.0
22,220 kV,-25.283969571,-57.624258048,SE220kV_PARQUE CABALLERO,220 kV,4.3,58.6,OPERATIVA,ASUNCION,63826900B42428386495226,dentro,0.0,Asuncion,47425931B88739802745947,dentro,0.0
23,220 kV,-25.248296654,-57.583988299,SE220kV_PUERTO BOTANICO,220 kV,6.9,115.4,OPERATIVA,ASUNCION,63826900B42428386495226,dentro,0.0,Asuncion,47425931B88739802745947,dentro,0.0
24,220 kV,-25.212278047,-57.2255138,SE220kV_ALTOS,220 kV,3.3,41.2,OPERATIVA,CORDILLERA,63826900B75072183549736,dentro,0.0,Altos,47425931B46035383476535,dentro,0.0
25,220 kV,-25.137116176,-57.454532204,SE220kV_LIMPIO,220 kV,5.4,22.5,OPERATIVA,CENTRAL,63826900B88193761383216,dentro,0.0,Limpio,47425931B16986362649925,dentro,0.0
26,220 kV,-24.993647192,-55.074612103,SE220kV_ITAKYRY,220 kV,1.7,55.0,OPERATIVA,ALTO PARANA,63826900B70318852287741,dentro,0.0,Itakyry,47425931B38556757736949,dentro,0.0
27,220 kV,-23.823910015,-56.530027756,SE220kV_SANTA ROSA,220 kV,3.2,25.0,OPERATIVA,SAN PEDRO,63826900B6371140935910,dentro,0.0,Santa Rosa Del Aguaray,47425931B51889643978432,dentro,0.0
28,220 kV,-23.43825342,-57.35600589,SE220kV_VILLA REAL,220 kV,0.3,29.6,OPERATIVA,CONCEPCION,63826900B27882980507950,dentro,0.0,Concepcion,47425931B17893195848656,dentro,0.0
29,220 kV,-23.329432447,-56.999078909,SE220kV_HORQUETA,220 kV,0.5,1.0,OPERATIVA,CONCEPCION,63826900B27882980507950,dentro,0.0,Horqueta,47425931B13729632623945,dentro,0.0
30,220 kV,-22.586457558,-55.742035998,SE220kV_CERRO CORA,220 kV,2.2,20.1,OPERATIVA,AMAMBAY,63826900B22649219267943,dentro,0.0,Pedro Juan Caballero,47425931B46189094185785,dentro,0.0
31,220 kV,-22.387726202,-59.812899679,SE220kV_LOMA PLATA,220 kV,1.1,44.3,OPERATIVA,BOQUERON,63826900B91663486125533,dentro,0.0,Loma Plata,47425931B89191859634930,dentro,0.0
32,220 kV,-22.174840061,-57.954689035,SE220kV_VALLEMI-1,220 kV,0.0,0.0,OPERATIVA,CONCEPCION,63826900B27882980507950,dentro,0.0,San Lazaro,47425931B13877511064048,dentro,0.0
33,23 kV,-27.312872082,-55.848877184,SE023kV_ENCARNACION,23 kV,2.3,1.0,OPERATIVA,ITAPUA,63826900B60028824512427,dentro,0.0,Encarnacion,47425931B96706939723019,dentro,0.0
34,23 kV,-27.115554687,-56.025137302,SE023kV_FRAM,23 kV,1.5,0.0,OPERATIVA,ITAPUA,63826900B60028824512427,dentro,0.0,Fram,47425931B52134687672171,dentro,0.0
35,23 kV,-27.011804052,-56.799376215,SE023kV_SAN PATRICIO,23 kV,0.4,1.0,OPERATIVA,MISIONES,63826900B67002830619694,dentro,0.0,San Patricio,47425931B72995003357439,dentro,0.0
36,23 kV,-26.883389935,-55.623893327,SE023kV_PIRA PO,23 kV,0.7,0.0,OPERATIVA,ITAPUA,63826900B60028824512427,dentro,0.0,Bella Vista,47425931B90614418626785,dentro,0.0
37,23 kV,-26.877797973,-58.29633775,SE023kV_PILAR,23 kV,0.6,0.0,OPERATIVA,ÑEEMBUCU,63826900B28816426657500,dentro,0.0,Pilar,47425931B93456312703363,dentro,0.0
38,23 kV,-26.854739207,-56.980055542,SE023kV_SAN IGNACIO,23 kV,2.3,0.0,OPERATIVA,MISIONES,63826900B67002830619694,dentro,0.0,San Ignacio,47425931B54647464892971,dentro,0.0
39,23 kV,-26.849103972,-56.207096739,SE023kV_SAN PEDRO DEL PARANA,23 kV,0.7,0.0,OPERATIVA,ITAPUA,63826900B60028824512427,dentro,0.0,San Pedro Del Parana,47425931B71195926301868,dentro,0.0
40,23 kV,-26.784215562,-55.1207958,SE023kV_NATALIO,23 kV,0.7,0.0,OPERATIVA,ITAPUA,63826900B60028824512427,dentro,0.0,Natalio,47425931B71261489708268,dentro,0.0
41,23 kV,-26.682778618,-57.08438352,SE023kV_SAN JUAN BAUTISTA,23 kV,0.8,0.0,OPERATIVA,MISIONES,63826900B67002830619694,dentro,0.0,San Juan Bautista,47425931B38930159427719,dentro,0.0
42,23 kV,-26.440431683,-54.713726582,SE023kV_CARLOS A LOPEZ,23 kV,0.6,9.9,OPERATIVA,ITAPUA,63826900B60028824512427,dentro,0.0,Carlos Antonio Lopez,47425931B68288210369320,dentro,0.0
43,23 kV,-26.22616753,-57.179908382,SE023kV_CAAPUCU,23 kV,0.4,0.0,OPERATIVA,PARAGUARI,63826900B9584917578086,dentro,0.0,Caapucu,47425931B30600936267383,dentro,0.0
44,23 kV,-26.174542338,-56.371517075,SE023kV_CAAZAPA,23 kV,0.6,0.0,OPERATIVA,CAAZAPA,63826900B61362972321879,dentro,0.0,Caazapa,47425931B16732947296131,dentro,0.0
45,23 kV,-26.062214044,-55.937821735,SE023kV_ABAI,23 kV,0.7,0.0,OPERATIVA,CAAZAPA,63826900B61362972321879,dentro,0.0,Abai,47425931B42862807346085,dentro,0.0
46,23 kV,-26.010247065,-55.125600971,SE023kV_NARANJAL,23 kV,1.4,0.0,OPERATIVA,ALTO PARANA,63826900B70318852287741,dentro,0.0,Naranjal,47425931B4838890923152,dentro,0.0
47,23 kV,-25.98260395,-57.225849071,SE023kV_QUIINDY,23 kV,1.0,0.0,OPERATIVA,PARAGUARI,63826900B9584917578086,dentro,0.0,Quiindy,47425931B40906431776184,dentro,0.0
48,23 kV,-25.874967582,-56.842820699,SE023kV_LA COLMENA,23 kV,0.9,0.0,OPERATIVA,PARAGUARI,63826900B9584917578086,dentro,0.0,La Colmena,47425931B69293333845046,dentro,0.0
49,23 kV,-25.798124375,-56.436405024,SE023kV_VILLARRICA,23 kV,0.4,0.0,OPERATIVA,GUAIRA,63826900B69896036469417,dentro,0.0,Villarrica,47425931B65676015354684,dentro,0.0
50,23 kV,-25.78468799,-55.078884317,SE023kV_SANTA RITA,23 kV,2.6,0.0,OPERATIVA,ALTO PARANA,63826900B70318852287741,dentro,0.0,Santa Rita,47425931B63725749770711,dentro,0.0
51,23 kV,-25.614012013,-57.163829748,SE023kV_PARAGUARI,23 kV,1.6,0.0,OPERATIVA,PARAGUARI,63826900B9584917578086,dentro,0.0,Paraguari,47425931B85309481021662,dentro,0.0
52,23 kV,-25.547365661,-54.620521469,SE023kV_DEL ESTE,23 kV,3.8,0.0,OPERATIVA,ALTO PARANA,63826900B70318852287741,dentro,0.0,Presidente Franco,47425931B38002269801439,dentro,0.0
53,23 kV,-25.514565065,-54.605627148,SE023kV_MICROCENTRO,23 kV,2.4,0.0,OPERATIVA,ALTO PARANA,63826900B70318852287741,dentro,0.0,Ciudad Del Este,47425931B11106489367455,dentro,0.0
54,23 kV,-25.512116864,-54.632077921,SE023kV_ALTO PARANA,23 kV,5.9,0.0,OPERATIVA,ALTO PARANA,63826900B70318852287741,dentro,0.0,Ciudad Del Este,47425931B11106489367455,dentro,0.0
55,23 kV,-25.499759367,-57.55389424,SE023kV_VILLETA,23 kV,3.2,0.0,OPERATIVA,CENTRAL,63826900B88193761383216,dentro,0.0,Villeta,47425931B85980467085082,dentro,0.0
56,23 kV,-25.496235155,-54.740443538,SE023kV_KILOMETRO 15,23 kV,2.4,1.0,OPERATIVA,ALTO PARANA,63826900B70318852287741,dentro,0.0,Minga Guazu,47425931B78858400200238,dentro,0.0
57,23 kV,-25.485412792,-55.998526814,SE023kV_CAAGUAZU,23 kV,3.1,0.0,OPERATIVA,CAAGUAZU,63826900B47245134487422,dentro,0.0,Caaguazu,47425931B75629081297977,dentro,0.0
58,23 kV,-25.442814636,-55.244865441,SE023kV_J LEON MALLORQUIN,23 kV,1.1,0.0,OPERATIVA,ALTO PARANA,63826900B70318852287741,dentro,0.0,Dr. Juan Leon Mallorquin,47425931B37596236336731,dentro,0.0
59,23 kV,-25.421796872,-54.636111127,SE023kV_HERNANDARIAS,23 kV,2.4,0.0,OPERATIVA,ALTO PARANA,63826900B70318852287741,dentro,0.0,Hernandarias,47425931B94368242537518,dentro,0.0
60,23 kV,-25.413371497,-55.598717848,SE023kV_CAMPO DOS,23 kV,1.4,0.0,OPERATIVA,CAAGUAZU,63826900B47245134487422,dentro,0.0,J Eulogio Estigarribia,47425931B47523572810321,dentro,0.0
61,23 kV,-25.400462368,-57.318769806,SE023kV_ITAUGUA,23 kV,3.7,0.0,OPERATIVA,CENTRAL,63826900B88193761383216,dentro,0.0,Itaugua,47425931B6791761944562,dentro,0.0
62,23 kV,-25.393084323,-57.576248025,SE023kV_SAN ANTONIO,23 kV,4.6,0.0,OPERATIVA,CENTRAL,63826900B88193761383216,dentro,0.0,Villa Elisa,47425931B48812642797604,dentro,0.0
63,23 kV,-25.381046821,-57.483264371,SE023kV_LA VICTORIA,23 kV,5.5,0.0,OPERATIVA,CENTRAL,63826900B88193761383216,dentro,0.0,Capiata,47425931B8511715364309,dentro,0.0
64,23 kV,-25.378865826,-57.146644261,SE023kV_CAACUPE,23 kV,1.1,0.0,OPERATIVA,CORDILLERA,63826900B75072183549736,dentro,0.0,Caacupe,47425931B92179492221821,dentro,0.0
65,23 kV,-25.364040643,-57.413716853,SE023kV_CAPIATA,23 kV,0.0,0.0,OPERATIVA,CENTRAL,63826900B88193761383216,dentro,0.0,Capiata,47425931B8511715364309,dentro,0.0
66,23 kV,-25.353626557,-57.57024736,SE023kV_TRES BOCAS,23 kV,2.4,0.0,OPERATIVA,CENTRAL,63826900B88193761383216,dentro,0.0,Fernando De La Mora,47425931B42548992091348,dentro,0.0
67,23 kV,-25.328453784,-57.568313632,SE023kV_FDO DE LA MORA,23 kV,1.6,0.0,OPERATIVA,CENTRAL,63826900B88193761383216,dentro,0.0,Fernando De La Mora,47425931B42548992091348,dentro,0.0
68,23 kV,-25.313467183,-57.633879859,SE023kV_REPUBLICANO,23 kV,3.4,0.0,OPERATIVA,ASUNCION,63826900B42428386495226,dentro,0.0,Asuncion,47425931B88739802745947,dentro,0.0
69,23 kV,-25.313197689,-57.63423038,SE023kV_VILLA ELISA,23 kV,3.3,0.0,OPERATIVA,ASUNCION,63826900B42428386495226,dentro,0.0,Asuncion,47425931B88739802745947,dentro,0.0
70,23 kV,-25.295918786,-57.643405037,SE023kV_GENERAL DIAZ,23 kV,2.4,0.0,OPERATIVA,ASUNCION,63826900B42428386495226,dentro,0.0,Asuncion,47425931B88739802745947,dentro,0.0
71,23 kV,-25.29514196,-57.568494183,SE023kV_BARRIO PARQUE,23 kV,7.2,0.0,OPERATIVA,ASUNCION,63826900B42428386495226,dentro,0.0,Asuncion,47425931B88739802745947,dentro,0.0
72,23 kV,-25.288595158,-57.611947082,SE023kV_SAN MIGUEL,23 kV,2.3,1.0,OPERATIVA,ASUNCION,63826900B42428386495226,dentro,0.0,Asuncion,47425931B88739802745947,dentro,0.0
73,23 kV,-25.285104475,-57.46796418,SE023kV_LUQUE,23 kV,4.0,,OPERATIVA,CENTRAL,63826900B88193761383216,dentro,0.0,Luque,47425931B39490307858483,dentro,0.0
74,23 kV,-25.283363373,-57.638216863,SE023kV_CENTRAL,23 kV,1.0,0.0,OPERATIVA,ASUNCION,63826900B42428386495226,dentro,0.0,Asuncion,47425931B88739802745947,dentro,0.0
75,23 kV,-25.269198851,-57.570100355,SE023kV_MBURUCUYA,23 kV,1.6,0.0,OPERATIVA,ASUNCION,63826900B42428386495226,dentro,0.0,Asuncion,47425931B88739802745947,dentro,0.0
76,23 kV,-25.226343415,-57.549549256,SE023kV_MRA,23 kV,0.0,0.0,OPERATIVA,CENTRAL,63826900B88193761383216,dentro,0.0,Mariano Roque Alonso,47425931B65990443512434,dentro,0.0
77,23 kV,-25.155348662,-56.354550436,SE023kV_CARAYAO,23 kV,1.4,0.0,OPERATIVA,CAAGUAZU,63826900B47245134487422,dentro,0.0,Carayao,47425931B99147775286409,dentro,0.0
78,23 kV,-25.074849649,-57.53088085,SE023kV_CIUDAD NUEVA,23 kV,0.0,0.0,OPERATIVA,PRESIDENTE HAYES,63826900B99929286362746,dentro,0.0,Villa Hayes,47425931B43221842999646,dentro,0.0
79,23 kV,-24.979041599,-55.824243662,SE023kV_VAQUERIA,23 kV,1.3,0.0,OPERATIVA,CAAGUAZU,63826900B47245134487422,dentro,0.0,Vaqueria,47425931B16902801985593,dentro,0.0
80,23 kV,-24.793689232,-54.890438158,SE023kV_MINGA PORA,23 kV,0.9,0.0,OPERATIVA,ALTO PARANA,63826900B70318852287741,dentro,0.0,Minga Pora,47425931B3103726420409,dentro,0.0
81,23 kV,-24.669240686,-56.393804672,SE023kV_SAN ESTANISLAO,23 kV,1.4,0.0,OPERATIVA,SAN PEDRO,63826900B6371140935910,dentro,0.0,San Estanislao,47425931B61785063795296,dentro,0.0
82,23 kV,-24.488971022,-56.874849443,SE023kV_ITACURUBI DEL ROSARIO,23 kV,1.6,0.0,OPERATIVA,SAN PEDRO,63826900B6371140935910,dentro,0.0,General Elizardo Aquino,47425931B98634928608800,dentro,0.0
83,23 kV,-24.483964644,-55.612438129,SE023kV_JEPOPYHY,23 kV,1.1,0.0,OPERATIVA,CANINDEYU,63826900B71996717464066,dentro,0.0,Curuguaty,47425931B41311883750072,dentro,0.0
84,23 kV,-24.481188448,-55.686485613,SE023kV_CURUGUATY,23 kV,1.4,0.0,OPERATIVA,CANINDEYU,63826900B71996717464066,dentro,0.0,Curuguaty,47425931B41311883750072,dentro,0.0
85,23 kV,-24.318291157,-56.428016048,SE023kV_BARRIO SAN PEDRO,23 kV,0.0,0.0,OPERATIVA,SAN PEDRO,63826900B6371140935910,dentro,0.0,Guajayvi,47425931B96580387054733,dentro,0.0
86,23 kV,-24.258165247,-54.781116457,SE023kV_KATUEKE,23 kV,2.4,0.0,OPERATIVA,CANINDEYU,63826900B71996717464066,dentro,0.0,Katuete,47425931B92462026840076,dentro,0.0
87,23 kV,-24.089228437,-57.086054296,SE023kV_SAN PEDRO NORTE,23 kV,1.5,1.0,OPERATIVA,SAN PEDRO,63826900B6371140935910,dentro,0.0,San Pedro Del Ykuamandiyu,47425931B54226741111759,dentro,0.0
88,23 kV,-24.041988571,-54.373216871,SE023kV_SALTO DEL GUAIRA,23 kV,2.2,0.0,OPERATIVA,CANINDEYU,63826900B71996717464066,dentro,0.0,Saltos Del Guaira,47425931B10284167563225,dentro,0.0
89,23 kV,-23.405939897,-57.408167465,SE023kV_CONCEPCION,23 kV,0.7,0.0,OPERATIVA,CONCEPCION,63826900B27882980507950,dentro,0.0,Concepcion,47425931B17893195848656,dentro,0.0
90,23 kV,-23.28787184,-55.582550257,SE023kV_CAP BADO,23 kV,0.0,0.0,OPERATIVA,AMAMBAY,63826900B22649219267943,dentro,0.0,Capitan Bado,47425931B93895059910813,dentro,0.0
91,23 kV,-22.982695668,-56.557990978,SE023kV_YBY YAU,23 kV,0.6,0.0,OPERATIVA,CONCEPCION,63826900B27882980507950,dentro,0.0,Yvy Ya´U,47425931B60333943921594,dentro,0.0
92,23 kV,-22.728704232,-56.2828611,SE023kV_CRUCE BELLA VISTA,23 kV,0.4,0.0,OPERATIVA,CONCEPCION,63826900B27882980507950,dentro,0.0,Yvy Ya´U,47425931B60333943921594,dentro,0.0
93,23 kV,-22.552649773,-55.728841355,SE023kV_PJC,23 kV,1.5,0.0,OPERATIVA,AMAMBAY,63826900B22649219267943,dentro,0.0,Pedro Juan Caballero,47425931B46189094185785,dentro,0.0
94,23 kV,-22.380113026,-60.035680106,SE023kV_FILADELFIA,23 kV,0.8,0.0,OPERATIVA,BOQUERON,63826900B91663486125533,dentro,0.0,Filadelfia,47425931B94838681343765,dentro,0.0
95,23 kV,-22.174849996,-57.954721222,SE023kV_VALLEMI-2,23 kV,0.4,0.0,OPERATIVA,CONCEPCION,63826900B27882980507950,dentro,0.0,San Lazaro,47425931B13877511064048,dentro,0.0
96,23 kV,-22.011788948,-60.610482953,SE023kV_MCAL ESTIGARRIBIA,23 kV,0.5,0.0,OPERATIVA,BOQUERON,63826900B91663486125533,dentro,0.0,Mariscal Estigarribia,47425931B26005780695530,dentro,0.0
97,500 kV,-27.4823,-56.736145,GEN-YACYRETA,500 kV,0.0,0.0,OPERATIVA,ITAPUA,63826900B60028824512427,dentro,0.0,San Cosme Y Damian,47425931B11559907050276,dentro,0.0
98,500 kV,-27.362942598,-56.78543371,SE500kV_AYOLAS,500 kV,0.0,0.0,OPERATIVA,MISIONES,63826900B67002830619694,dentro,0.0,Ayolas,47425931B21436275260481,dentro,0.0
99,500 kV,-25.51020717,-56.871598515,SE500kV_VALENZUELA,500 kV,1.0,135.5,OPERATIVA,CORDILLERA,63826900B75072183549736,dentro,0.0,Valenzuela,47425931B15412407505773,dentro,0.0
100,500 kV,-25.482554587,-55.011988784,SE500kV_YGUAZU,500 kV,1.0,1.0,OPERATIVA,ALTO PARANA,63826900B70318852287741,dentro,0.0,Yguazu,47425931B47336251724548,dentro,0.0
101,500 kV,-25.406993876,-54.594711165,GEN-ITAIPU,500 kV,0.0,0.0,OPERATIVA,ALTO PARANA,63826900B70318852287741,dentro,0.0,Hernandarias,47425931B94368242537518,dentro,0.0
102,500 kV,-25.173322758,-57.586810033,SE500kV_VILLA HAYES,500 kV,4.1,22.7,OPERATIVA,PRESIDENTE HAYES,63826900B99929286362746,dentro,0.0,Villa Hayes,47425931B43221842999646,dentro,0.0
103,66 kV,-25.784906987,-56.450539574,SE066kV_CLYFSA,66 kV,0.0,0.0,OPERATIVA,GUAIRA,63826900B69896036469417,dentro,0.0,Villarrica,47425931B65676015354684,dentro,0.0
104,66 kV,-25.458247177,-54.623476587,SE066kV_ACARAY,66 kV,1.9,39.6,OPERATIVA,ALTO PARANA,63826900B70318852287741,dentro,0.0,Hernandarias,47425931B94368242537518,dentro,0.0
