punto_id,tipo,lat,lon,imp_usd_cif,exp_usd,imp_kg,exp_kg,departamento,departamento_id,departamento_asignacion,departamento_dist_m,distrito,distrito_id,distrito_asignacion,distrito_dist_m
1,Aduana administrativa,-25.2822,-57.635,56,0,50.63,0,ASUNCION,63826900B42428386495226,dentro,0.0,Asuncion,47425931B88739802745947,dentro,0.0
2,Aeropuerto internacional,-25.4558,-54.8434,1630839485,1234763,11318443.0,26,ALTO PARANA,63826900B70318852287741,dentro,0.0,Minga Guazu,47425931B78858400200238,dentro,0.0
3,Aeropuerto internacional,-25.2397,-57.5192,1632224295,156719348,20388485.0,2809096,CENTRAL,63826900B88193761383216,dentro,0.0,Luque,47425931B39490307858483,dentro,0.0
4,Deposito fiscal,-25.3,-57.615,157,0,72.12,0,ASUNCION,63826900B42428386495226,dentro,0.0,Asuncion,47425931B88739802745947,dentro,0.0
5,Deposito fiscal,-25.275,-57.575,371392617,0,24153539.0,0,ASUNCION,63826900B42428386495226,dentro,0.0,Asuncion,47425931B88739802745947,dentro,0.0
6,Deposito fiscal,-24.07,-54.31,13756526,124336487,21572438.0,438160223,CANINDEYU,63826900B71996717464066,dentro,0.0,Saltos Del Guaira,47425931B10284167563225,dentro,0.0
7,Paso fronterizo fluvial,-26.8664,-58.2939,567,0,92.02,0,ÑEEMBUCU,63826900B28816426657500,dentro,0.0,Pilar,47425931B93456312703363,dentro,0.0
8,Paso fronterizo fluvial,-26.318,-55.038,0,0,0.0,0,ITAPUA,63826900B60028824512427,dentro,0.0,Carlos Antonio Lopez,47425931B68288210369320,dentro,0.0
9,Paso fronterizo terrestre,-27.3306,-55.8664,288534864,991682945,257402172.0,0,ITAPUA,63826900B60028824512427,dentro,0.0,Encarnacion,47425931B96706939723019,dentro,0.0
10,Paso fronterizo terrestre,-25.536,-54.615,0,0,0.0,0,ALTO PARANA,63826900B70318852287741,dentro,0.0,Ciudad Del Este,47425931B11106489367455,dentro,0.0
11,Paso fronterizo terrestre,-25.5095,-54.6111,2200968724,247536100,1288422463.0,611688138,ALTO PARANA,63826900B70318852287741,dentro,0.0,Ciudad Del Este,47425931B11106489367455,dentro,0.0
12,Paso fronterizo terrestre,-25.283,-57.883,0,0,0.0,0,,,sin_asignar,0.0,,,sin_asignar,0.0
13,Paso fronterizo terrestre,-22.545,-55.7333,249272384,84200737,320754880.0,143317572,AMAMBAY,63826900B22649219267943,dentro,0.0,Pedro Juan Caballero,47425931B46189094185785,dentro,0.0
14,Paso fronterizo terrestre,-22.13,-57.85,0,0,0.0,0,CONCEPCION,63826900B27882980507950,dentro,0.0,San Lazaro,47425931B13877511064048,dentro,0.0
15,Paso fronterizo terrestre,-21.859,-57.909,0,0,0.0,0,ALTO PARAGUAY,63826900B74384941565078,cercano,2003.940213963654,Carmelo Peralta,47425931B9722261120940,cercano,2003.9402139652907
16,Paso fronterizo terrestre,-21.68,-62.396,3833524,0,192625000.0,0,BOQUERON,63826900B91663486125533,dentro,0.0,Mariscal Estigarribia,47425931B26005780695530,dentro,0.0
17,Paso fronterizo terrestre,-20.55,-62.233,0,0,0.0,0,BOQUERON,63826900B91663486125533,dentro,0.0,Mariscal Estigarribia,47425931B26005780695530,dentro,0.0
18,Paso fronterizo terrestre,-20.517,-62.133,0,0,0.0,0,BOQUERON,63826900B91663486125533,dentro,0.0,Mariscal Estigarribia,47425931B26005780695530,dentro,0.0
19,Paso fronterizo terrestre/fluvial,-25.167,-57.717,483621618,0,457225557.0,0,PRESIDENTE HAYES,63826900B99929286362746,dentro,0.0,Jose Falcon,47425931B72894192936650,dentro,0.0
20,Paso fronterizo terrestre/fluvial,-24.0587,-54.3336,154717926,185355495,592509672.0,624092937,CANINDEYU,63826900B71996717464066,dentro,0.0,Saltos Del Guaira,47425931B10284167563225,dentro,0.0
21,Paso fronterizo vial (represa),-27.3928,-56.8969,0,0,0.0,0,MISIONES,63826900B67002830619694,dentro,0.0,Ayolas,47425931B21436275260481,dentro,0.0
22,Puerto fluvial,-25.335,-57.635,166961462,44427458,255333974.0,3522807,ASUNCION,63826900B42428386495226,dentro,0.0,Asuncion,47425931B88739802745947,dentro,0.0
23,Puerto fluvial,-23.4059,-57.4348,52156262,279959816,203142457.0,874836837,CONCEPCION,63826900B27882980507950,dentro,0.0,Concepcion,47425931B17893195848656,dentro,0.0
24,Puerto fluvial privado,-26.8664,-58.2939,6475196,20036259,2052366.0,41360956,ÑEEMBUCU,63826900B28816426657500,dentro,0.0,Pilar,47425931B93456312703363,dentro,0.0
25,Puerto fluvial privado,-25.62,-57.63,4048550475,1680543115,3485783673.0,490357815,CENTRAL,63826900B88193761383216,dentro,0.0,Villeta,47425931B85980467085082,dentro,0.0
26,Puerto fluvial privado,-25.545,-57.585,2408081341,792367214,867332937.0,598882445,CENTRAL,63826900B88193761383216,cercano,1487.4186913157869,Villeta,47425931B85980467085082,cercano,1487.4186913172298
27,Puerto fluvial privado,-25.517,-57.545,1262210648,758442081,280579719.0,0,CENTRAL,63826900B88193761383216,dentro,0.0,Villeta,47425931B85980467085082,dentro,0.0
28,Puerto fluvial publico (ANNP),-25.517,-57.545,713398310,1381499970,1068238467.0,0,CENTRAL,63826900B88193761383216,dentro,0.0,Villeta,47425931B85980467085082,dentro,0.0
29,"Puerto seco (deposito de contenedores, sin frente fluvial)",-25.35,-57.55,417757436,1208198118,133055462.0,459834374,CENTRAL,63826900B88193761383216,dentro,0.0,San Lorenzo,47425931B59590750807460,dentro,0.0
30,Puerto/paso fluvial,-25.245,-57.605,279736942,47061385,313682044.0,77298834,PRESIDENTE HAYES,63826900B99929286362746,dentro,0.0,Villa Hayes,47425931B43221842999646,dentro,0.0
31,Puesto de control aduanero (transito),-22.034,-60.594,59162747,109760796,93558754.0,104440986,BOQUERON,63826900B91663486125533,dentro,0.0,Mariscal Estigarribia,47425931B26005780695530,dentro,0.0
32,Terminal de cargas terrestre,-25.48,-54.72,380459399,1333628214,62826764.0,0,ALTO PARANA,63826900B70318852287741,dentro,0.0,Ciudad Del Este,47425931B11106489367455,dentro,0.0
33,Terminal privada,-25.53,-57.55,2738913749,1369614333,917740062.56,1382819467,CENTRAL,63826900B88193761383216,dentro,0.0,Villeta,47425931B85980467085082,dentro,0.0
34,Zona franca,-25.52,-54.62,0,0,0.0,0,ALTO PARANA,63826900B70318852287741,dentro,0.0,Ciudad Del Este,47425931B11106489367455,dentro,0.0
35,Zona franca,-25.51,-54.61,449401607,24795120,31193834.0,2233509,ALTO PARANA,63826900B70318852287741,dentro,0.0,Ciudad Del Este,47425931B11106489367455,dentro,0.0
