punto_id,tipo,lat,lon,imp_usd_cif,exp_usd,imp_kg,exp_kg
1,Aduana administrativa,-25.2822,-57.635,56,0,50.63,0
2,Aeropuerto internacional,-25.4558,-54.8434,1630839485,1234763,11318443.0,26
3,Aeropuerto internacional,-25.2397,-57.5192,1632224295,156719348,20388485.0,2809096
4,Deposito fiscal,-25.3,-57.615,157,0,72.12,0
5,Deposito fiscal,-25.275,-57.575,371392617,0,24153539.0,0
6,Deposito fiscal,-24.07,-54.31,13756526,124336487,21572438.0,438160223
7,Paso fronterizo fluvial,-26.8664,-58.2939,567,0,92.02,0
8,Paso fronterizo fluvial,-26.318,-55.038,0,0,0.0,0
9,Paso fronterizo terrestre,-27.3306,-55.8664,288534864,991682945,257402172.0,0
10,Paso fronterizo terrestre,-25.536,-54.615,0,0,0.0,0
11,Paso fronterizo terrestre,-25.5095,-54.6111,2200968724,247536100,1288422463.0,611688138
12,Paso fronterizo terrestre,-25.283,-57.883,0,0,0.0,0
13,Paso fronterizo terrestre,-22.545,-55.7333,249272384,84200737,320754880.0,143317572
14,Paso fronterizo terrestre,-22.13,-57.85,0,0,0.0,0
15,Paso fronterizo terrestre,-21.859,-57.909,0,0,0.0,0
16,Paso fronterizo terrestre,-21.68,-62.396,3833524,0,192625000.0,0
17,Paso fronterizo terrestre,-20.55,-62.233,0,0,0.0,0
18,Paso fronterizo terrestre,-20.517,-62.133,0,0,0.0,0
19,Paso fronterizo terrestre/fluvial,-25.167,-57.717,483621618,0,457225557.0,0
20,Paso fronterizo terrestre/fluvial,-24.0587,-54.3336,154717926,185355495,592509672.0,624092937
21,Paso fronterizo vial (represa),-27.3928,-56.8969,0,0,0.0,0
22,Puerto fluvial,-25.335,-57.635,166961462,44427458,255333974.0,3522807
23,Puerto fluvial,-23.4059,-57.4348,52156262,279959816,203142457.0,874836837
24,Puerto fluvial privado,-26.8664,-58.2939,6475196,20036259,2052366.0,41360956
25,Puerto fluvial privado,-25.62,-57.63,4048550475,1680543115,3485783673.0,490357815
26,Puerto fluvial privado,-25.545,-57.585,2408081341,792367214,867332937.0,598882445
27,Puerto fluvial privado,-25.517,-57.545,1262210648,758442081,280579719.0,0
28,Puerto fluvial publico (ANNP),-25.517,-57.545,713398310,1381499970,1068238467.0,0
29,"Puerto seco (deposito de contenedores, sin frente fluvial)",-25.35,-57.55,417757436,1208198118,133055462.0,459834374
30,Puerto/paso fluvial,-25.245,-57.605,279736942,47061385,313682044.0,77298834
31,Puesto de control aduanero (transito),-22.034,-60.594,59162747,109760796,93558754.0,104440986
32,Terminal de cargas terrestre,-25.48,-54.72,380459399,1333628214,62826764.0,0
33,Terminal privada,-25.53,-57.55,2738913749,1369614333,917740062.56,1382819467
34,Zona franca,-25.52,-54.62,0,0,0.0,0
35,Zona franca,-25.51,-54.61,449401607,24795120,31193834.0,2233509
