sector_mic,subsector_mic,sector_id,confianza,ciiu4,peso
AGROINDUSTRIA Y PRODUCCION PRIMARIA,AGROINDUSTRIA GENERAL,,sin_sector,,0.0
AGROINDUSTRIA Y PRODUCCION PRIMARIA,APICULTURA Y MIEL,S03,media,0149,0.3
AGROINDUSTRIA Y PRODUCCION PRIMARIA,APICULTURA Y MIEL,S17,media,1079,0.7
AGROINDUSTRIA Y PRODUCCION PRIMARIA,BALANCEADOS Y NUTRICION ANIMAL,S18,alta,1080,1.0
AGROINDUSTRIA Y PRODUCCION PRIMARIA,PRODUCCION PECUARIA Y GRANJAS,S03,media,0141,0.2
AGROINDUSTRIA Y PRODUCCION PRIMARIA,PRODUCCION PECUARIA Y GRANJAS,S04,media,"0145,0146",0.8
AGROINDUSTRIA Y PRODUCCION PRIMARIA,"SILOS, ACOPIO Y GRANOS",S05,media,0163,0.8
AGROINDUSTRIA Y PRODUCCION PRIMARIA,"SILOS, ACOPIO Y GRANOS",S12,media,1061,0.2
AGROINDUSTRIA Y PRODUCCION PRIMARIA,TABACO Y DERIVADOS,S20,alta,1200,1.0
ALIMENTOS Y BEBIDAS,ACEITES Y OLEAGINOSAS,S11,alta,1040,1.0
ALIMENTOS Y BEBIDAS,ALIMENTOS PROCESADOS,S15,baja,1030,0.25
ALIMENTOS Y BEBIDAS,ALIMENTOS PROCESADOS,S17,baja,"1075,1079",0.75
ALIMENTOS Y BEBIDAS,"AZUCAR, ALCOHOL Y CANA",S16,media,1072,0.6
ALIMENTOS Y BEBIDAS,"AZUCAR, ALCOHOL Y CANA",S19,media,1101,0.2
ALIMENTOS Y BEBIDAS,"AZUCAR, ALCOHOL Y CANA",S29,media,2011,0.2
ALIMENTOS Y BEBIDAS,BEBIDAS Y AGUA,S19,alta,1104,1.0
ALIMENTOS Y BEBIDAS,EMBUTIDOS Y FIAMBRES,S09,alta,1010,1.0
ALIMENTOS Y BEBIDAS,"ESENCIAS, AROMAS Y EXTRACTOS",S17,baja,1079,0.5
ALIMENTOS Y BEBIDAS,"ESENCIAS, AROMAS Y EXTRACTOS",S30,baja,2029,0.5
ALIMENTOS Y BEBIDAS,FRIGORIFICOS Y CARNICOS,S09,alta,1010,1.0
ALIMENTOS Y BEBIDAS,HELADOS,S10,alta,1050,1.0
ALIMENTOS Y BEBIDAS,HIELO Y AGUA,S19,media,1104,0.5
ALIMENTOS Y BEBIDAS,HIELO Y AGUA,S45,media,3530,0.5
ALIMENTOS Y BEBIDAS,LACTEOS,S10,alta,1050,1.0
ALIMENTOS Y BEBIDAS,"MOLINERIA, HARINAS Y ALMIDONES",S12,media,1061,0.7
ALIMENTOS Y BEBIDAS,"MOLINERIA, HARINAS Y ALMIDONES",S17,media,1062,0.3
ALIMENTOS Y BEBIDAS,PANIFICADOS Y CONFITERIA,S13,media,1071,0.8
ALIMENTOS Y BEBIDAS,PANIFICADOS Y CONFITERIA,S14,media,1073,0.2
ALIMENTOS Y BEBIDAS,PASTAS Y FIDEOS,S14,alta,1074,1.0
ALIMENTOS Y BEBIDAS,YERBA MATE Y HIERBAS,S17,media,1079,1.0
"ARTESANIA, JOYERIA Y OTROS",ARTESANIA Y MANUALIDADES,S21,baja,1392,0.4
"ARTESANIA, JOYERIA Y OTROS",ARTESANIA Y MANUALIDADES,S43,baja,3290,0.6
BALANCEADOS Y NUTRICION ANIMAL,FABRICA DE BALANCEADOS DE LA COOPERATIVA,S18,alta,1080,1.0
"ELECTRICIDAD, ELECTRONICA Y REFRIGERACION",ELECTRICIDAD Y ELECTRONICA,S40,media,2790,1.0
"ELECTRICIDAD, ELECTRONICA Y REFRIGERACION",REFRIGERACION Y CLIMATIZACION,S39,baja,2819,0.5
"ELECTRICIDAD, ELECTRONICA Y REFRIGERACION",REFRIGERACION Y CLIMATIZACION,S48,baja,4322,0.5
"ENERGIA, COMBUSTIBLES Y DERIVADOS","CARBON, LENA Y COMBUSTIBLES SOLIDOS",S06,baja,0220,0.7
"ENERGIA, COMBUSTIBLES Y DERIVADOS","CARBON, LENA Y COMBUSTIBLES SOLIDOS",S28,baja,1920,0.3
"ENERGIA, COMBUSTIBLES Y DERIVADOS",COMBUSTIBLES Y LUBRICANTES,S28,baja,1920,0.5
"ENERGIA, COMBUSTIBLES Y DERIVADOS",COMBUSTIBLES Y LUBRICANTES,S50,baja,4730,0.5
MADERA Y MUEBLES,ASERRADEROS Y MADERA ASERRADA,S24,alta,1610,1.0
MADERA Y MUEBLES,"CAJAS, ENVASES Y EMBALAJES DE MADERA",S24,alta,1623,1.0
MADERA Y MUEBLES,CARPINTERIA Y EBANISTERIA,S24,media,1622,0.6
MADERA Y MUEBLES,CARPINTERIA Y EBANISTERIA,S25,media,3100,0.4
MADERA Y MUEBLES,MUEBLES Y MOBILIARIO,S25,alta,3100,1.0
MADERA Y MUEBLES,PRODUCTOS DE MADERA,S24,alta,1629,1.0
"MAQUINARIA, EQUIPOS Y REPUESTOS",BASCULAS Y BALANZAS,S39,media,2829,1.0
"MAQUINARIA, EQUIPOS Y REPUESTOS","MAQUINARIA, EQUIPOS Y REPUESTOS",S39,media,2829,0.6
"MAQUINARIA, EQUIPOS Y REPUESTOS","MAQUINARIA, EQUIPOS Y REPUESTOS",S41,media,2930,0.2
"MAQUINARIA, EQUIPOS Y REPUESTOS","MAQUINARIA, EQUIPOS Y REPUESTOS",S44,media,3312,0.2
METALMECANICA Y ESTRUCTURAS,ALUMINIO Y ABERTURAS,S38,alta,2511,1.0
METALMECANICA Y ESTRUCTURAS,ASTILLEROS Y EMBARCACIONES,S42,alta,3011,1.0
METALMECANICA Y ESTRUCTURAS,HERRERIA Y ESTRUCTURAS METALICAS,S38,alta,2511,1.0
METALMECANICA Y ESTRUCTURAS,HOJALATERIA Y CHAPERIA,S38,baja,2599,0.5
METALMECANICA Y ESTRUCTURAS,HOJALATERIA Y CHAPERIA,S50,baja,4520,0.5
METALMECANICA Y ESTRUCTURAS,METALURGIA Y FUNDICION,S36,alta,2431,1.0
METALMECANICA Y ESTRUCTURAS,METALURGIA Y METALMECANICA,S37,media,2420,0.3
METALMECANICA Y ESTRUCTURAS,METALURGIA Y METALMECANICA,S38,media,2599,0.7
METALMECANICA Y ESTRUCTURAS,PRODUCTOS METALICOS,S38,alta,2599,1.0
METALMECANICA Y ESTRUCTURAS,TORNERIA Y MECANIZADO,S38,alta,2592,1.0
MINERALES NO METALICOS Y MATERIALES,"BALDOSAS, MARMOL Y REVESTIMIENTOS",S35,alta,2396,1.0
MINERALES NO METALICOS Y MATERIALES,CAL Y DERIVADOS,S33,alta,2394,1.0
MINERALES NO METALICOS Y MATERIALES,CANTERAS Y ARIDOS,S08,alta,0810,1.0
MINERALES NO METALICOS Y MATERIALES,"CEMENTO, YESO Y AFINES",S33,alta,2394,1.0
MINERALES NO METALICOS Y MATERIALES,"CERAMICA, LADRILLOS Y OLERIA",S34,alta,2392,1.0
MINERALES NO METALICOS Y MATERIALES,MATERIALES DE CONSTRUCCION,S33,media,2395,0.5
MINERALES NO METALICOS Y MATERIALES,MATERIALES DE CONSTRUCCION,S35,media,2399,0.5
MINERALES NO METALICOS Y MATERIALES,PREFABRICADOS Y HORMIGON,S33,alta,2395,1.0
MINERALES NO METALICOS Y MATERIALES,VIDRIO Y VIDRIERIA,S35,alta,2310,1.0
MUEBLES Y MOBILIARIO,FABRICA Y VENTA DE MOBILIARIO DE METAL Y CARPINTERIA,S25,media,3100,1.0
OTRAS INDUSTRIAS Y MULTIACTIVIDAD,INDUSTRIA GENERAL Y MULTIACTIVIDAD,,sin_sector,,0.0
OTRAS INDUSTRIAS Y MULTIACTIVIDAD,OTROS INDUSTRIALES,,sin_sector,,0.0
"PAPEL, CARTON E IMPRESION","GRAFICA, IMPRENTA Y SENALETICA",S27,alta,1811,1.0
"PAPEL, CARTON E IMPRESION","PAPEL, CARTON Y EMBALAJES",S26,alta,1702,1.0
"PLASTICOS, CAUCHO Y ENVASES",BOLSAS Y ENVASES PLASTICOS,S32,alta,2220,1.0
"PLASTICOS, CAUCHO Y ENVASES",CAUCHO Y GOMA,S32,alta,2219,1.0
"PLASTICOS, CAUCHO Y ENVASES",PLASTICOS Y ENVASES,S32,alta,2220,1.0
"QUIMICOS, LIMPIEZA Y COSMETICA",AGROQUIMICOS Y FERTILIZANTES,S29,alta,2021,1.0
"QUIMICOS, LIMPIEZA Y COSMETICA",COSMETICA Y PERFUMERIA,S30,alta,2023,1.0
"QUIMICOS, LIMPIEZA Y COSMETICA",PINTURAS Y RECUBRIMIENTOS,S30,alta,2022,1.0
"QUIMICOS, LIMPIEZA Y COSMETICA",PRODUCTOS DE LIMPIEZA,S30,alta,2023,1.0
"QUIMICOS, LIMPIEZA Y COSMETICA","QUIMICOS, FARMACIA Y LABORATORIO",S29,media,2011,0.2
"QUIMICOS, LIMPIEZA Y COSMETICA","QUIMICOS, FARMACIA Y LABORATORIO",S30,media,2029,0.4
"QUIMICOS, LIMPIEZA Y COSMETICA","QUIMICOS, FARMACIA Y LABORATORIO",S31,media,2100,0.4
RECICLAJE Y GESTION DE RESIDUOS,RECICLAJE DE PAPEL Y CARTON,S47,alta,3830,1.0
RECICLAJE Y GESTION DE RESIDUOS,RECICLAJE DE PLASTICOS,S47,alta,3830,1.0
RECICLAJE Y GESTION DE RESIDUOS,RECICLAJE GENERAL,S47,alta,3830,1.0
RECICLAJE Y GESTION DE RESIDUOS,RECICLAJE METALICO,S47,alta,3830,1.0
SERVICIOS INDUSTRIALES Y MANTENIMIENTO,SERVICIOS INDUSTRIALES Y MANTENIMIENTO,S44,media,3312,1.0
"TEXTIL, CONFECCION Y CUERO",CALZADOS,S23,alta,1520,1.0
"TEXTIL, CONFECCION Y CUERO","COLCHONES, TAPICERIA Y HOGAR",S21,baja,1392,0.3
"TEXTIL, CONFECCION Y CUERO","COLCHONES, TAPICERIA Y HOGAR",S25,baja,3100,0.5
"TEXTIL, CONFECCION Y CUERO","COLCHONES, TAPICERIA Y HOGAR",S67,baja,9524,0.2
"TEXTIL, CONFECCION Y CUERO",CONFECCION E INDUMENTARIA,S22,alta,1410,1.0
"TEXTIL, CONFECCION Y CUERO",CUERO Y MARROQUINERIA,S23,alta,1512,1.0
"TEXTIL, CONFECCION Y CUERO",TEXTILES Y TEJIDOS,S21,alta,1311,1.0
TEXTILES Y TEJIDOS,FABRICA DE HAMACAS Y COLCHAS DE LA COOPERATIVA,S21,alta,1392,1.0
