cnaep,sector_id,peso,ciiu4,confianza
01110,S01,1.0,0112,alta
01121,S01,1.0,0111,alta
01122,S01,1.0,0111,alta
01123,S01,1.0,0111,alta
01124,S01,1.0,0111,alta
01125,S01,1.0,0111,alta
01126,S01,1.0,0111,alta
01129,S01,1.0,0111,alta
01131,S01,1.0,0113,alta
01132,S01,1.0,0113,alta
01133,S01,1.0,0113,alta
01140,S01,1.0,0114,alta
01150,S01,1.0,0115,alta
01161,S01,1.0,0116,alta
01169,S01,1.0,0116,alta
01191,S01,1.0,0119,alta
01192,S01,1.0,0119,alta
01199,S01,1.0,0119,alta
01210,S02,1.0,0121,alta
01221,S02,1.0,0122,alta
01222,S02,1.0,0122,alta
01223,S02,1.0,0122,alta
01224,S02,1.0,0122,alta
01229,S02,1.0,0122,alta
01231,S02,1.0,0123,alta
01232,S02,1.0,0123,alta
01233,S02,1.0,0123,alta
01234,S02,1.0,0123,alta
01235,S02,1.0,0123,alta
01239,S02,1.0,0123,alta
01240,S02,1.0,0124,alta
01250,S02,1.0,0125,alta
01260,S02,1.0,0126,alta
01271,S02,1.0,0127,alta
01272,S02,1.0,0127,alta
01273,S02,1.0,0127,alta
01274,S02,1.0,0127,alta
01280,S02,1.0,0128,alta
01291,S02,1.0,0129,alta
01299,S02,1.0,0129,alta
01300,S02,1.0,0130,alta
01411,S03,1.0,0141,alta
01412,S03,1.0,0141,alta
01419,S03,1.0,0141,alta
01420,S03,1.0,0142,alta
01430,S03,1.0,0143,alta
01440,S03,1.0,0144,alta
01450,S04,1.0,0145,alta
01461,S04,1.0,0146,alta
01462,S04,1.0,0146,alta
01491,S03,1.0,0149,alta
01492,S03,1.0,0149,alta
01499,S03,1.0,0149,alta
01500,S05,1.0,0150,alta
01611,S05,1.0,0161,alta
01612,S05,1.0,0161,alta
01613,S05,1.0,0163,alta
01614,S05,1.0,0164,alta
01619,S05,1.0,0161,alta
01621,S03,1.0,0162,alta
01622,S03,1.0,0162,alta
01629,S03,1.0,0162,alta
01700,S03,1.0,0170,alta
02101,S06,1.0,0210,alta
02102,S06,1.0,0210,alta
02103,S06,1.0,0210,alta
02201,S06,1.0,0220,alta
02209,S06,1.0,0220,alta
02300,S06,1.0,0230,alta
02400,S06,1.0,0240,alta
03110,S07,1.0,0311,alta
03120,S07,1.0,0312,alta
03210,S07,1.0,0321,alta
03220,S07,1.0,0322,alta
05100,S08,1.0,0510,alta
05200,S08,1.0,0520,alta
06100,S08,1.0,0610,alta
06200,S08,1.0,0620,alta
07100,S08,1.0,0710,alta
07210,S08,1.0,0721,alta
07290,S08,1.0,0729,alta
08101,S08,1.0,0810,alta
08102,S08,1.0,0810,alta
08103,S08,1.0,0810,alta
08104,S08,1.0,0810,alta
08910,S08,1.0,0891,alta
08920,S08,1.0,0892,alta
08930,S08,1.0,0893,alta
08990,S08,1.0,0899,alta
09100,S08,1.0,0910,alta
09900,S08,1.0,0990,alta
10101,S09,1.0,1010,alta
10102,S09,1.0,1010,alta
10103,S09,1.0,1010,alta
10109,S09,1.0,1010,alta
10200,S15,1.0,1020,alta
10301,S15,1.0,1030,alta
10302,S15,1.0,1030,alta
10400,S11,1.0,1040,alta
10501,S10,1.0,1050,alta
10502,S10,1.0,1050,alta
10611,S12,1.0,1061,alta
10612,S12,1.0,1061,alta
10613,S12,1.0,1061,alta
10619,S12,1.0,1061,alta
10620,S17,1.0,1062,alta
10700,S18,1.0,1080,alta
10911,S13,1.0,1071,alta
10912,S13,1.0,1071,alta
10919,S13,1.0,1071,alta
10920,S16,1.0,1072,alta
10930,S14,1.0,1073,alta
10940,S14,1.0,1074,alta
10950,S17,1.0,1079,alta
10961,S17,1.0,1079,alta
10962,S17,1.0,1079,alta
10970,S17,1.0,1075,alta
10991,S45,1.0,3530,alta
10999,S17,1.0,1079,alta
11110,S19,1.0,1101,alta
11120,S19,1.0,1102,alta
11130,S19,1.0,1103,alta
11210,S19,1.0,1104,alta
11290,S19,1.0,1104,alta
12000,S20,1.0,1200,alta
13111,S21,1.0,1311,alta
13119,S21,1.0,1311,alta
13120,S21,1.0,1312,alta
13130,S21,1.0,1313,alta
13910,S21,1.0,1391,alta
13920,S21,1.0,1392,alta
13930,S21,1.0,1393,alta
13940,S21,1.0,1394,alta
13990,S21,1.0,1399,alta
14101,S22,1.0,1410,alta
14102,S22,1.0,1410,alta
14103,S22,1.0,1410,alta
14200,S22,1.0,1420,alta
14300,S22,1.0,1430,alta
15110,S23,1.0,1511,alta
15121,S23,1.0,1512,alta
15129,S23,1.0,1512,alta
15201,S23,1.0,1520,alta
15202,S23,1.0,1520,alta
15209,S23,1.0,1520,alta
16100,S24,1.0,1610,alta
16210,S24,1.0,1621,alta
16220,S24,1.0,1622,alta
16230,S24,1.0,1623,alta
16290,S24,1.0,1629,alta
17010,S26,1.0,1701,alta
17020,S26,1.0,1702,alta
17090,S26,1.0,1709,alta
18110,S27,1.0,1811,alta
18120,S27,1.0,1812,alta
18200,S27,1.0,1820,alta
19100,S28,1.0,1910,alta
19201,S28,1.0,1920,alta
19209,S28,1.0,1920,alta
20110,S29,1.0,2011,alta
20120,S29,1.0,2012,alta
20130,S29,1.0,2013,alta
20201,S29,1.0,2011,alta
20202,S29,1.0,2011,alta
20209,S29,1.0,2011,alta
20300,S29,1.0,2030,alta
20910,S29,1.0,2021,alta
20920,S30,1.0,2022,alta
20931,S30,1.0,2023,alta
20932,S30,1.0,2023,alta
20939,S30,1.0,2023,alta
20990,S30,1.0,2029,alta
21001,S31,1.0,2100,alta
21002,S31,1.0,2100,alta
21003,S31,1.0,2100,alta
21004,S31,1.0,2100,alta
22111,S32,1.0,2211,alta
22112,S32,1.0,2211,alta
22190,S32,1.0,2219,alta
22210,S32,1.0,2220,alta
22290,S32,1.0,2220,alta
23101,S35,1.0,2310,alta
23102,S35,1.0,2310,alta
23109,S35,1.0,2310,alta
23910,S34,1.0,2391,alta
23920,S34,1.0,2392,alta
23930,S34,1.0,2393,alta
23940,S33,1.0,2394,alta
23950,S33,1.0,2395,alta
23960,S35,1.0,2396,alta
23990,S35,1.0,2399,alta
24100,S36,1.0,2410,alta
24200,S37,1.0,2420,alta
24310,S36,1.0,2431,alta
24320,S36,1.0,2432,alta
25110,S38,1.0,2511,alta
25120,S38,1.0,2512,alta
25130,S38,1.0,2513,alta
25200,S38,1.0,2520,alta
25910,S38,1.0,2591,alta
25920,S38,1.0,2592,alta
25930,S38,1.0,2593,alta
25991,S38,1.0,2599,alta
25992,S38,1.0,2599,alta
25993,S38,1.0,2599,alta
25999,S38,1.0,2599,alta
26100,S40,1.0,2610,alta
26200,S40,1.0,2620,alta
26300,S40,1.0,2630,alta
26400,S40,1.0,2640,alta
26510,S40,1.0,2651,alta
26520,S40,1.0,2652,alta
26600,S40,1.0,2660,alta
26700,S40,1.0,2670,alta
26800,S40,1.0,2680,alta
27100,S40,1.0,2710,alta
27200,S40,1.0,2720,alta
27310,S40,1.0,2731,alta
27320,S40,1.0,2732,alta
27330,S40,1.0,2733,alta
27400,S40,1.0,2740,alta
27500,S40,1.0,2750,alta
27900,S40,1.0,2790,alta
28110,S39,1.0,2811,alta
28120,S39,1.0,2812,alta
28130,S39,1.0,2813,alta
28140,S39,1.0,2814,alta
28150,S39,1.0,2815,alta
28160,S39,1.0,2816,alta
28170,S39,1.0,2817,alta
28180,S39,1.0,2818,alta
28190,S39,1.0,2819,alta
28210,S39,1.0,2821,alta
28220,S39,1.0,2822,alta
28230,S39,1.0,2823,alta
28240,S39,1.0,2824,alta
28250,S39,1.0,2825,alta
28260,S39,1.0,2826,alta
28290,S39,1.0,2829,alta
29101,S41,1.0,2910,alta
29102,S41,1.0,2910,alta
29200,S41,1.0,2920,alta
29300,S41,1.0,2930,alta
30110,S42,1.0,3011,alta
30120,S42,1.0,3012,alta
30200,S42,1.0,3020,alta
30300,S42,1.0,3030,alta
30400,S42,1.0,3040,alta
30910,S42,1.0,3091,alta
30920,S42,1.0,3092,alta
30990,S42,1.0,3099,alta
31001,S25,1.0,3100,alta
31002,S25,1.0,3100,alta
31009,S25,1.0,3100,alta
32110,S43,1.0,3211,alta
32120,S43,1.0,3212,alta
32200,S43,1.0,3220,alta
32300,S43,1.0,3230,alta
32400,S43,1.0,3240,alta
32500,S43,1.0,3250,alta
32901,S43,1.0,3290,alta
32902,S43,1.0,3290,alta
32909,S43,1.0,3290,alta
33110,S44,1.0,3311,alta
33120,S44,1.0,3312,alta
33130,S44,1.0,3313,alta
33140,S44,1.0,3314,alta
33150,S44,1.0,3315,alta
33190,S44,1.0,3319,alta
33200,S44,1.0,3320,alta
35101,S45,1.0,3510,alta
35102,S45,1.0,3510,alta
35200,S45,1.0,3520,alta
35300,S45,1.0,3530,alta
36000,S46,1.0,3600,alta
37000,S46,1.0,3700,alta
38110,S47,1.0,3811,alta
38120,S47,1.0,3812,alta
38210,S47,1.0,3821,alta
38220,S47,1.0,3822,alta
38301,S47,1.0,3830,alta
38302,S47,1.0,3830,alta
39000,S46,1.0,3900,alta
41001,S48,1.0,4100,alta
41002,S48,1.0,4100,alta
42100,S48,1.0,4210,alta
42200,S48,1.0,4220,alta
42900,S48,1.0,4290,alta
43110,S48,1.0,4311,alta
43120,S48,1.0,4312,alta
43210,S48,1.0,4321,alta
43221,S48,1.0,4322,alta
43222,S48,1.0,4322,alta
43229,S48,1.0,4322,alta
43290,S48,1.0,4329,alta
43301,S48,1.0,4330,alta
43302,S48,1.0,4330,alta
43309,S48,1.0,4330,alta
43901,S48,1.0,4390,alta
43902,S48,1.0,4390,alta
43903,S48,1.0,4390,alta
43909,S48,1.0,4390,alta
45101,S50,1.0,4510,alta
45102,S50,1.0,4510,alta
45103,S50,1.0,4510,alta
45104,S50,1.0,4510,alta
45105,S50,1.0,4510,alta
45201,S50,1.0,4520,alta
45202,S50,1.0,4520,alta
45203,S50,1.0,4520,alta
45204,S50,1.0,4520,alta
45205,S50,1.0,4520,alta
45206,S50,1.0,4520,alta
45209,S50,1.0,4520,alta
45301,S50,1.0,4530,alta
45302,S50,1.0,4530,alta
45303,S50,1.0,4530,alta
45401,S50,1.0,4540,alta
45402,S50,1.0,4540,alta
46101,S49,1.0,4610,alta
46102,S49,1.0,4610,alta
46103,S49,1.0,4610,alta
46104,S49,1.0,4610,alta
46109,S49,1.0,4610,alta
46201,S49,1.0,4620,alta
46202,S49,1.0,4620,alta
46301,S49,1.0,4630,alta
46302,S49,1.0,4630,alta
46303,S49,1.0,4630,alta
46304,S49,1.0,4630,alta
46305,S49,1.0,4630,alta
46410,S49,1.0,4641,alta
46420,S49,1.0,4649,alta
46430,S49,1.0,4649,alta
46440,S49,1.0,4649,alta
46450,S49,1.0,4649,alta
46460,S49,1.0,4649,alta
46490,S49,1.0,4649,alta
46510,S49,1.0,4651,alta
46520,S49,1.0,4652,alta
46530,S49,1.0,4653,alta
46540,S49,1.0,4659,alta
46550,S49,1.0,4659,alta
46590,S49,1.0,4659,alta
46610,S49,1.0,4661,alta
46620,S49,1.0,4662,alta
46631,S49,1.0,4663,alta
46632,S49,1.0,4663,alta
46633,S49,1.0,4663,alta
46634,S49,1.0,4663,alta
46635,S49,1.0,4663,alta
46636,S49,1.0,4663,alta
46691,S49,1.0,4669,alta
46692,S49,1.0,4669,alta
46693,S49,1.0,4669,alta
46699,S49,1.0,4669,alta
46900,S49,1.0,4690,alta
47111,S50,1.0,4711,alta
47112,S50,1.0,4711,alta
47113,S50,1.0,4711,alta
47114,S50,1.0,4711,alta
47190,S50,1.0,4719,alta
47211,S50,1.0,4721,alta
47212,S50,1.0,4721,alta
47213,S50,1.0,4721,alta
47219,S50,1.0,4721,alta
47220,S50,1.0,4722,alta
47230,S50,1.0,4723,alta
47300,S50,1.0,4730,alta
47411,S50,1.0,4741,alta
47412,S50,1.0,4741,alta
47420,S50,1.0,4742,alta
47511,S50,1.0,4751,alta
47512,S50,1.0,4751,alta
47521,S50,1.0,4752,alta
47522,S50,1.0,4752,alta
47523,S50,1.0,4752,alta
47524,S50,1.0,4752,alta
47529,S50,1.0,4752,alta
47530,S50,1.0,4753,alta
47591,S50,1.0,4759,alta
47592,S50,1.0,4759,alta
47593,S50,1.0,4759,alta
47594,S50,1.0,4759,alta
47595,S50,1.0,4759,alta
47599,S50,1.0,4759,alta
47610,S50,1.0,4761,alta
47620,S50,1.0,4762,alta
47631,S50,1.0,4763,alta
47639,S50,1.0,4763,alta
47640,S50,1.0,4764,alta
47711,S50,1.0,4771,alta
47712,S50,1.0,4771,alta
47713,S50,1.0,4771,alta
47721,S50,1.0,4772,alta
47722,S50,1.0,4772,alta
47723,S50,1.0,4772,alta
47724,S50,1.0,4772,alta
47731,S50,1.0,4773,alta
47732,S50,1.0,4773,alta
47733,S50,1.0,4773,alta
47734,S50,1.0,4773,alta
47735,S50,1.0,4773,alta
47736,S50,1.0,4773,alta
47739,S50,1.0,4773,alta
47741,S50,1.0,4774,alta
47742,S50,1.0,4774,alta
47749,S50,1.0,4774,alta
47810,S50,1.0,4781,media
47820,S50,1.0,4782,media
47890,S50,1.0,4789,media
47910,S50,1.0,4791,media
47990,S50,1.0,4799,media
49110,S51,1.0,4911,media
49120,S51,1.0,4912,media
49210,S51,1.0,"4921,4929",media
49221,S51,1.0,"4921,4929",media
49222,S51,1.0,4921,media
49223,S51,1.0,4921,media
49229,S51,1.0,"4921,4929",media
49231,S51,1.0,4922,media
49232,S51,1.0,4922,media
49239,S51,1.0,"4922,4929",media
49300,S51,1.0,4930,alta
50110,S52,1.0,5011,alta
50120,S52,1.0,5012,alta
50210,S52,1.0,5021,alta
50220,S52,1.0,5022,alta
51100,S52,1.0,5110,alta
51200,S52,1.0,5120,alta
52100,S53,1.0,5210,alta
52210,S53,1.0,5221,alta
52220,S53,1.0,5222,alta
52230,S53,1.0,5223,alta
52240,S53,1.0,5224,alta
52291,S53,1.0,5229,alta
52292,S53,1.0,5229,alta
52293,S53,1.0,5229,alta
52299,S53,1.0,5229,alta
53100,S53,1.0,5310,alta
53200,S53,1.0,5320,alta
55101,S54,1.0,5510,alta
55102,S54,1.0,5510,alta
55109,S54,1.0,5510,alta
55200,S54,1.0,5520,alta
55901,S54,1.0,5590,alta
55909,S54,1.0,5590,alta
56101,S54,1.0,5610,alta
56102,S54,1.0,5610,alta
56103,S54,1.0,5610,alta
56109,S54,1.0,5610,alta
56210,S54,1.0,5621,alta
56290,S54,1.0,5629,alta
56300,S54,1.0,5630,alta
58110,S58,1.0,5811,media
58120,S58,1.0,5812,media
58130,S58,1.0,5813,media
58190,S58,1.0,5819,media
58200,S58,1.0,5820,media
59110,S58,1.0,"5911,5912",media
59120,S58,1.0,5913,media
59130,S58,1.0,5914,media
59200,S58,1.0,5920,media
60100,S58,1.0,6010,media
60201,S58,1.0,6020,media
60202,S58,1.0,6020,media
61000,S56,1.0,"6110,6120,6130,6190",media
62010,S57,1.0,6201,media
62020,S57,1.0,6202,media
62090,S57,1.0,6209,media
63110,S57,1.0,6311,media
63120,S57,1.0,6312,media
63910,S57,1.0,6391,media
63990,S57,1.0,6399,media
64110,S59,1.0,6411,media
64190,S59,1.0,6419,media
64200,S59,1.0,6420,media
64300,S59,1.0,6430,media
64911,S59,1.0,6492,media
64912,S59,1.0,6492,media
64913,S59,1.0,6492,media
64914,S59,1.0,6492,media
64990,S59,1.0,"6491,6499",media
65110,S59,1.0,6511,media
65120,S59,1.0,6512,media
65200,S59,1.0,6520,media
65300,S59,1.0,6530,media
66100,S59,1.0,"6611,6612,6619",media
66210,S59,1.0,6621,media
66220,S59,1.0,6622,media
66290,S59,1.0,6629,media
66300,S59,1.0,6630,media
68100,S60,1.0,6810,media
68201,S60,1.0,6820,media
68202,S60,1.0,6820,media
68203,S60,1.0,6820,media
68209,S60,1.0,6820,media
69100,S61,1.0,6910,media
69200,S61,1.0,6920,media
70100,S61,1.0,7010,alta
70201,S61,1.0,7020,alta
70209,S61,1.0,7020,alta
71101,S61,1.0,7110,alta
71102,S61,1.0,7110,alta
71103,S61,1.0,7110,alta
71109,S61,1.0,7110,alta
71200,S61,1.0,7120,alta
72100,S61,1.0,7210,alta
72200,S61,1.0,7220,alta
73100,S61,1.0,7310,alta
73200,S61,1.0,7320,alta
74100,S61,1.0,7410,alta
74200,S61,1.0,7420,alta
74901,S61,1.0,7490,alta
74902,S61,1.0,7490,alta
74903,S61,1.0,7490,alta
74904,S61,1.0,7490,alta
74909,S61,1.0,7490,alta
75000,S61,1.0,7500,alta
77100,S62,1.0,7710,alta
77210,S62,1.0,7722,alta
77290,S62,1.0,"7721,7729",media
77301,S62,1.0,7730,media
77302,S62,1.0,7730,media
77309,S62,1.0,7730,media
77400,S62,1.0,7740,media
78000,S62,1.0,"7810,7820,7830",media
79110,S55,1.0,7911,media
79120,S55,1.0,7912,media
79900,S55,1.0,7990,media
80000,S62,1.0,"8010,8020,8030",media
81100,S62,1.0,8110,alta
81210,S62,1.0,8121,alta
81290,S62,1.0,8129,alta
81300,S62,1.0,8130,alta
82110,S62,1.0,8211,alta
82190,S62,1.0,8219,alta
82200,S62,1.0,8220,alta
82300,S62,1.0,8230,alta
82910,S62,1.0,8291,alta
82920,S62,1.0,8292,alta
82990,S62,1.0,8299,alta
84110,S63,1.0,8411,alta
84120,S63,1.0,8412,alta
84130,S63,1.0,8413,alta
84210,S63,1.0,8421,alta
84220,S63,1.0,8422,alta
84230,S63,1.0,8423,alta
84300,S63,1.0,8430,alta
85101,S65,1.0,8890,alta
85102,S64,1.0,8510,alta
85210,S64,1.0,8521,alta
85220,S64,1.0,8522,alta
85300,S64,1.0,8530,alta
85410,S64,1.0,8541,alta
85420,S64,1.0,8542,alta
85490,S64,1.0,8549,alta
85500,S64,1.0,8550,alta
86100,S65,1.0,8610,media
86200,S65,1.0,8620,media
86901,S65,1.0,8690,media
86909,S65,1.0,8690,media
87000,S65,1.0,"8710,8720,8730,8790",media
88000,S65,1.0,"8810,8890",media
90000,S66,1.0,9000,alta
91010,S66,1.0,9101,alta
91020,S66,1.0,9102,alta
91030,S66,1.0,9103,alta
92000,S66,1.0,9200,alta
93110,S66,1.0,9311,alta
93120,S66,1.0,9312,alta
93190,S66,1.0,9319,alta
93210,S66,1.0,9321,alta
93290,S66,1.0,9329,alta
94110,S67,1.0,9411,alta
94120,S67,1.0,9412,alta
94200,S67,1.0,9420,alta
94910,S67,1.0,9491,alta
94920,S67,1.0,9492,alta
94991,S67,1.0,9499,alta
94999,S67,1.0,9499,alta
95110,S67,1.0,9511,alta
95120,S67,1.0,9512,alta
95210,S67,1.0,9521,alta
95220,S67,1.0,9522,alta
95230,S67,1.0,9523,alta
95240,S67,1.0,9524,alta
95291,S67,1.0,9529,alta
95292,S67,1.0,9529,alta
95293,S67,1.0,9529,alta
95299,S67,1.0,9529,alta
96011,S67,1.0,9601,alta
96012,S67,1.0,9601,alta
96019,S67,1.0,9601,alta
96020,S67,1.0,9602,media
96030,S67,1.0,9603,media
96091,S67,1.0,9609,media
96092,S67,1.0,9609,media
96093,S67,1.0,9609,media
96094,S67,1.0,9609,media
96095,S67,1.0,9609,media
96099,S67,1.0,9609,media
97000,S67,1.0,"9700,9810,9820",media
99000,,0.0,9900,sin_sector
