id,dataset,institución,URL,fecha de descarga,versión,nivel sectorial,nivel espacial,cobertura temporal,licencia,notas
baci,BACI comercio bilateral,CEPII,https://www.cepii.fr/CEPII/en/bdd_modele/bdd_modele_item.asp?id=37,,,HS6 (revisión HS92 recomendada),País (origen-destino),1995-último año de la versión (verificar),Etalab 2.0 / uso libre con cita (verificar uso comercial),Incluye valor (miles USD) y cantidad (toneladas). Tomar HS92 para serie larga. Fijar versión (V2xxxxx) en fuentes.csv al bajar. | Acceso: Descarga directa (zip por revisión HS). Estado: pendiente.
atlas,Atlas of Economic Complexity: datos de comercio y complejidad,"Growth Lab, Harvard",https://dataverse.harvard.edu/dataverse/atlas,,,HS92 4 dígitos (y SITC),País,1962-último año (SITC); 1995+ (HS),CC BY 4.0 (verificar uso comercial),"Fuente de PCI y COG. Verificar DOI y versión del dataset 'International Trade Data (HS, 92)'. | Acceso: Descarga directa (Harvard Dataverse). Estado: pendiente."
wdi,World Development Indicators,Banco Mundial,https://databank.worldbank.org/source/world-development-indicators,,,No aplica,País,"1960-actual, anual",CC BY 4.0,"Dotaciones: capital humano, crédito/PIB, electricidad, apertura, población. Lista exacta de indicadores en docs/PLAN_fase0_fase1.md. | Acceso: API (api.worldbank.org/v2). Estado: pendiente."
pwt,Penn World Table,Groningen Growth and Development Centre (Univ. Groningen),https://www.rug.nl/ggdc/productivity/pwt/,,,No aplica,País,1950-2019/2023 según versión (verificar),CC BY 4.0,"Capital humano (hc), stock de capital, PIB, TFP. Fijar versión (10.01 u otra). | Acceso: Descarga directa (Excel/Stata). Estado: pendiente."
lpi,Logistics Performance Index,Banco Mundial,https://lpi.worldbank.org/,,,No aplica,País,"2007, 2010, 2012, 2014, 2016, 2018, 2023 (bienal irregular)",CC BY 4.0 (verificar),"Proxy de logística. Series irregulares: interpolar o usar el último disponible, documentando. | Acceso: Descarga directa o indicador WDI (LP.LPI.OVRL.XQ). Estado: pendiente."
ilostat,ILOSTAT indicadores laborales,OIT,https://ilostat.ilo.org/data/,,,Ramas CIIU (según indicador),País,Variable,CC BY 4.0 (verificar),Candidato para dotación de habilidades/empleo por rama. Decisión pendiente (ver plan). | Acceso: Descarga directa (bulk .csv.gz). Estado: pendiente.
concordancias,Correspondencias HS-CPC-CIIU Rev.4,ONU (UNSD) / WITS,https://unstats.un.org/unsd/classifications/Econ,,,"HS, CPC, CIIU Rev.4",No aplica,Revisiones HS92-HS2022,Uso libre con cita,Base de la tabla puente HS->CPC->CIIU. Tablas oficiales; los pesos por valor exportado se calculan aparte. | Acceso: Descarga directa. Estado: pendiente.
intensidades,"Intensidades por sector/producto (energía, capital, habilidades)","Por decidir (BEA/NBER-CES, OCDE, EU KLEMS, UNIDO)",Por decidir,,,Por decidir (SIC/NAICS/ISIC a mapear a HS),No aplica,Por decidir,Por verificar,Hueco crítico: fuente de r_pk. Requiere decisión metodológica (ver plan). | Acceso: Por decidir. Estado: pendiente.
energia_costo,Costo/precio de energía por país,"Por decidir (IEA, GlobalPetrolPrices, BM Doing Business/B-READY)",Por decidir,,,No aplica,País,Por decidir,Por verificar,WDI no trae precio de electricidad comparable; hueco para la capa 'energía'. | Acceso: Por decidir. Estado: pendiente.
limites_admin,"Límites administrativos de Paraguay (departamentos, distritos)",DGEEC/INE o geoBoundaries,https://www.geoboundaries.org/,,,No aplica,Departamento / distrito,Vigente,CC BY 4.0 (geoBoundaries); verificar INE,Necesario para geoprocesar puntos/líneas del mapa MIC a ciudad (Fase 2). Fijar versión. | Acceso: Descarga directa. Estado: pendiente.
dnit_comercio_py,Comercio exterior de Paraguay (aduana),DNIT / BCP,Por verificar (portal Aduanas / BCP),,,NCM 8 a 6 dígitos,País (verificar si trae aduana u origen),Mensual,Por verificar,Exportaciones reales para validar; marcar reexportaciones y HS 271600. | Acceso: Portal / solicitud. Estado: pendiente.
mic_mapa,Mapa Logístico MIC (capas),MIC,Por verificar (visor del Mapa Logístico),,,Sector/subsector MIC (industrias),Punto / línea / ciudad,Foto 2026,Por verificar,"Capas 4.1-4.8: habitantes/PEA, rutas, red eléctrica, combustibles, salud, industrias, polos e IFCLs, aduanas. Hacer copia anual. | Acceso: Visor (verificar si permite descarga) / solicitud de acceso a la información. Estado: pendiente."
mic_maquila,Maquila (CNIME),MIC / CNIME,Por verificar,,,Clasificación MIC,Departamento,Mensual,Por verificar,Pedir nivel de empresa/proyecto si es posible. | Acceso: Web MIC / solicitud. Estado: pendiente.
mic_6090,Proyectos Ley 60/90,MIC / Consejo de Inversiones,Por verificar,,,Clasificación MIC,Departamento,Mensual,Por verificar,Indicador adelantado y validación. | Acceso: Web MIC / solicitud. Estado: pendiente.
mic_materia_prima,Régimen de materia prima,MIC,Por verificar,,,Clasificación MIC,Departamento,Mensual,Por verificar,Insumos usados por actividad. | Acceso: Web MIC / solicitud. Estado: pendiente.
ephc,EPHC microdatos,INE,https://www.ine.gov.py,,,8 ramas CIIU Rev.4 (verificar detalle),Departamento (sin Alto Paraguay ni Boquerón),2022-2025,Por verificar,Pedir código de rama detallado. | Acceso: Web del INE. Estado: pendiente.
bcp_cuentas_nacionales,Cuentas nacionales,BCP,https://www.bcp.gov.py,,,33 actividades CNAEP,País,1991-2025 anual,Por verificar,Valor agregado y productividad. | Acceso: Web del BCP. Estado: pendiente.
bcp_cuentas_regionales,Cuentas regionales,BCP,https://www.bcp.gov.py,,,6 actividades,Departamento,2021-2023 anual,Por verificar,Especialización y PIB per cápita. | Acceso: Web del BCP. Estado: pendiente.
bcp_credito,Crédito por actividad,BCP,https://www.bcp.gov.py,,,7-8 sectores,País,Mensual 2020-2026,Por verificar,Brecha financiera. | Acceso: Boletín estadístico. Estado: pendiente.
mip_cepal_oit,Matriz insumo-producto,CEPAL-OIT,Por verificar,,,21 actividades,País (integrada regionalmente),2024,Por verificar,Encadenamientos (Leontief). | Acceso: Propio / solicitud. Estado: pendiente.
mec_titulos,Registro de títulos,MEC,Por verificar,,,Carrera / institución,Ciudad (por institución),Mensual,Por verificar,Flujo de egresados. | Acceso: Web del MEC. Estado: pendiente.
mec_escuelas,Establecimientos escolares,MEC,Por verificar,,,No aplica,Ciudad,Foto actual,Por verificar,Oferta educativa. | Acceso: Web del MEC. Estado: pendiente.
censo_2011,Censo Económico Nacional 2011,INE,https://www.ine.gov.py,,,CIIU,Distrito,2011,Por verificar,Habilita backtest territorial. | Acceso: Web del INE / solicitud. Estado: pendiente.
simel,Datos laborales y formación (SIMEL),MTESS / IPS / INE / SNPP,Por verificar,,,Variable,País / departamento,Variable,Por verificar,Empleo formal y formación. | Acceso: Web. Estado: pendiente.
leyes,Leyes y normas,BACN / Gaceta Oficial,Por verificar,,,Codificación propia,País,Por vigencia,Texto público,Fase 3. | Acceso: Texto. Estado: pendiente.
