sector,subsector,n_industrias,n_sector_especifico
AGROINDUSTRIA Y PRODUCCION PRIMARIA,AGROINDUSTRIA GENERAL,83,33
AGROINDUSTRIA Y PRODUCCION PRIMARIA,APICULTURA Y MIEL,30,7
AGROINDUSTRIA Y PRODUCCION PRIMARIA,BALANCEADOS Y NUTRICION ANIMAL,38,13
AGROINDUSTRIA Y PRODUCCION PRIMARIA,PRODUCCION PECUARIA Y GRANJAS,12,6
AGROINDUSTRIA Y PRODUCCION PRIMARIA,"SILOS, ACOPIO Y GRANOS",41,16
AGROINDUSTRIA Y PRODUCCION PRIMARIA,TABACO Y DERIVADOS,18,6
ALIMENTOS Y BEBIDAS,ACEITES Y OLEAGINOSAS,41,17
ALIMENTOS Y BEBIDAS,ALIMENTOS PROCESADOS,60,36
ALIMENTOS Y BEBIDAS,"AZUCAR, ALCOHOL Y CANA",42,16
ALIMENTOS Y BEBIDAS,BEBIDAS Y AGUA,22,6
ALIMENTOS Y BEBIDAS,EMBUTIDOS Y FIAMBRES,30,3
ALIMENTOS Y BEBIDAS,"ESENCIAS, AROMAS Y EXTRACTOS",230,8
ALIMENTOS Y BEBIDAS,FRIGORIFICOS Y CARNICOS,86,11
ALIMENTOS Y BEBIDAS,HELADOS,29,13
ALIMENTOS Y BEBIDAS,HIELO Y AGUA,91,8
ALIMENTOS Y BEBIDAS,LACTEOS,57,20
ALIMENTOS Y BEBIDAS,"MOLINERIA, HARINAS Y ALMIDONES",140,33
ALIMENTOS Y BEBIDAS,PANIFICADOS Y CONFITERIA,1671,58
ALIMENTOS Y BEBIDAS,PASTAS Y FIDEOS,27,5
ALIMENTOS Y BEBIDAS,YERBA MATE Y HIERBAS,85,18
"ARTESANIA, JOYERIA Y OTROS",ARTESANIA Y MANUALIDADES,44,27
BALANCEADOS Y NUTRICION ANIMAL,FABRICA DE BALANCEADOS DE LA COOPERATIVA,1,1
"ELECTRICIDAD, ELECTRONICA Y REFRIGERACION",ELECTRICIDAD Y ELECTRONICA,30,26
"ELECTRICIDAD, ELECTRONICA Y REFRIGERACION",REFRIGERACION Y CLIMATIZACION,5,5
"ENERGIA, COMBUSTIBLES Y DERIVADOS","CARBON, LENA Y COMBUSTIBLES SOLIDOS",110,10
"ENERGIA, COMBUSTIBLES Y DERIVADOS",COMBUSTIBLES Y LUBRICANTES,23,19
MADERA Y MUEBLES,ASERRADEROS Y MADERA ASERRADA,408,3
MADERA Y MUEBLES,"CAJAS, ENVASES Y EMBALAJES DE MADERA",2,2
MADERA Y MUEBLES,CARPINTERIA Y EBANISTERIA,3256,32
MADERA Y MUEBLES,MUEBLES Y MOBILIARIO,275,45
MADERA Y MUEBLES,PRODUCTOS DE MADERA,35,24
"MAQUINARIA, EQUIPOS Y REPUESTOS",BASCULAS Y BALANZAS,9,3
"MAQUINARIA, EQUIPOS Y REPUESTOS","MAQUINARIA, EQUIPOS Y REPUESTOS",48,34
METALMECANICA Y ESTRUCTURAS,ALUMINIO Y ABERTURAS,27,16
METALMECANICA Y ESTRUCTURAS,ASTILLEROS Y EMBARCACIONES,13,1
METALMECANICA Y ESTRUCTURAS,HERRERIA Y ESTRUCTURAS METALICAS,2250,87
METALMECANICA Y ESTRUCTURAS,HOJALATERIA Y CHAPERIA,91,11
METALMECANICA Y ESTRUCTURAS,METALURGIA Y FUNDICION,10,4
METALMECANICA Y ESTRUCTURAS,METALURGIA Y METALMECANICA,952,37
METALMECANICA Y ESTRUCTURAS,PRODUCTOS METALICOS,48,23
METALMECANICA Y ESTRUCTURAS,TORNERIA Y MECANIZADO,372,20
MINERALES NO METALICOS Y MATERIALES,"BALDOSAS, MARMOL Y REVESTIMIENTOS",46,27
MINERALES NO METALICOS Y MATERIALES,CAL Y DERIVADOS,96,13
MINERALES NO METALICOS Y MATERIALES,CANTERAS Y ARIDOS,135,27
MINERALES NO METALICOS Y MATERIALES,"CEMENTO, YESO Y AFINES",52,22
MINERALES NO METALICOS Y MATERIALES,"CERAMICA, LADRILLOS Y OLERIA",2944,21
MINERALES NO METALICOS Y MATERIALES,MATERIALES DE CONSTRUCCION,42,17
MINERALES NO METALICOS Y MATERIALES,PREFABRICADOS Y HORMIGON,95,52
MINERALES NO METALICOS Y MATERIALES,VIDRIO Y VIDRIERIA,326,22
MUEBLES Y MOBILIARIO,FABRICA Y VENTA DE MOBILIARIO DE METAL Y CARPINTERIA,1,1
OTRAS INDUSTRIAS Y MULTIACTIVIDAD,INDUSTRIA GENERAL Y MULTIACTIVIDAD,433,242
OTRAS INDUSTRIAS Y MULTIACTIVIDAD,OTROS INDUSTRIALES,199,123
"PAPEL, CARTON E IMPRESION","GRAFICA, IMPRENTA Y SENALETICA",73,38
"PAPEL, CARTON E IMPRESION","PAPEL, CARTON Y EMBALAJES",79,39
"PLASTICOS, CAUCHO Y ENVASES",BOLSAS Y ENVASES PLASTICOS,1,1
"PLASTICOS, CAUCHO Y ENVASES",CAUCHO Y GOMA,16,6
"PLASTICOS, CAUCHO Y ENVASES",PLASTICOS Y ENVASES,137,35
"QUIMICOS, LIMPIEZA Y COSMETICA",AGROQUIMICOS Y FERTILIZANTES,14,6
"QUIMICOS, LIMPIEZA Y COSMETICA",COSMETICA Y PERFUMERIA,12,8
"QUIMICOS, LIMPIEZA Y COSMETICA",PINTURAS Y RECUBRIMIENTOS,19,4
"QUIMICOS, LIMPIEZA Y COSMETICA",PRODUCTOS DE LIMPIEZA,65,19
"QUIMICOS, LIMPIEZA Y COSMETICA","QUIMICOS, FARMACIA Y LABORATORIO",76,43
RECICLAJE Y GESTION DE RESIDUOS,RECICLAJE DE PAPEL Y CARTON,5,5
RECICLAJE Y GESTION DE RESIDUOS,RECICLAJE DE PLASTICOS,14,5
RECICLAJE Y GESTION DE RESIDUOS,RECICLAJE GENERAL,278,10
RECICLAJE Y GESTION DE RESIDUOS,RECICLAJE METALICO,4,3
SERVICIOS INDUSTRIALES Y MANTENIMIENTO,SERVICIOS INDUSTRIALES Y MANTENIMIENTO,44,16
"TEXTIL, CONFECCION Y CUERO",CALZADOS,54,8
"TEXTIL, CONFECCION Y CUERO","COLCHONES, TAPICERIA Y HOGAR",45,7
"TEXTIL, CONFECCION Y CUERO",CONFECCION E INDUMENTARIA,739,113
"TEXTIL, CONFECCION Y CUERO",CUERO Y MARROQUINERIA,91,13
"TEXTIL, CONFECCION Y CUERO",TEXTILES Y TEJIDOS,102,34
TEXTILES Y TEJIDOS,FABRICA DE HAMACAS Y COLCHAS DE LA COOPERATIVA,1,1
